#{"t_start": 1780751807.5164056, "env_id": "roundabout-v0"}
r,l,t
3.25,5,292.975288
26.458333,33,294.53778
26.541667,33,296.209777
19.0,22,297.029081
15.0,18,297.772334
25.916667,33,590.6249
11.416667,15,591.216049
25.916667,33,592.479469
10.583333,14,593.074857
26.291667,33,594.341882
26.125,33,875.715383
2.333333,4,876.051745
26.125,33,878.298836
26.166667,33,880.416863
26.125,33,882.48814
2.333333,4,1139.732332
26.125,33,1141.296497
3.125,5,1141.613163
26.125,33,1143.180512
2.333333,4,1143.373342
25.291667,33,1436.887326
25.291667,33,1438.959647
9.583333,12,1439.841636
25.291667,33,1442.043331
2.583333,4,1442.382884
26.125,33,1742.119678
2.333333,4,1742.414093
14.208333,19,1743.714075
26.125,33,1745.787976
26.125,33,1747.616416
5.416667,7,1985.582924
25.541667,33,1986.735463
25.541667,33,1988.280567
25.541667,33,1990.208305
25.541667,33,1991.756971
25.541667,33,2220.195461
25.541667,33,2221.804773
25.541667,33,2223.477267
5.458333,7,2223.78622
9.833333,12,2224.293517
25.541667,33,2468.242567
25.541667,33,2469.204646
25.541667,33,2470.179593
25.541667,33,2471.199142
25.541667,33,2472.176225
25.541667,33,2613.32743
5.458333,7,2613.504668
8.958333,11,2613.780793
25.541667,33,2614.527211
25.541667,33,2615.298773
23.791667,33,2738.028013
5.458333,7,2738.212687
25.541667,33,2739.031085
25.541667,33,2739.783974
10.083333,12,2740.081313
28.041667,33,2865.597667
28.166667,33,2866.394852
28.166667,33,2867.177336
5.458333,7,2867.353412
2.833333,4,2867.461075
28.166667,33,2990.74038
28.166667,33,2991.509701
28.125,33,2992.270992
28.166667,33,2992.997343
28.166667,33,2993.768642
5.416667,7,3118.178979
5.458333,7,3118.362766
8.958333,11,3118.682081
8.958333,11,3118.958905
8.958333,11,3119.239577
5.458333,7,3232.710789
5.416667,7,3232.883564
28.208333,33,3233.629886
28.125,33,3234.39679
5.416667,7,3234.573505
9.541667,11,3365.053501
27.333333,33,3365.995919
27.833333,33,3366.858761
26.125,33,3367.811686
27.208333,33,3368.67331
5.833333,7,3517.181718
27.333333,33,3518.013377
5.791667,7,3518.207605
27.916667,33,3519.031685
5.833333,7,3519.230597
27.166667,33,3653.72605
9.625,11,3654.060604
9.625,11,3654.373234
9.625,11,3654.691695
5.791667,7,3654.897002
26.541667,33,3854.685981
27.125,33,3855.983435
27.25,33,3857.366649
5.833333,7,3857.652326
26.5,33,3858.948068
27.25,33,4068.887772
27.166667,33,4069.827928
5.791667,7,4070.050409
27.25,33,4070.98695
26.541667,33,4071.869983
27.166667,33,4273.42619
27.25,33,4274.489252
27.25,33,4275.515349
27.25,33,4276.577088
27.291667,33,4277.562618
27.291667,33,4441.86411
27.25,33,4442.905408
27.875,33,4443.876495
5.75,7,4444.08845
5.75,7,4444.322108
5.583333,7,4609.298096
27.833333,33,4610.298856
5.75,7,4610.534976
9.583333,11,4610.916788
27.083333,33,4611.899584
27.833333,33,4773.629906
27.875,33,4774.568815
27.833333,33,4775.497772
27.833333,33,4776.473734
5.75,7,4776.713025
27.875,33,4953.747548
27.875,33,4954.716607
27.125,33,4955.722611
27.25,33,4956.719181
27.125,33,4957.777015
27.791667,33,5131.620173
5.791667,7,5131.833209
27.291667,33,5132.700155
27.25,33,5133.547877
27.291667,33,5134.512522
27.833333,33,5320.477244
27.333333,33,5321.576945
27.375,33,5322.644825
27.291667,33,5323.708152
27.875,33,5324.761137
9.458333,11,5558.190522
27.833333,33,5559.511649
10.291667,12,5560.028496
5.75,7,5560.282422
27.833333,33,5561.891768
5.75,7,5764.52361
27.875,33,5766.289153
27.875,33,5768.006065
9.458333,11,5768.529753
27.791667,33,5769.948091
27.875,33,5963.287753
5.75,7,5963.503708
2.791667,4,5963.635884
27.916667,33,5964.459987
27.958333,33,5965.290172
27.916667,33,6115.94495
5.791667,7,6116.241418
27.875,33,6117.711863
5.75,7,6117.977759
27.916667,33,6118.868105
5.791667,7,6266.667322
9.291667,11,6266.979707
27.875,33,6267.836228
27.875,33,6268.704337
5.75,7,6268.910109
27.958333,33,6410.626001
27.916667,33,6411.511622
9.25,11,6411.822596
5.75,7,6412.021975
27.875,33,6412.866225
27.916667,33,6558.262724
5.75,7,6558.466701
27.916667,33,6559.330985
27.875,33,6560.146824
27.583333,33,6560.979756
27.916667,33,6682.999048
27.875,33,6683.750454
27.875,33,6684.506517
27.875,33,6685.267872
5.791667,7,6685.452164
5.75,7,6796.405437
27.875,33,6797.038019
27.916667,33,6797.693477
27.708333,33,6798.356402
5.75,7,6798.508938
5.75,7,6903.727175
26.5,33,6904.393284
27.333333,33,6905.010365
27.25,33,6905.658982
9.583333,11,6905.893738
27.875,33,7023.609456
27.666667,33,7024.400834
27.916667,33,7025.210396
5.791667,7,7025.448329
27.875,33,7026.263104
27.375,33,7136.78058
26.75,33,7137.442586
5.791667,7,7137.613837
5.791667,7,7137.766277
27.916667,33,7138.429277
2.791667,4,7243.797838
27.375,33,7244.443955
27.333333,33,7245.070096
5.75,7,7245.22463
27.916667,33,7245.863537
27.375,33,7351.334966
5.75,7,7351.485099
27.625,33,7352.10107
27.916667,33,7352.763614
27.291667,33,7353.44985
26.708333,33,7457.539435
27.458333,33,7458.169626
27.375,33,7458.807527
5.75,7,7458.967798
26.708333,33,7459.619445
27.875,33,7564.338314
27.875,33,7564.988111
26.708333,33,7565.639561
27.416667,33,7566.287892
27.333333,33,7566.921213
9.666667,11,7672.15875
9.75,11,7672.388259
27.291667,33,7673.00946
27.958333,33,7673.676161
27.333333,33,7674.340652
27.916667,33,7778.886009
27.375,33,7779.511667
27.416667,33,7780.144002
5.833333,7,7780.325353
9.708333,11,7780.562065
9.583333,11,7885.7804
27.791667,33,7886.41358
9.625,11,7886.663978
2.75,4,7886.747319
5.75,7,7886.913691
27.333333,33,7989.467339
27.916667,33,7990.10026
27.25,33,7990.749982
27.291667,33,7991.38516
27.375,33,7991.983172
5.75,7,8097.1494
27.208333,33,8097.788084
27.833333,33,8098.405596
27.875,33,8099.069195
26.25,33,8099.753412
9.583333,11,8202.791448
26.5,33,8203.43913
27.875,33,8204.088551
26.541667,33,8204.723876
27.333333,33,8205.371832
26.625,33,8310.224103
27.833333,33,8310.857935
27.291667,33,8311.660987
27.125,33,8312.45769
27.833333,33,8313.224311
27.291667,33,8417.510661
27.833333,33,8418.127371
27.291667,33,8418.777022
27.375,33,8419.426598
26.208333,33,8420.076383
5.708333,7,8523.197577
27.125,33,8523.880008
27.291667,33,8524.513172
5.75,7,8524.679838
27.291667,33,8525.31298
25.541667,33,8628.949453
26.541667,33,8629.570926
27.291667,33,8630.232789
27.333333,33,8630.868297
27.166667,33,8631.485308
27.291667,33,8733.952364
5.75,7,8734.118968
5.791667,7,8734.252189
27.333333,33,8734.90217
26.583333,33,8735.568697
5.75,7,8840.521676
27.125,33,8841.188179
27.291667,33,8841.821393
26.583333,33,8842.473865
26.541667,33,8843.090177
5.75,7,8946.010556
27.25,33,8946.657656
5.75,7,8946.823731
27.833333,33,8947.441089
5.75,7,8947.593307
27.875,33,9050.760505
27.166667,33,9051.343679
26.541667,33,9051.943528
27.458333,33,9052.547794
27.666667,33,9053.160051
28.333333,33,9151.030622
27.041667,33,9151.619303
27.125,33,9152.213971
5.75,7,9152.380469
27.833333,33,9153.030872
5.75,7,9252.622346
27.916667,33,9253.233852
27.291667,33,9253.820398
5.625,7,9253.967036
27.25,33,9254.570315
27.166667,33,9354.270641
9.583333,11,9354.487144
27.833333,33,9355.107282
26.625,33,9355.703705
27.833333,33,9356.340356
11.5,13,9455.342893
5.791667,7,9455.507174
28.375,33,9456.125882
27.291667,33,9456.723706
27.125,33,9457.32364
27.583333,33,9557.493988
27.833333,33,9558.097043
5.75,7,9558.242418
5.791667,7,9558.384389
27.291667,33,9558.963598
27.375,33,9655.982557
26.166667,33,9656.597435
5.5,7,9656.764098
27.333333,33,9657.351766
27.25,33,9657.947356
5.5,7,9756.863927
9.583333,11,9757.089232
9.958333,13,9757.353944
28.375,33,9757.984132
5.75,7,9758.144607
27.208333,33,9857.191039
27.875,33,9857.830411
27.208333,33,9858.437578
5.791667,7,9858.588204
27.333333,33,9859.224215
9.583333,11,9959.824162
27.333333,33,9960.410895
27.791667,33,9961.024708
11.5,14,9961.295724
26.625,33,9961.873958
27.125,33,10059.327785
27.375,33,10059.96113
27.625,33,10060.58973
5.291667,7,10060.744356
5.75,7,10060.879445
27.333333,33,10160.597829
27.291667,33,10161.229901
27.333333,33,10161.881114
27.583333,33,10162.534185
5.75,7,10162.686237
27.375,33,10262.584751
27.375,33,10263.189763
27.375,33,10263.79948
27.333333,33,10264.417474
27.375,33,10265.020818
27.375,33,10365.590887
5.75,7,10365.739345
27.625,33,10366.424159
5.75,7,10366.574263
27.291667,33,10367.174288
27.875,33,10468.024025
9.583333,11,10468.240672
9.625,11,10468.457408
5.75,7,10468.607304
2.75,4,10468.692478
26.583333,33,10567.36104
27.25,33,10567.960907
27.25,33,10568.59417
27.291667,33,10569.194239
27.25,33,10569.810688
26.583333,33,10669.867976
27.875,33,10670.480802
27.291667,33,10671.080759
27.333333,33,10671.714044
27.25,33,10672.313778
5.791667,7,10770.700923
5.75,7,10770.848329
26.541667,33,10771.457716
27.25,33,10772.059686
14.333333,18,10772.400717
5.75,7,10871.457927
27.333333,33,10872.087604
27.291667,33,10872.641743
27.125,33,10873.241445
10.5,12,10873.490711
27.25,33,10970.974227
27.25,33,10971.590805
27.25,33,10972.203926
9.541667,11,10972.411071
9.583333,11,10972.627687
27.25,33,11071.314824
5.791667,7,11071.465097
27.291667,33,11072.094633
26.166667,33,11072.727883
27.25,33,11073.350149
27.166667,33,11172.914775
9.625,11,11173.131315
5.791667,7,11173.264652
27.25,33,11173.881221
27.25,33,11174.498416
27.083333,33,11272.086964
27.291667,33,11272.698633
27.25,33,11273.288116
27.25,33,11273.890005
27.125,33,11274.484643
5.75,7,11373.758893
26.583333,33,11374.358302
27.291667,33,11374.941567
5.75,7,11375.091683
5.791667,7,11375.237714
26.541667,33,11475.345
9.625,11,11475.558215
27.291667,33,11476.194803
27.125,33,11476.808098
27.291667,33,11477.408008
26.416667,33,11576.610227
5.75,7,11576.750137
5.75,7,11576.895015
27.833333,33,11577.544839
27.333333,33,11578.181796
9.666667,11,11676.198483
27.25,33,11676.785133
27.833333,33,11677.400124
26.708333,33,11678.001698
27.333333,33,11678.601661
27.916667,33,11779.785004
27.375,33,11780.388365
26.75,33,11781.051
26.75,33,11781.734782
5.75,7,11781.888625
27.291667,33,11880.105002
2.833333,4,11880.190316
27.958333,33,11880.788195
27.375,33,11881.538253
27.416667,33,11882.271495
27.916667,33,11980.758466
2.75,4,11980.845257
2.791667,4,11980.9418
5.791667,7,11981.079118
9.625,11,11981.295154
26.583333,33,12081.345311
27.791667,33,12081.94561
5.791667,7,12082.080448
5.75,7,12082.245081
27.25,33,12082.911993
27.375,33,12182.265964
5.75,7,12182.415414
26.708333,33,12183.033598
27.375,33,12183.63333
5.75,7,12183.784381
27.333333,33,12283.485353
26.666667,33,12284.102351
27.375,33,12284.736727
27.333333,33,12285.323536
26.708333,33,12285.918361
27.208333,33,12384.275346
5.791667,7,12384.421582
5.708333,7,12384.558846
27.333333,33,12385.138575
27.375,33,12385.795429
9.666667,11,12485.058762
27.291667,33,12485.660882
26.708333,33,12486.275306
27.833333,33,12486.875301
27.25,33,12487.475265
26.333333,33,12584.811232
27.791667,33,12585.396111
27.875,33,12586.012069
26.666667,33,12586.612161
5.708333,7,12586.762088
26.583333,33,12988.62637
27.25,33,12989.260355
10.625,12,12989.496001
27.25,33,12990.091292
27.208333,33,12990.675729
27.75,33,13087.329881
9.666667,11,13087.529741
9.583333,11,13087.74665
27.291667,33,13088.329925
5.666667,7,13088.475044
9.666667,11,13184.085346
27.125,33,13184.699053
27.291667,33,13185.28006
27.208333,33,13185.916807
27.083333,33,13186.498421
26.583333,33,13284.620575
27.25,33,13285.185858
27.25,33,13285.755015
9.625,11,13285.970438
27.291667,33,13286.566797
27.333333,33,13383.107464
27.833333,33,13383.720789
27.166667,33,13384.357429
27.166667,33,13384.943157
26.5,33,13385.503735
27.75,33,13484.257588
26.583333,33,13484.841277
27.083333,33,13485.42738
27.791667,33,13485.99187
26.583333,33,13486.610607
5.791667,7,13582.115903
27.291667,33,13582.711191
27.291667,33,13583.297909
2.75,4,13583.381443
27.333333,33,13583.962983
26.583333,33,13681.15147
9.583333,11,13681.348481
9.583333,11,13681.565036
27.333333,33,13682.18153
26.583333,33,13682.785051
4
26.458333,33,687.933607
9.958333,13,688.82426
25.916667,33,690.421674
2.5,4,690.718805
26.958333,33,692.785381
27.791667,33,694.773871
27.0,33,696.738806
25.0,33,698.843709
5.583333,7,699.343479
13.125,16,700.273768
27.5,33,702.238758
5.083333,7,702.506518
26.625,33,704.713623
2.583333,4,705.038942
3.416667,5,705.448959
9.833333,13,706.339648
5.083333,7,706.867856
27.416667,33,708.778651
27.625,33,710.801374
26.0,33,712.624987
25.958333,33,714.034737
2.416667,4,714.270864
10.916667,15,715.048629
25.541667,33,716.71364
26.958333,33,718.461743
26.333333,33,720.140824
25.666667,33,721.873547
26.666667,33,723.463686
27.416667,33,725.705048
3.166667,5,726.188761
26.375,33,728.31398
25.708333,33,733.521821
26.791667,33,735.705603
26.666667,33,737.53988
28.083333,33,739.6617
25.625,33,741.350502
25.166667,33,742.868544
10.0,12,743.513389
16.916667,21,744.610854
25.958333,33,746.400451
27.666667,33,748.103625
18.0,22,749.21641
27.708333,33,750.762571
25.666667,33,752.331598
10.625,13,753.038652
10.208333,13,753.88463
2.583333,4,754.173919
24.458333,33,755.942678
15.708333,20,756.98297
24.791667,33,758.603795
10.0,14,759.386774
7.666667,10,760.008601
2.583333,4,760.202156
3.291667,5,760.350357
2.416667,4,760.470667
25.958333,33,762.192728
27.791667,33,763.8587
9.125,12,764.513253
9.75,12,765.113646
27.541667,33,766.563231
26.166667,33,768.173504
17.958333,23,769.393571
25.625,33,771.287181
4.958333,7,771.790059
3.166667,5,772.128253
6.083333,8,772.636703
26.208333,33,774.323363
27.125,33,776.219901
26.75,33,778.080291
24.458333,33,779.928232
25.875,33,781.660917
16.375,20,782.730206
23.708333,33,784.649386
7.333333,10,785.261012
17.125,21,786.480231
27.666667,33,788.198784
24.916667,33,789.814513
26.583333,33,791.560246
26.625,33,793.568312
16.708333,19,794.270006
26.083333,33,796.02211
9.958333,13,796.698265
8.125,11,797.22856
5.166667,7,797.668549
25.458333,33,799.408618
25.75,33,800.984103
10.208333,12,801.739658
26.458333,33,803.711428
3.166667,5,804.013122
3.166667,5,804.348475
27.666667,33,805.88817
27.125,33,807.438553
19.666667,24,808.641314
20.25,25,810.168305
23.791667,30,811.645564
26.375,33,813.259386
9.166667,11,813.798172
5.166667,7,814.195266
26.833333,33,815.851576
27.791667,33,817.482366
2.625,4,817.730257
9.625,13,818.433026
4.916667,7,818.858367
25.708333,33,820.430539
25.083333,33,822.112286
2.375,4,822.348433
2.5,4,822.644742
11.25,14,823.522583
26.208333,33,825.021284
27.416667,33,826.636871
26.083333,33,828.132957
2.375,4,828.382634
23.583333,33,829.716233
26.541667,33,831.190115
8.375,10,831.694323
8.416667,10,832.228098
14.208333,18,833.170053
26.125,33,834.779717
26.458333,33,836.410258
24.0,33,837.920614
26.166667,33,839.68618
25.875,33,844.532442
25.916667,33,846.073859
24.708333,33,847.674007
5.041667,7,847.941414
9.125,11,848.512525
28.0,33,849.738066
27.166667,33,851.53021
27.291667,33,853.581527
24.541667,33,855.749887
24.875,33,857.602906
26.416667,33,858.488233
17.75,22,859.037941
10.083333,13,859.408067
25.75,33,860.182736
26.875,33,860.988272
8.958333,11,861.2791
25.625,33,862.058277
5.875,8,862.294375
11.083333,14,862.685221
25.041667,33,864.299431
25.0,33,866.079114
5.583333,7,866.514427
3.708333,5,866.868367
27.083333,33,868.676377
7.708333,10,869.218037
24.75,33,871.357518
25.125,33,873.278165
26.625,33,884.203142
25.666667,33,886.028149
25.625,33,887.548057
23.583333,33,889.002291
25.875,33,890.772648
24.75,33,892.292085
26.25,33,893.774382
27.125,33,895.387819
26.375,33,897.028087
26.833333,33,898.698041
10.083333,13,899.402584
27.291667,33,901.313926
5.041667,7,901.81793
3.5,5,902.168113
25.416667,33,903.802824
3.166667,5,904.067787
26.791667,33,905.63809
27.25,33,907.273636
25.958333,33,909.088014
26.708333,33,911.252666
26.875,33,913.202818
27.125,33,914.865854
26.791667,33,916.567736
6.083333,8,916.980161
26.208333,33,918.533143
9.583333,12,919.296085
11.875,15,920.125145
8.041667,10,920.778055
25.375,33,922.490732
26.458333,33,924.292549
26.0,33,926.132162
15.083333,20,927.186401
26.041667,33,929.023809
26.208333,33,930.842449
27.125,33,932.72553
15.083333,19,933.650777
3.166667,5,933.923487
9.416667,12,934.701058
24.583333,33,936.347695
24.083333,33,937.974858
25.208333,33,939.722423
2.375,4,939.944589
26.375,33,941.515627
2.333333,4,941.748767
26.375,33,943.297919
27.333333,33,945.297126
5.291667,7,945.709835
8.625,10,946.259909
7.75,10,946.803455
5.5,7,947.108777
10.208333,12,947.82058
24.375,33,949.16604
9.666667,12,949.975901
5.5,7,950.487968
5.416667,7,950.932541
24.666667,33,952.831744
25.041667,33,954.338857
25.25,33,958.980437
25.625,33,960.520543
27.25,33,962.278838
27.416667,33,963.978013
25.875,33,965.704887
9.666667,13,966.387617
26.708333,33,968.100724
26.541667,33,970.129663
27.25,33,971.987619
27.416667,33,974.077717
5.5,7,974.576124
26.041667,33,976.542023
9.583333,13,977.259262
24.625,33,979.060168
26.833333,33,981.119646
26.041667,33,983.191958
27.0,33,984.95682
24.375,33,986.708003
25.916667,33,988.719955
25.333333,33,990.571562
9.75,12,991.20815
9.916667,12,991.799673
3.125,5,992.109963
14.041667,18,993.058821
12.375,15,993.852295
26.541667,33,995.535502
25.5,33,997.192028
25.708333,33,999.003131
27.416667,33,1000.672947
10.208333,12,1001.307611
25.958333,33,1002.932722
10.541667,14,1003.691911
24.916667,33,1005.341976
17.333333,22,1006.501727
9.208333,11,1007.09254
5.25,7,1007.449425
24.958333,33,1009.28026
2.75,4,1009.594637
9.875,12,1010.212938
9.5,12,1010.818527
2.375,4,1011.033229
24.5,33,1012.439855
27.166667,33,1014.062629
2.375,4,1014.300825
11.208333,14,1015.107576
5.125,7,1015.549362
26.333333,33,1017.447934
7.125,9,1017.965307
27.708333,33,1019.541957
5.375,7,1019.93773
25.375,33,1021.647712
25.625,33,1023.462561
27.208333,33,1025.149976
10.333333,13,1025.978757
2.666667,4,1026.248324
26.166667,33,1028.24774
24.5,33,1030.115229
3.25,5,1030.399268
13.916667,18,1031.287445
24.083333,33,1032.904333
27.25,33,1034.702652
24.75,33,1036.871908
9.708333,12,1037.317628
6.5,8,1037.569751
13.375,16,1037.973532
27.208333,33,1038.77901
26.958333,33,1039.582737
10.666667,14,1039.947578
2.416667,4,1040.069246
6.708333,9,1040.324044
2.333333,4,1040.440542
9.25,12,1040.762707
9.458333,12,1041.091735
14.208333,17,1041.551939
2.375,4,1041.671287
3.208333,5,1041.816756
3.416667,5,1041.955716
27.458333,33,1042.751813
9.916667,13,1043.087386
26.375,33,1043.890909
8.625,10,1044.152496
27.791667,33,1044.960693
27.5,33,1045.764185
25.375,33,1046.557511
3.5,5,1046.692498
26.458333,33,1047.47425
10.458333,14,1047.827268
12.0,16,1048.227499
5.125,7,1048.423883
27.583333,33,1049.213342
27.0,33,1050.012002
26.625,33,1050.89313
5.5,8,1051.131184
26.166667,33,1052.026239
9.833333,13,1052.387322
27.125,33,1055.707303
24.0,33,1057.626465
12.666667,17,1058.527642
27.625,33,1059.815577
27.708333,33,1061.293692
25.541667,33,1062.844412
10.5,13,1063.467764
11.666667,16,1064.214417
25.875,33,1066.135581
26.083333,33,1068.124076
10.541667,14,1068.922487
25.208333,33,1070.577689
5.166667,7,1071.05791
27.5,33,1073.089746
3.166667,5,1073.468909
25.458333,33,1075.302115
26.25,33,1077.077463
26.916667,33,1078.234331
26.25,33,1080.025664
27.625,33,1081.444055
26.875,33,1082.447229
9.5,12,1082.923142
16.833333,20,1083.829633
25.875,33,1085.879374
27.166667,33,1087.822671
27.958333,33,1089.87169
28.0,33,1091.959723
27.083333,33,1093.978711
25.25,33,1095.681979
27.666667,33,1097.527633
21.541667,27,1098.967155
25.458333,33,1100.37462
25.5,33,1102.397272
12.875,16,1103.45944
10.208333,13,1104.332458
9.833333,13,1105.171444
10.5,13,1105.992929
14.583333,18,1107.182535
9.875,13,1108.009099
26.375,33,1110.177411
24.208333,33,1112.157345
17.291667,22,1113.612046
3.25,5,1113.972252
25.541667,33,1116.020401
26.708333,33,1118.023583
3.208333,5,1118.378328
27.458333,33,1120.444272
26.208333,33,1122.449378
27.416667,33,1123.687267
3.125,5,1124.016954
5.083333,7,1124.301859
10.958333,14,1125.154293
26.416667,33,1126.622489
25.083333,33,1128.33252
4.458333,7,1128.625419
16.333333,21,1129.837413
27.083333,33,1131.775708
11.666667,15,1132.567044
3.125,5,1132.867041
27.666667,33,1134.466192
3.208333,5,1134.822175
27.541667,33,1136.701219
25.083333,33,1138.399519
27.375,33,1143.977025
10.75,14,1144.902546
20.333333,26,1146.508143
26.916667,33,1148.607399
7.75,11,1149.361845
26.75,33,1151.533041
26.958333,33,1153.371762
27.208333,33,1155.112274
27.541667,33,1156.907206
23.916667,33,1158.738361
5.375,7,1159.107169
27.333333,33,1161.009239
24.375,33,1162.337446
27.166667,33,1164.092275
27.416667,33,1165.622846
25.833333,33,1167.212301
25.458333,31,1168.837205
9.875,12,1169.742209
13.041667,17,1173.577327
2.333333,4,1173.862831
9.083333,12,1174.505283
27.125,33,1176.254368
26.791667,33,1178.362355
27.25,33,1180.52776
27.166667,33,1182.636856
13.166667,16,1183.792721
26.291667,33,1186.00302
5.208333,7,1186.527962
25.0,33,1188.713964
7.75,10,1189.279696
26.416667,33,1191.197022
9.916667,13,1191.709285
28.083333,33,1193.463879
5.125,7,1193.854279
27.458333,33,1195.786805
25.291667,33,1197.701762
27.125,33,1199.728865
10.041667,13,1200.360124
13.125,16,1201.324283
27.958333,33,1203.158091
26.166667,33,1205.232181
3.208333,5,1205.564785
24.541667,33,1207.627316
27.25,33,1209.400868
25.25,33,1211.504848
5.958333,8,1212.0317
26.25,33,1214.078201
27.416667,33,1216.023107
27.583333,33,1217.714898
8.625,11,1218.318735
12.291667,16,1219.081258
25.125,33,1220.64724
24.833333,33,1222.089854
27.583333,33,1223.782339
7.291667,10,1224.361646
27.125,33,1226.241232
5.208333,7,1226.610863
26.333333,33,1228.807865
4.5,6,1229.242403
25.5,33,1231.168423
10.75,14,1232.131142
5.291667,7,1232.510255
10.041667,13,1233.429193
26.791667,33,1235.608877
5.291667,7,1236.056822
25.875,33,1238.173689
26.708333,33,1240.15691
9.166667,12,1240.988927
26.333333,33,1243.066657
24.625,33,1245.089517
26.833333,33,1246.756763
27.833333,33,1248.45825
2.416667,4,1248.671221
26.416667,33,1250.411431
26.208333,33,1251.85669
2.5,4,1252.028031
26.458333,33,1253.410223
24.291667,33,1255.374091
3.166667,5,1255.611638
25.375,33,1257.156961
26.333333,33,1258.608246
26.541667,33,1260.192719
27.375,33,1261.960767
24.958333,33,1263.418664
27.166667,33,1264.940996
2.666667,4,1265.150394
26.125,33,1266.682127
25.541667,33,1268.253253
27.541667,33,1269.873866
2.333333,4,1270.113359
3.291667,5,1270.386772
26.375,33,1271.833211
10.25,12,1272.588109
5.833333,8,1273.071533
24.708333,33,1274.845319
25.875,33,1276.972095
26.0,33,1279.164766
23.541667,33,1281.201828
25.625,33,1282.822809
10.833333,14,1283.617845
27.375,33,1285.429739
10.083333,13,1286.136729
3.166667,5,1286.470731
3.208333,5,1286.77678
6.458333,9,1287.379898
7.666667,10,1288.008181
10.791667,14,1292.037898
26.458333,33,1294.148257
25.75,33,1295.652321
10.041667,12,1296.22012
25.916667,33,1297.929708
8.041667,10,1298.601347
14.416667,18,1299.544587
16.791667,21,1300.713812
26.0,33,1302.531832
2.541667,5,1302.918757
12.875,16,1303.837687
9.208333,11,1304.277902
10.166667,13,1305.016443
9.541667,12,1305.805584
27.75,33,1307.80298
26.166667,33,1309.834935
24.708333,33,1311.568898
25.625,33,1312.66646
9.75,13,1313.367887
9.041667,11,1314.109911
26.208333,33,1315.768847
5.416667,7,1316.178376
26.083333,33,1317.867491
25.208333,33,1319.553107
27.041667,33,1321.142407
2.541667,4,1321.355266
15.5,19,1322.29987
26.833333,33,1323.656835
3.416667,5,1323.930979
26.416667,33,1325.641769
26.791667,33,1327.39659
23.875,33,1328.759282
6.958333,9,1329.117564
26.125,33,1330.651166
26.791667,33,1332.511131
27.708333,33,1334.480743
27.416667,33,1336.308654
3.166667,5,1336.606584
25.333333,33,1338.239284
26.583333,33,1340.429793
25.083333,33,1342.24071
5.75,7,1342.490411
9.25,11,1342.906297
10.0,12,1343.369887
24.541667,33,1345.342021
5.708333,7,1345.837731
27.958333,33,1347.881276
27.958333,33,1349.961084
27.416667,33,1351.791169
2.541667,4,1352.091703
25.416667,33,1354.078834
7.125,9,1354.696395
26.708333,33,1356.576298
8.041667,10,1357.272346
25.333333,33,1358.7916
2.375,4,1359.111331
3.208333,5,1359.451935
10.958333,14,1360.317374
9.541667,12,1361.076619
27.291667,33,1362.826497
27.291667,33,1364.843278
25.875,33,1366.684208
25.208333,33,1368.778278
2.541667,4,1369.015256
27.208333,33,1370.821397
3.333333,5,1371.191851
9.541667,13,1372.121893
27.583333,33,1374.18664
25.958333,33,1376.101356
10.291667,13,1376.834776
26.5,33,1378.836639
9.25,12,1379.686695
25.708333,33,1381.610465
10.875,13,1382.388213
9.5,12,1382.998685
24.833333,33,1384.671408
2.5,4,1384.918659
26.0,33,1386.598639
26.333333,33,1388.52168
5.375,7,1388.998492
25.083333,33,1390.738236
24.916667,33,1392.527571
27.458333,33,1394.482701
24.875,33,1396.286504
26.541667,33,1398.351833
26.208333,33,1400.281095
24.875,33,1402.130163
9.916667,13,1402.6966
26.541667,33,1404.149636
26.041667,33,1408.651078
9.458333,12,1409.306513
26.125,33,1411.406174
4.208333,7,1411.877854
25.166667,33,1413.348029
10.416667,13,1414.032973
27.708333,33,1416.158599
8.416667,10,1416.896485
27.333333,33,1419.236593
10.875,13,1420.238111
25.958333,33,1422.586255
6.333333,8,1423.233849
25.208333,33,1425.418081
27.458333,33,1427.566087
13.458333,18,1428.771044
5.375,7,1429.301704
26.958333,33,1431.616273
24.208333,33,1433.791105
25.166667,33,1443.758299
25.666667,33,1446.06605
2.625,4,1446.381142
26.75,33,1448.646214
25.916667,33,1450.685415
9.875,14,1451.662179
25.583333,33,1453.807293
25.458333,33,1456.008326
27.25,33,1458.028468
10.25,13,1458.892194
5.666667,7,1459.366132
13.583333,17,1460.447197
27.458333,33,1462.328864
27.125,33,1463.937873
26.291667,33,1465.832026
25.5,33,1467.554032
26.958333,33,1469.173487
9.416667,12,1469.984751
27.291667,33,1471.876335
6.208333,8,1472.511535
26.291667,33,1474.779296
3.458333,5,1475.156078
26.583333,33,1477.481027
24.583333,33,1479.884724
26.166667,33,1482.090939
27.916667,33,1484.228082
25.833333,33,1485.959245
24.791667,33,1488.126351
25.833333,33,1490.276353
26.541667,33,1492.167783
25.833333,33,1493.851005
26.125,33,1495.630755
9.25,12,1496.327032
26.791667,33,1498.12728
10.166667,13,1498.82895
3.166667,5,1499.018537
26.958333,33,1500.651172
27.916667,33,1502.355984
24.791667,33,1504.143211
25.375,33,1505.915962
27.541667,33,1507.351675
3.25,5,1507.684139
27.25,33,1509.867224
9.291667,11,1510.637071
23.958333,33,1512.674063
28.083333,33,1514.683545
5.458333,7,1515.15243
2.5,4,1515.381052
3.208333,5,1515.817827
25.708333,33,1517.842698
26.083333,33,1520.00696
26.375,33,1522.200572
26.208333,33,1524.35608
27.833333,33,1526.332361
26.791667,33,1528.624177
5.25,7,1529.190383
9.25,11,1529.977996
27.041667,33,1532.014471
26.416667,33,1534.077514
8.625,10,1534.741015
10.833333,14,1535.653018
27.25,33,1537.580153
2.375,4,1537.815836
24.583333,33,1539.735739
26.208333,33,1544.759286
26.416667,33,1546.45018
27.208333,33,1548.088573
24.708333,33,1549.883957
25.5,33,1551.952077
24.416667,33,1554.017574
25.958333,33,1555.911282
11.041667,14,1556.664312
10.0,12,1557.490039
5.416667,7,1558.042275
5.208333,7,1558.595777
26.416667,33,1560.685661
25.75,33,1562.671838
27.041667,33,1564.492689
9.083333,12,1565.367957
25.5,33,1567.599316
25.541667,33,1569.752679
5.166667,7,1570.191028
25.375,33,1572.345719
26.708333,33,1574.500049
3.25,5,1574.829769
5.333333,7,1575.345613
24.708333,33,1577.491049
11.291667,14,1578.441733
26.75,33,1580.565937
27.166667,33,1582.74115
9.958333,13,1583.687567
4.791667,7,1584.165613
9.25,12,1584.961796
27.458333,33,1586.830418
3.25,5,1587.130985
3.375,5,1587.397605
26.583333,33,1589.345897
9.625,13,1590.194063
3.458333,5,1590.500669
26.958333,33,1592.471231
26.166667,33,1594.525868
27.25,33,1596.396056
5.041667,7,1596.79099
5.291667,7,1597.175765
15.875,20,1598.445877
11.5,14,1599.441695
7.75,10,1600.121061
2.541667,4,1600.44211
11.416667,15,1601.38767
5.875,8,1601.871993
24.666667,33,1603.955905
5.375,7,1604.430826
24.375,33,1606.437831
26.125,33,1608.435535
3.125,5,1608.841698
5.166667,7,1609.183759
27.083333,33,1610.165682
7.791667,10,1610.454319
27.041667,33,1611.262468
3.166667,5,1611.405803
27.416667,33,1612.205392
5.333333,7,1612.426968
5.458333,7,1612.642179
26.5,33,1613.539435
9.708333,13,1613.885582
25.75,33,1615.495664
9.666667,13,1616.219221
26.375,33,1618.299186
23.333333,33,1620.462006
2.5,4,1620.771545
5.291667,7,1621.315827
10.708333,14,1622.409836
8.541667,11,1623.275713
12.333333,16,1624.417815
26.541667,33,1626.50973
15.25,20,1627.975643
17.625,22,1629.488277
25.166667,33,1631.64032
10.625,13,1632.66248
12.75,17,1633.940742
26.791667,33,1636.055568
2.583333,4,1636.420131
27.416667,33,1638.390766
25.041667,33,1640.230918
25.083333,33,1642.157613
25.875,33,1644.440777
5.083333,7,1644.930286
26.833333,33,1646.802469
3.333333,5,1647.185333
27.25,33,1649.435581
24.25,33,1651.613088
5.75,7,1652.145612
3.291667,5,1652.585443
26.75,33,1654.385775
9.5,12,1655.250337
11.333333,14,1656.251406
2.541667,4,1656.489534
5.916667,8,1656.809515
9.541667,12,1657.347119
7.166667,9,1657.973268
10.041667,13,1658.895524
13.25,17,1660.101816
20.541667,26,1661.441633
27.208333,33,1663.495754
25.958333,33,1665.154
20.791667,25,1669.230637
26.208333,33,1670.961756
24.666667,33,1672.915259
27.291667,33,1674.966549
5.583333,7,1675.460302
24.291667,33,1677.371416
9.375,12,1678.18768
23.708333,33,1679.720024
9.625,13,1680.498295
24.0,33,1681.895572
27.5,33,1683.030505
10.125,13,1683.420163
24.958333,33,1685.3397
26.708333,33,1687.375654
27.666667,33,1689.134516
24.375,33,1690.793425
26.875,33,1692.029401
25.083333,33,1694.147151
10.125,14,1695.160688
2.333333,4,1695.465256
25.875,33,1697.617622
9.791667,12,1698.537657
26.75,33,1700.920305
25.25,33,1703.210304
26.25,33,1704.447811
26.291667,33,1705.488305
27.416667,33,1706.422395
12.041667,15,1706.899041
20.541667,26,1707.729403
3.166667,5,1707.878103
24.0,33,1708.979124
27.833333,33,1710.6521
9.958333,13,1711.413401
27.333333,33,1713.550915
27.833333,33,1715.349961
5.291667,7,1715.740423
25.458333,33,1717.745175
26.708333,33,1719.753765
27.708333,33,1721.660923
9.291667,12,1722.528505
26.666667,33,1724.760984
10.041667,13,1725.378729
23.5,33,1727.256983
27.166667,33,1728.826257
5.666667,7,1729.350115
9.291667,11,1729.98506
9.666667,13,1730.587606
19.083333,24,1731.337579
25.875,33,1733.1123
25.375,33,1735.020922
9.583333,12,1735.829892
13.583333,16,1736.836305
3.458333,5,1737.175189
9.25,12,1737.709545
27.125,33,1739.907377
25.375,33,1749.413606
5.208333,7,1749.848253
25.083333,33,1751.94321
24.666667,33,1753.920202
2.583333,4,1754.218755
5.291667,7,1754.728308
26.416667,33,1756.762858
6.291667,8,1757.142211
27.041667,33,1758.103617
25.541667,33,1759.462476
8.791667,12,1760.090142
24.625,33,1761.631432
25.958333,33,1762.702451
2.333333,4,1762.842295
5.416667,7,1763.086158
25.958333,33,1764.127281
9.833333,12,1764.539667
12.958333,17,1765.066171
27.166667,33,1766.442534
9.166667,12,1767.19859
9.166667,13,1767.923041
12.833333,17,1769.256749
11.708333,15,1770.383677
2.458333,4,1770.730885
27.5,33,1772.957357
26.416667,33,1775.107972
9.916667,12,1776.089169
26.0,33,1778.495173
26.291667,33,1780.166731
10.75,13,1780.581639
23.958333,33,1781.652341
6.5,8,1781.936831
10.125,13,1782.375834
25.0,33,1783.401551
2.75,4,1783.548011
23.75,33,1787.147857
11.041667,15,1787.922283
27.75,33,1789.479875
25.708333,33,1791.012453
26.041667,33,1792.289375
23.875,33,1793.529583
10.458333,14,1794.19072
14.875,18,1795.014904
5.291667,7,1795.326053
25.416667,33,1796.697089
24.875,33,1798.021991
27.0,33,1799.379752
5.125,7,1799.673232
23.875,33,1800.882525
27.083333,33,1801.805479
26.708333,33,1802.788851
24.75,33,1803.794386
9.125,11,1804.186091
27.125,33,1805.484015
26.041667,33,1806.386239
9.916667,13,1806.79479
27.333333,33,1807.953649
7.666667,10,1808.408093
5.708333,7,1808.802532
5.791667,8,1809.093438
26.75,33,1810.25488
2.708333,4,1810.473034
26.333333,33,1811.603152
2.666667,4,1811.818918
27.75,33,1813.255024
9.208333,11,1813.862387
3.25,5,1814.122942
2.416667,4,1814.380924
12.0,15,1815.003791
27.833333,33,1816.12593
25.666667,33,1817.456275
27.0,33,1818.693303
26.375,33,1820.305031
27.208333,33,1821.929726
10.125,14,1822.39368
24.833333,33,1823.745564
26.0,33,1825.597308
25.875,33,1826.595098
2.541667,4,1826.767184
27.333333,33,1828.164968
27.291667,33,1830.050446
5.333333,7,1830.508718
25.875,33,1831.743026
16.625,21,1832.640462
26.083333,33,1834.228271
24.916667,33,1835.662194
26.0,33,1837.115599
25.583333,33,1838.641081
5.666667,8,1839.139368
26.875,33,1840.555839
10.0,13,1841.289794
10.083333,13,1842.038
9.583333,13,1842.685021
26.041667,33,1844.167916
27.416667,33,1845.715188
27.208333,33,1847.539158
5.5,7,1847.956694
27.333333,33,1849.423499
3.208333,5,1849.647031
27.0,33,1850.665991
27.208333,33,1851.642672
26.958333,33,1852.835558
2.375,4,1852.995266
23.5,33,1854.520135
26.291667,33,1856.059247
24.958333,33,1857.437918
26.083333,33,1859.110943
24.0,33,1860.63201
2.666667,4,1860.889236
5.125,7,1861.373931
25.125,33,1863.037565
26.208333,33,1864.604326
26.791667,33,1866.067612
5.375,7,1866.421656
27.375,33,1868.209037
9.791667,13,1869.075306
2.75,4,1869.339854
27.291667,33,1871.272141
26.333333,33,1872.833462
27.041667,33,1874.372318
5.375,7,1874.778991
25.375,33,1878.767326
24.916667,33,1880.499075
25.458333,33,1882.232337
8.916667,11,1882.753113
26.291667,33,1884.321233
26.958333,33,1885.913683
25.708333,33,1887.641289
25.125,33,1889.251479
5.375,7,1889.594977
26.083333,33,1891.482142
2.375,4,1891.693094
24.333333,33,1893.165564
14.25,18,1894.084747
12.083333,15,1894.869674
26.708333,33,1896.439386
5.083333,7,1896.879974
5.333333,7,1897.142608
25.708333,33,1898.846682
27.125,33,1900.009237
23.666667,33,1901.224791
25.875,33,1902.791627
24.708333,33,1904.332812
18.5,23,1905.451681
24.166667,33,1907.123301
27.0,33,1908.612583
9.5,13,1909.187544
26.5,33,1910.582274
9.583333,13,1911.266123
25.5,33,1913.065827
9.666667,12,1913.532252
24.666667,33,1915.10591
2.75,4,1915.306544
3.166667,5,1915.572001
9.666667,13,1916.287672
24.375,33,1917.610703
9.666667,13,1918.297807
10.083333,13,1919.020053
9.5,12,1919.675547
3.25,5,1920.023246
27.166667,33,1921.822981
9.708333,12,1922.433089
2.416667,4,1922.714955
27.791667,33,1924.468613
26.916667,33,1925.984575
25.5,33,1927.52356
23.208333,33,1928.75945
25.166667,33,1930.403485
26.041667,33,1931.962655
26.958333,33,1933.433268
24.916667,33,1934.887544
10.083333,13,1935.364774
5.291667,7,1935.716852
5.708333,7,1936.14085
7.416667,9,1936.706517
26.875,33,1938.368402
26.833333,33,1939.963559
25.083333,33,1941.647605
25.708333,33,1943.203616
5.375,7,1943.562637
25.25,33,1945.092774
25.791667,33,1946.646505
26.125,33,1948.302262
5.375,7,1948.655517
27.541667,33,1949.968624
5.583333,7,1950.208753
9.5,11,1950.844741
5.166667,7,1951.208826
9.583333,12,1951.69446
9.083333,13,1952.229418
5.791667,7,1952.617537
24.25,33,1954.385598
24.791667,33,1956.101595
25.416667,33,1957.577435
14.625,18,1958.439397
25.291667,33,1960.052911
25.041667,33,1961.452306
15.5,20,1962.612557
8.0,10,1963.179929
15.25,20,1964.209599
26.458333,33,1965.812867
10.458333,13,1966.504648
3.291667,5,1966.841002
27.416667,33,1968.229997
26.833333,33,1969.6667
27.416667,33,1970.918351
5.166667,7,1971.225445
26.291667,33,1972.782679
27.708333,33,1974.096164
5.208333,7,1974.366353
9.625,12,1974.99615
23.791667,33,1978.730626
27.541667,33,1980.232958
23.833333,33,1981.576431
13.208333,17,1982.253583
25.083333,33,1983.911313
9.458333,12,1984.417777
3.5,5,1984.660532
26.791667,33,1992.437243
26.416667,33,1994.193043
25.208333,33,1995.792964
26.666667,33,1997.557626
9.791667,12,1998.312984
24.041667,33,1999.807315
25.375,33,2001.158119
25.666667,33,2002.46548
27.0,33,2003.742909
27.208333,33,2004.953464
23.833333,33,2006.163024
27.5,33,2007.129267
26.625,33,2008.841786
5.25,7,2009.326587
5.416667,7,2009.73189
2.333333,4,2009.925653
2.375,4,2010.101815
26.458333,33,2011.725449
24.041667,33,2012.934933
5.75,7,2013.221267
26.416667,33,2014.558567
5.25,7,2014.801479
5.458333,7,2015.038291
27.583333,33,2016.375973
27.416667,33,2017.698636
27.5,33,2019.110829
5.166667,7,2019.522806
23.583333,33,2020.725819
24.541667,33,2022.252708
9.791667,12,2022.936078
23.708333,33,2024.266384
24.916667,33,2025.732335
26.833333,33,2027.164065
25.375,33,2028.322802
26.708333,33,2029.855231
28.0,33,2031.325314
26.541667,33,2032.799425
26.5,33,2034.109822
25.375,33,2035.739232
24.0,33,2037.201134
24.5,33,2038.741088
5.416667,7,2039.072454
25.875,33,2040.705079
25.916667,33,2042.219121
24.125,33,2043.886367
25.958333,33,2045.259639
25.25,33,2046.488874
9.708333,13,2047.119525
25.583333,33,2048.559193
25.75,33,2049.844061
9.958333,13,2050.365678
5.333333,7,2050.852534
9.541667,12,2051.542179
3.25,5,2051.81899
23.541667,33,2053.29524
26.375,33,2054.697336
5.458333,7,2055.114155
9.125,11,2055.670035
26.875,33,2057.011979
5.583333,7,2057.374277
24.625,33,2058.902944
26.916667,33,2060.353081
25.791667,33,2061.83901
23.875,33,2063.180551
5.666667,8,2063.686209
24.0,33,2065.061376
7.416667,9,2065.472892
24.125,33,2066.882414
23.5,33,2068.330989
25.041667,33,2069.932657
9.833333,13,2070.470029
26.791667,33,2071.983922
10.125,12,2072.586474
25.083333,33,2074.092905
6.375,8,2076.915551
9.416667,12,2077.465601
9.291667,12,2077.984917
25.333333,33,2079.34315
26.75,33,2081.029795
9.5,12,2081.564761
24.5,33,2082.974196
9.541667,12,2083.700771
11.833333,14,2084.474382
9.291667,11,2085.076257
10.0,13,2085.672824
13.333333,16,2086.445098
8.833333,11,2087.083003
3.625,5,2087.404264
26.041667,33,2088.622342
9.916667,13,2089.248353
25.25,33,2090.710023
24.541667,33,2092.065933
26.625,33,2093.225819
9.833333,12,2093.747809
11.916667,15,2094.245758
24.875,33,2095.195049
27.666667,33,2096.173923
26.541667,33,2097.204124
24.541667,33,2098.294132
13.25,17,2098.878203
26.25,33,2099.995761
5.208333,7,2100.224242
27.583333,33,2101.538371
24.583333,33,2102.693978
26.291667,33,2104.049342
27.125,33,2105.245239
10.0,13,2105.832675
5.583333,7,2106.082391
25.458333,33,2107.598226
26.041667,33,2109.166666
5.416667,7,2109.597964
25.958333,33,2111.159345
23.625,33,2112.689702
26.416667,33,2114.028089
9.666667,12,2114.705786
5.375,7,2115.077933
24.708333,33,2116.680175
26.583333,33,2118.109754
10.0,12,2118.830864
10.833333,14,2119.487906
26.833333,33,2121.120814
25.333333,33,2122.385945
24.041667,33,2123.902596
27.208333,33,2125.444005
2.791667,4,2125.655689
26.0,33,2126.9863
5.208333,7,2127.457294
23.791667,33,2128.852677
9.625,12,2129.474113
24.916667,33,2130.86231
25.5,33,2132.246556
25.0,33,2133.683071
22.958333,33,2134.98243
24.416667,33,2136.503924
25.541667,33,2137.750859
23.916667,33,2139.16809
5.375,7,2139.609625
5.583333,7,2139.912531
3.208333,5,2140.115116
25.75,33,2141.643798
9.458333,12,2142.159307
5.333333,7,2142.492475
24.583333,33,2144.16416
8.333333,10,2144.677129
26.875,33,2146.157629
26.75,33,2147.536953
26.958333,33,2148.904606
26.75,33,2150.571511
26.708333,33,2152.037966
22.875,33,2153.33902
25.5,33,2154.795222
11.166667,15,2155.433014
27.0,33,2156.794311
5.125,7,2157.117171
3.375,5,2157.41886
26.083333,33,2158.78166
25.125,33,2160.032493
17.958333,22,2161.221331
10.458333,14,2161.805386
9.208333,12,2162.362421
9.541667,13,2163.118353
27.25,33,2164.664946
5.75,8,2165.040045
5.25,7,2168.053818
5.375,7,2168.318567
26.25,33,2169.385968
12.333333,16,2170.111665
26.25,33,2171.459147
24.666667,33,2173.120318
10.25,13,2173.8371
5.208333,7,2174.268415
26.333333,33,2176.018584
23.916667,33,2177.742076
24.958333,33,2179.369675
8.375,11,2179.945983
5.708333,7,2180.315026
25.541667,33,2181.7608
5.208333,7,2182.021712
9.0,11,2182.576058
25.083333,33,2184.007789
2.791667,4,2184.163658
2.791667,4,2184.320316
24.541667,33,2185.931066
24.791667,33,2187.373544
24.458333,33,2188.928291
5.708333,7,2189.230693
12.416667,15,2190.018607
13.0,17,2190.84012
26.583333,33,2192.383278
2.5,4,2192.576478
26.458333,33,2194.212748
10.208333,13,2194.725855
25.416667,33,2196.157924
22.958333,33,2197.513776
2.791667,4,2197.692255
23.875,33,2199.15181
24.375,33,2201.016782
10.25,13,2201.713472
27.208333,33,2202.941774
24.875,33,2204.117324
24.333333,33,2205.601269
9.5,12,2206.106706
26.0,33,2207.542317
23.625,33,2208.931943
9.083333,11,2209.464747
24.791667,33,2210.831967
9.583333,13,2211.650339
26.333333,33,2213.545687
2.791667,4,2213.813537
23.5,33,2215.51123
9.666667,13,2216.090841
9.833333,13,2216.859591
9.541667,11,2217.565996
26.041667,33,2224.825789
12.25,15,2225.635499
24.541667,33,2227.374851
3.25,5,2227.721147
2.791667,4,2227.991328
25.458333,33,2229.707851
5.916667,8,2230.143667
8.375,11,2230.727852
25.375,33,2232.321967
9.875,12,2233.060253
25.291667,33,2234.425884
26.583333,33,2236.151721
26.583333,33,2237.845275
27.0,33,2239.270072
24.416667,33,2240.375842
9.75,12,2240.98721
3.458333,5,2241.244179
9.666667,11,2241.912698
24.0,33,2243.5399
26.75,33,2244.899527
23.875,33,2246.263352
5.625,7,2246.69149
5.125,7,2247.078464
10.041667,13,2247.72603
26.291667,33,2249.173414
27.833333,33,2250.560033
5.541667,7,2250.961906
25.458333,33,2252.327743
5.458333,7,2252.656722
26.375,33,2254.108832
26.916667,33,2255.409272
2.666667,4,2255.57635
5.125,7,2255.856301
25.666667,33,2257.271346
9.458333,11,2257.885478
25.583333,33,2259.186797
5.25,7,2259.587265
23.375,33,2261.106019
14.833333,19,2261.94457
24.5,33,2263.227923
5.166667,7,2263.537829
4.375,6,2263.815774
9.75,12,2264.319706
25.083333,33,2265.655488
27.583333,33,2267.04565
9.708333,12,2267.683694
26.5,33,2271.959566
9.583333,12,2272.58323
26.833333,33,2274.203286
25.291667,33,2275.826556
27.041667,33,2277.400362
25.958333,33,2278.970757
23.708333,33,2280.708949
9.541667,12,2281.533583
24.708333,33,2283.048026
26.916667,33,2284.790663
24.75,33,2286.397359
26.708333,33,2288.052557
24.458333,33,2289.660058
8.75,11,2290.173331
24.666667,33,2291.535888
24.875,33,2293.137107
24.583333,33,2294.946984
10.041667,14,2295.729582
24.5,33,2297.429037
13.666667,17,2298.330202
23.458333,33,2299.981274
26.083333,33,2301.821033
5.708333,7,2302.143557
25.833333,33,2303.619923
14.166667,17,2304.453621
24.0,33,2306.103348
24.416667,33,2307.77119
3.541667,5,2308.06626
24.583333,33,2309.833468
26.458333,33,2311.673225
9.25,11,2312.33991
9.541667,11,2313.053172
27.166667,33,2314.586261
25.791667,33,2316.217802
24.541667,33,2317.741592
9.458333,11,2318.316242
25.75,33,2319.999408
5.208333,7,2320.395658
9.5,12,2321.145202
25.291667,33,2323.034835
26.083333,33,2324.835526
25.541667,33,2326.509882
26.333333,33,2328.298275
5.375,7,2328.702149
26.291667,33,2330.282007
23.625,33,2332.151524
27.083333,33,2333.853095
23.791667,33,2335.547843
25.75,33,2337.248053
25.791667,33,2338.809458
5.5,7,2339.249723
24.458333,33,2340.745919
26.083333,33,2342.475517
3.458333,5,2342.799002
3.458333,5,2343.040897
10.208333,13,2343.693303
24.958333,33,2345.279466
25.75,33,2346.971306
9.791667,12,2347.72073
5.708333,7,2348.023146
25.833333,33,2349.912034
25.791667,33,2351.83335
5.333333,7,2352.30049
2.541667,4,2352.641049
27.541667,33,2354.355441
24.625,33,2356.171464
24.916667,33,2357.940298
24.5,33,2359.69612
26.833333,33,2361.491705
23.666667,33,2363.285563
26.333333,33,2365.117084
9.791667,12,2365.901382
27.125,33,2367.664794
26.583333,33,2369.443014
8.375,11,2370.161743
24.208333,33,2371.930053
24.333333,33,2373.468245
24.166667,33,2375.137416
2.666667,4,2375.468683
25.208333,33,2376.962892
9.75,13,2380.649374
9.041667,11,2381.156953
25.083333,33,2382.805161
25.166667,33,2384.285422
26.208333,33,2385.743106
10.958333,13,2386.36878
24.333333,33,2387.98989
27.083333,33,2389.385113
23.958333,33,2391.021316
26.291667,33,2392.937732
24.625,33,2394.68212
27.333333,33,2396.784118
23.833333,33,2398.85002
26.791667,33,2400.954382
24.5,33,2403.011279
23.083333,33,2405.32608
9.791667,12,2406.343247
25.375,33,2409.206485
5.25,7,2409.723059
8.958333,11,2410.657747
15.75,19,2412.253317
27.666667,33,2415.084746
5.416667,7,2415.90459
26.166667,33,2419.201039
9.833333,12,2420.509031
24.875,33,2423.344766
23.916667,33,2424.715629
23.875,33,2426.077698
25.958333,33,2427.252083
26.166667,33,2428.211191
24.458333,33,2429.196136
2.416667,4,2429.316743
25.041667,33,2430.18283
5.333333,7,2430.385647
23.5,33,2431.218783
26.333333,33,2432.251626
9.208333,12,2432.6207
24.875,33,2433.485462
5.291667,7,2433.710222
3.125,5,2433.894042
9.916667,12,2434.257249
5.458333,7,2434.481557
25.833333,33,2435.38573
27.333333,33,2436.399795
5.666667,7,2436.700402
23.333333,33,2437.87342
24.5,33,2439.392846
27.041667,33,2440.537889
25.208333,33,2441.701048
23.958333,33,2442.642935
27.333333,33,2443.67856
24.041667,33,2444.611708
2.666667,4,2444.750906
5.375,7,2444.980055
24.833333,33,2445.925724
8.875,11,2446.270761
9.541667,12,2446.638021
25.416667,33,2447.626097
5.416667,7,2447.86662
9.291667,11,2448.229514
24.583333,33,2449.18353
5.166667,7,2449.416319
24.75,33,2450.444684
23.541667,33,2451.693479
24.0,33,2452.845987
24.958333,33,2453.990734
10.583333,13,2454.788456
26.666667,33,2455.83451
9.333333,12,2456.228158
26.625,33,2457.406519
24.375,33,2458.542672
5.375,7,2458.817278
25.416667,33,2459.94301
5.291667,7,2460.217449
24.125,33,2461.35866
12.041667,16,2461.979834
25.5,33,2462.995021
10.041667,13,2463.462745
5.625,7,2463.686919
5.375,7,2463.964416
24.666667,33,2465.113894
25.0,33,2466.108125
24.458333,33,2467.012759
24.666667,33,2472.884377
9.666667,12,2473.300996
9.708333,12,2473.691264
25.5,33,2477.069619
6.291667,8,2477.312657
24.291667,33,2478.524998
9.958333,13,2479.091359
24.625,33,2480.284832
25.583333,33,2481.390282
23.791667,33,2482.516657
26.125,33,2483.640558
24.541667,33,2484.765221
25.791667,33,2485.953259
5.541667,7,2486.240006
24.583333,33,2487.328655
8.625,10,2487.743653
5.708333,7,2488.02398
5.458333,7,2488.309868
2.708333,4,2488.470736
9.708333,12,2488.893097
23.708333,33,2490.003325
23.541667,33,2491.128964
9.25,12,2491.598356
24.75,33,2492.742617
23.875,33,2493.927127
5.625,7,2494.223801
9.166667,11,2494.6365
23.583333,33,2495.807855
24.625,33,2496.905358
25.541667,33,2498.0206
5.416667,7,2498.274794
26.583333,33,2499.428041
24.416667,33,2500.580045
26.583333,33,2501.720144
24.5,33,2502.812705
25.083333,33,2504.09367
5.75,7,2504.376077
10.0,12,2504.836364
23.333333,33,2505.927665
25.041667,33,2506.825333
26.083333,33,2507.690959
23.25,33,2508.564431
26.708333,33,2509.425959
24.625,33,2510.296967
5.25,7,2510.499985
5.333333,7,2510.703793
27.75,33,2511.556927
24.5,33,2512.439678
5.5,7,2512.640564
7.708333,9,2512.895871
23.958333,33,2513.759327
24.666667,33,2514.638489
24.833333,33,2515.503969
9.583333,13,2515.868567
5.375,7,2516.0677
23.75,33,2516.921257
25.875,33,2517.795333
23.666667,33,2518.688336
23.708333,33,2519.604193
27.125,33,2520.521105
24.458333,33,2521.389076
27.375,33,2522.236055
6.458333,8,2522.477969
9.75,12,2522.881001
24.958333,33,2523.993589
9.5,12,2524.449412
9.125,11,2524.785129
24.958333,33,2525.790318
22.791667,33,2526.666767
27.875,33,2527.591457
3.208333,5,2527.752431
25.833333,33,2528.659956
25.0,33,2529.599802
25.625,33,2530.518779
11.875,16,2530.976679
24.291667,33,2531.933983
23.875,33,2532.793545
5.333333,7,2532.991221
24.75,33,2534.031829
23.375,33,2535.149768
9.541667,12,2535.485048
25.416667,33,2536.273746
24.833333,33,2537.039568
5.208333,7,2537.223723
5.208333,7,2537.405651
25.708333,33,2538.237052
26.458333,33,2539.022317
5.458333,7,2541.041192
25.666667,33,2541.84121
25.5,33,2542.629078
9.166667,11,2542.903684
26.708333,33,2543.65298
23.541667,33,2544.425106
24.791667,33,2545.200259
19.708333,24,2545.78242
26.208333,33,2546.56728
25.375,33,2547.385508
10.041667,12,2547.68415
27.083333,33,2548.433119
25.166667,33,2549.213789
2.833333,4,2549.322744
25.208333,33,2550.079805
25.041667,33,2550.846596
23.541667,33,2551.666513
9.541667,11,2551.956457
26.333333,33,2552.78146
26.0,33,2553.596384
24.333333,33,2554.411697
24.375,33,2555.210309
24.875,33,2556.059391
9.5,11,2556.337413
9.333333,11,2556.617536
5.458333,7,2556.801098
24.5,33,2557.566763
5.666667,7,2557.757554
25.958333,33,2558.528965
26.5,33,2559.310848
23.875,33,2560.104084
23.833333,33,2560.867599
2.666667,4,2560.982556
25.75,33,2561.750351
2.333333,4,2561.862638
5.583333,7,2562.043772
2.75,4,2562.153754
5.375,7,2562.353808
26.833333,33,2563.130215
5.791667,8,2563.3414
27.5,33,2564.129758
25.708333,33,2564.912578
9.583333,11,2565.189641
24.625,33,2565.95892
25.375,33,2566.781005
25.208333,33,2567.550218
25.166667,33,2568.315054
27.5,33,2569.086556
25.375,33,2569.852391
5.666667,7,2570.032299
2.708333,4,2570.142217
25.25,33,2570.914568
3.375,5,2571.061018
25.5,33,2571.828783
23.416667,33,2572.575702
5.625,7,2572.755516
2.625,4,2572.867465
24.625,33,2573.710881
8.958333,11,2574.004636
26.208333,33,2574.800092
24.875,33,2575.622926
25.083333,33,2576.429244
24.625,33,2577.233537
5.708333,7,2577.430425
25.416667,33,2578.254475
5.625,7,2578.444619
5.125,7,2578.636502
27.333333,33,2579.45096
9.208333,11,2579.761729
25.5,33,2580.567788
24.791667,33,2581.383638
23.666667,33,2582.241669
26.125,33,2583.011125
5.541667,7,2583.194394
24.583333,33,2583.959447
27.125,33,2584.744574
2.666667,4,2584.855574
23.708333,33,2585.628133
24.916667,33,2586.422477
5.75,7,2586.612293
5.458333,7,2586.796066
23.25,33,2587.561318
9.541667,13,2587.883384
25.875,33,2588.666617
25.708333,33,2589.44542
24.625,33,2590.207801
25.25,33,2592.815078
24.458333,33,2593.626427
24.5,33,2594.396441
5.416667,7,2594.579505
24.708333,33,2595.385532
24.541667,33,2596.16022
5.375,7,2596.342557
27.041667,33,2597.099725
25.666667,33,2597.875433
24.708333,33,2598.626785
25.666667,33,2599.375272
25.416667,33,2600.193298
5.5,7,2600.37492
26.125,33,2601.139662
9.791667,12,2601.445633
26.625,33,2602.237919
25.333333,33,2602.995748
24.541667,33,2603.789465
24.666667,33,2604.635579
2.583333,4,2604.760291
2.833333,4,2604.884147
5.666667,7,2605.079844
2.625,4,2605.18838
24.125,33,2605.939939
5.625,7,2606.136621
27.458333,33,2606.892326
9.75,12,2607.204437
27.5,33,2607.963447
12.291667,15,2608.389253
25.458333,33,2609.148977
26.875,33,2609.908263
23.333333,33,2610.683582
5.583333,7,2610.86438
2.541667,4,2610.973411
23.958333,33,2611.732095
24.416667,33,2612.472073
26.125,33,2615.994632
24.541667,33,2616.840758
24.583333,33,2617.62406
24.375,33,2618.390391
24.833333,33,2619.172134
23.5,33,2619.940114
27.166667,33,2620.707705
25.916667,33,2621.464648
5.416667,7,2621.656049
5.583333,7,2621.832151
26.416667,33,2622.5802
24.916667,33,2623.362038
24.666667,33,2624.156759
25.75,33,2624.915719
27.291667,33,2625.672078
24.916667,33,2626.449506
26.375,33,2627.185351
24.708333,33,2627.930712
26.333333,33,2628.7084
26.25,33,2629.460493
14.0,18,2629.895251
26.0,33,2630.713042
5.375,7,2630.895931
3.166667,5,2631.030924
24.791667,33,2631.784877
9.541667,11,2632.056569
24.916667,33,2632.825286
25.625,33,2633.576536
25.5,33,2634.363841
24.541667,33,2635.141996
9.416667,12,2635.442968
24.5,33,2636.20952
26.416667,33,2636.958269
24.666667,33,2637.70922
27.708333,33,2638.454411
24.458333,33,2639.220888
25.833333,33,2639.964434
26.208333,33,2640.702531
9.625,11,2640.970741
27.083333,33,2641.75616
23.958333,33,2642.506216
9.166667,11,2642.778413
5.291667,7,2642.960526
9.791667,12,2643.256517
5.375,7,2643.46116
2.75,4,2645.332988
26.5,33,2646.109829
9.708333,12,2646.424512
5.541667,7,2646.604817
24.666667,33,2647.369344
27.208333,33,2648.158482
26.5,33,2648.910744
23.625,33,2649.695159
27.0,33,2650.468959
26.583333,33,2651.223579
24.916667,33,2652.018495
10.916667,13,2652.360505
26.333333,33,2653.120638
25.208333,33,2653.878291
24.541667,33,2654.665372
9.166667,11,2654.940543
26.666667,33,2655.711376
25.791667,33,2656.526505
26.291667,33,2657.324948
25.708333,33,2658.097305
25.708333,33,2658.889116
24.916667,33,2659.638608
9.5,11,2659.92033
5.416667,7,2660.145902
24.708333,33,2660.924612
8.75,11,2661.198611
25.833333,33,2661.957417
5.375,7,2662.139819
25.208333,33,2662.886203
9.5,11,2663.179033
26.333333,33,2663.948384
11.458333,13,2664.270249
2.833333,4,2664.383279
26.041667,33,2665.140512
26.708333,33,2665.9182
25.083333,33,2666.676047
2.791667,4,2666.784109
25.458333,33,2667.560796
23.958333,33,2668.307246
9.166667,12,2668.615675
23.333333,33,2669.373954
5.458333,7,2669.555922
13.5,17,2669.992136
24.833333,33,2670.761266
25.125,33,2671.508285
26.166667,33,2672.282066
9.583333,11,2672.556906
24.916667,33,2673.291186
26.0,33,2674.041963
25.875,33,2674.783529
5.5,7,2674.965018
25.083333,33,2675.718304
10.416667,12,2676.018131
9.458333,11,2676.303787
25.416667,33,2677.090383
5.25,7,2677.27055
25.041667,33,2678.016644
26.583333,33,2678.800844
26.791667,33,2679.548428
9.458333,11,2679.827374
9.916667,12,2680.131239
10.041667,13,2680.462145
24.791667,33,2681.24261
23.833333,33,2681.998656
18.083333,22,2682.526739
5.541667,7,2682.71723
26.791667,33,2683.469107
26.25,33,2684.236898
27.625,33,2685.030676
26.25,33,2685.784573
26.833333,33,2686.572862
25.083333,33,2687.322731
26.291667,33,2688.069586
27.125,33,2688.827975
23.875,33,2689.610362
9.541667,11,2689.894526
27.625,33,2690.66839
5.458333,7,2690.847326
26.208333,33,2691.621048
25.625,33,2692.384275
24.083333,33,2693.133201
8.875,11,2693.412439
25.916667,33,2696.03468
5.75,7,2696.216969
5.458333,7,2696.399147
10.375,13,2696.715028
26.583333,33,2697.477822
9.083333,11,2697.758206
24.583333,33,2698.525913
27.958333,33,2699.277494
25.25,33,2700.012218
24.75,33,2700.796656
25.791667,33,2701.620086
9.625,11,2701.899527
27.541667,33,2702.665122
25.5,33,2703.430592
5.5,7,2703.610351
24.458333,33,2704.364676
5.208333,7,2704.5404
28.0,33,2705.304591
26.333333,33,2706.067125
27.583333,33,2706.881937
24.458333,33,2707.659126
28.125,33,2708.410291
24.458333,33,2709.207946
2.791667,4,2709.314213
5.375,7,2709.501092
10.5,13,2709.853084
25.875,33,2710.622518
25.125,33,2711.386821
26.875,33,2712.132231
5.291667,7,2712.3168
5.25,7,2712.543937
26.291667,33,2713.353643
5.375,7,2713.553561
24.583333,33,2714.324253
11.833333,14,2714.696873
24.958333,33,2715.455896
5.166667,7,2715.659313
2.708333,4,2715.769833
25.958333,33,2716.531854
26.0,33,2717.3133
5.333333,7,2717.49562
13.5,16,2717.897047
26.958333,33,2718.663881
5.083333,7,2718.844529
5.625,7,2719.027826
24.416667,33,2719.787699
24.875,33,2720.556141
24.625,33,2721.321934
25.5,33,2722.080132
24.416667,33,2722.897321
26.791667,33,2723.842265
9.333333,11,2724.133917
2.75,4,2724.246519
26.916667,33,2725.115468
9.5,11,2725.414433
26.75,33,2726.185773
5.416667,7,2726.370377
23.75,33,2727.141093
26.166667,33,2727.889621
24.791667,33,2728.648899
5.458333,7,2728.848693
5.75,7,2729.03628
26.5,33,2729.781724
26.25,33,2730.538257
24.75,33,2731.314712
26.0,33,2732.085584
25.875,33,2732.834791
26.25,33,2733.607935
5.375,7,2733.787013
28.041667,33,2734.546884
25.708333,33,2735.341092
26.75,33,2736.114109
26.291667,33,2736.860204
27.0,33,2740.502138
24.625,33,2741.293395
26.416667,33,2742.142584
24.75,33,2742.913221
5.375,7,2743.102458
5.416667,7,2743.287033
5.375,7,2743.469274
26.625,33,2744.269775
23.416667,33,2745.048057
26.541667,33,2745.800189
10.208333,12,2746.098333
13.041667,16,2746.52168
5.625,7,2746.71775
25.25,33,2749.445564
25.25,33,2750.248833
9.041667,11,2750.537589
26.5,33,2751.354377
25.041667,33,2752.106714
24.875,33,2752.87423
26.708333,33,2753.620868
24.875,33,2754.373521
24.583333,33,2755.159094
2.708333,4,2755.273232
5.458333,7,2755.454219
2.833333,4,2755.56418
25.958333,33,2756.336935
9.041667,11,2756.613495
5.958333,8,2756.819227
25.791667,33,2757.605471
26.0,33,2758.410544
25.208333,33,2759.240164
27.833333,33,2760.005273
24.958333,33,2760.773542
3.125,5,2760.907281
27.875,33,2761.678987
9.75,13,2762.008382
2.75,4,2762.125475
27.666667,33,2762.872432
26.5,33,2763.612244
26.25,33,2764.385377
9.583333,11,2764.700117
5.791667,7,2764.88629
8.583333,10,2765.136689
5.583333,7,2765.319132
26.5,33,2766.083971
27.25,33,2766.849193
9.458333,11,2767.125459
26.791667,33,2767.894963
23.833333,33,2768.670618
24.791667,33,2769.419567
9.458333,11,2769.694464
9.833333,12,2769.990728
9.583333,11,2770.26553
5.375,7,2770.459475
26.0,33,2771.214771
5.666667,7,2771.405205
9.208333,11,2771.674844
3.541667,5,2771.809613
9.541667,12,2772.11388
26.541667,33,2772.891625
24.458333,33,2773.651895
5.625,7,2773.831725
5.708333,7,2774.008736
27.208333,33,2774.791705
25.583333,33,2775.550328
24.458333,33,2776.306403
25.458333,33,2777.097305
25.208333,33,2777.88381
27.833333,33,2778.701594
24.583333,33,2779.473257
27.416667,33,2780.209105
26.791667,33,2780.949342
26.541667,33,2781.70172
23.625,33,2782.448385
24.041667,33,2783.193771
2.458333,4,2783.301915
26.333333,33,2784.08533
25.708333,33,2784.827636
5.541667,7,2785.006085
27.416667,33,2785.775957
25.625,33,2786.540053
26.458333,33,2787.298411
25.5,33,2788.067939
26.958333,33,2788.82924
25.916667,33,2789.594669
26.791667,33,2790.364252
5.708333,7,2790.546034
27.208333,33,2791.324853
26.0,33,2792.05425
27.333333,33,2792.853549
27.041667,33,2793.609159
24.75,33,2794.384231
26.166667,33,2795.154474
26.291667,33,2795.908181
5.375,7,2796.094865
24.791667,33,2796.918407
5.625,7,2797.111877
8.541667,10,2797.367586
26.125,33,2799.986725
5.166667,7,2800.172751
27.958333,33,2800.935199
27.041667,33,2801.705363
26.541667,33,2802.45384
27.75,33,2803.221617
5.5,7,2803.398884
26.666667,33,2804.153818
5.541667,7,2804.336166
23.916667,33,2805.123773
25.333333,33,2805.913278
26.541667,33,2806.671551
26.666667,33,2807.420317
25.625,33,2808.212639
26.5,33,2808.978153
9.166667,12,2809.280374
26.875,33,2810.061553
25.791667,33,2810.820029
26.25,33,2811.576871
27.916667,33,2812.352086
28.0,33,2813.09934
26.0,33,2813.84991
5.708333,7,2814.036107
9.625,13,2814.387356
10.916667,14,2814.741456
5.416667,7,2814.922084
26.5,33,2815.694921
5.375,7,2815.871795
25.75,33,2816.651456
2.791667,4,2816.764341
26.0,33,2817.583081
27.916667,33,2818.355627
26.333333,33,2819.207089
28.0,33,2820.000644
5.666667,7,2820.193288
26.416667,33,2820.968043
27.583333,33,2821.754506
26.208333,33,2822.513066
25.333333,33,2823.280354
27.416667,33,2824.046916
27.958333,33,2824.805921
25.708333,33,2825.598284
5.416667,7,2825.784487
26.875,33,2826.534806
27.041667,33,2827.328749
5.333333,7,2827.509395
26.375,33,2828.314327
27.666667,33,2829.076886
26.916667,33,2829.846795
10.375,12,2830.145271
9.458333,11,2830.415571
26.583333,33,2831.185994
5.625,7,2831.374472
26.916667,33,2832.143203
26.583333,33,2832.900365
26.666667,33,2833.688324
14.708333,18,2834.143642
23.791667,33,2834.905401
26.375,33,2835.769457
25.708333,33,2836.602486
5.291667,7,2836.803432
25.5,33,2837.611399
5.708333,7,2837.806809
25.25,33,2838.579358
25.208333,33,2839.342528
23.916667,33,2840.106962
24.166667,33,2840.905777
9.458333,11,2841.178217
2.583333,4,2841.292149
24.958333,33,2842.057898
8.833333,11,2842.341606
26.583333,33,2843.200014
9.958333,12,2843.508993
27.583333,33,2844.26195
26.083333,33,2845.028341
9.208333,11,2845.310315
27.541667,33,2846.06453
10.0,12,2846.369853
25.583333,33,2847.13959
26.625,33,2847.888146
26.333333,33,2850.462052
27.458333,33,2851.208822
2.75,4,2851.337993
25.083333,33,2852.107776
26.125,33,2852.871999
5.625,7,2853.053684
26.458333,33,2853.813024
9.833333,12,2854.115396
26.25,33,2854.880203
25.125,33,2855.625574
8.666667,10,2855.895856
26.375,33,2856.682821
24.75,33,2857.506773
26.0,33,2858.36798
26.083333,33,2859.189883
27.791667,33,2859.981685
27.25,33,2860.791306
27.041667,33,2861.606123
8.916667,11,2861.897437
28.166667,33,2862.691344
26.833333,33,2863.468468
9.041667,11,2863.74291
9.416667,11,2864.01872
5.583333,7,2864.206732
2.833333,4,2864.313884
10.125,12,2864.6239
15.458333,19,2867.755277
5.708333,7,2867.934307
27.5,33,2868.76415
26.916667,33,2869.569515
26.291667,33,2870.3214
27.375,33,2871.102215
5.625,7,2871.280411
27.458333,33,2872.022477
26.416667,33,2872.780175
12.166667,14,2873.132276
26.416667,33,2873.909517
25.958333,33,2874.662716
5.625,7,2874.846849
27.041667,33,2875.621541
27.125,33,2876.39633
27.125,33,2877.155633
26.375,33,2877.938138
5.708333,7,2878.12827
27.708333,33,2878.877932
24.125,33,2879.62318
5.666667,7,2879.818629
25.5,33,2880.626276
9.708333,11,2880.899282
25.208333,33,2881.660045
26.791667,33,2882.434531
2.75,4,2882.54533
27.041667,33,2883.289402
25.291667,33,2884.043087
24.875,33,2884.821727
26.625,33,2885.572999
26.833333,33,2886.331252
26.666667,33,2887.098307
25.5,33,2887.866339
5.583333,7,2888.046234
9.958333,12,2888.37459
5.708333,7,2888.576058
28.041667,33,2889.351736
9.541667,11,2889.6256
27.083333,33,2890.368002
26.458333,33,2891.141632
10.958333,13,2891.470132
25.458333,33,2892.265742
24.833333,33,2893.034451
27.875,33,2893.789935
24.958333,33,2894.551557
25.416667,33,2895.345711
24.833333,33,2896.119372
25.916667,33,2896.878936
5.25,7,2897.061547
5.666667,7,2897.242622
27.0,33,2898.011886
26.5,33,2898.777285
9.541667,11,2899.05168
25.958333,33,2899.817762
26.041667,33,2900.581387
27.833333,33,2901.332217
10.208333,12,2903.444878
27.625,33,2904.214693
27.291667,33,2904.956477
25.458333,33,2905.725577
26.5,33,2906.518429
25.958333,33,2907.269101
10.333333,13,2907.591859
25.875,33,2908.364925
27.666667,33,2909.096117
26.833333,33,2909.875911
5.458333,7,2910.056672
28.0,33,2910.836356
28.0,33,2911.612534
5.416667,7,2911.794267
25.458333,33,2912.564121
26.666667,33,2913.332399
9.708333,12,2913.637445
24.75,33,2914.407875
2.833333,4,2914.517676
25.041667,33,2915.330555
26.458333,33,2916.091115
26.583333,33,2916.83848
10.5,13,2917.181164
25.833333,33,2917.961298
5.625,7,2918.149726
28.041667,33,2918.980814
27.625,33,2919.764256
26.333333,33,2920.534402
26.041667,33,2921.276156
25.0,33,2922.055914
25.375,33,2922.820026
2.625,4,2922.934466
27.541667,33,2923.700451
12.75,15,2924.074394
27.5,33,2924.838255
28.041667,33,2925.622397
25.916667,33,2926.381116
26.875,33,2927.126461
25.583333,33,2927.88907
24.583333,33,2928.654022
9.0,11,2928.927013
5.5,7,2929.112746
27.833333,33,2929.852827
5.666667,7,2930.039422
27.0,33,2930.815091
26.5,33,2931.557618
26.791667,33,2932.323065
26.875,33,2933.121118
26.291667,33,2933.878517
27.833333,33,2934.639226
9.833333,12,2934.939266
26.041667,33,2935.689634
26.791667,33,2936.451046
25.916667,33,2937.219342
25.625,33,2937.982759
9.458333,11,2938.268976
9.791667,12,2938.587194
2.375,4,2938.706729
26.791667,33,2939.518519
26.541667,33,2940.322269
27.541667,33,2941.111457
5.75,7,2941.304075
27.041667,33,2942.126259
27.125,33,2942.936466
28.041667,33,2943.732709
2.833333,4,2943.843224
26.708333,33,2944.594246
27.708333,33,2945.395127
27.458333,33,2946.160402
27.625,33,2946.914716
26.666667,33,2947.682172
9.583333,11,2947.958639
27.291667,33,2948.738649
26.791667,33,2949.514511
10.583333,13,2949.887927
27.833333,33,2950.647284
2.666667,4,2950.76002
26.833333,33,2951.510259
9.666667,12,2953.719137
27.0,33,2954.520343
9.5,11,2954.807072
28.083333,33,2955.591413
27.666667,33,2956.418933
27.083333,33,2957.172508
10.541667,13,2957.490114
27.416667,33,2958.270331
27.333333,33,2959.057592
26.416667,33,2959.827518
5.666667,7,2960.004086
5.333333,7,2960.186053
25.875,33,2960.948195
2.791667,4,2961.065988
26.083333,33,2961.823012
13.75,18,2962.29795
26.375,33,2963.061127
27.458333,33,2963.820085
28.166667,33,2964.559695
25.916667,33,2965.353258
9.416667,11,2965.632163
9.583333,13,2965.966179
26.333333,33,2966.724676
26.458333,33,2967.493794
28.0,33,2968.228558
26.458333,33,2968.992656
5.625,7,2969.174584
27.708333,33,2969.980388
25.625,33,2970.743633
25.791667,33,2971.598776
24.875,33,2972.415188
25.375,33,2973.202748
26.25,33,2974.037908
27.666667,33,2974.81108
27.833333,33,2975.579762
26.625,33,2976.384848
26.75,33,2977.158803
20.25,25,2977.760319
5.416667,7,2977.943428
27.75,33,2978.721887
27.791667,33,2979.523915
26.041667,33,2980.2928
9.333333,11,2980.597198
27.583333,33,2981.365057
27.583333,33,2982.120931
28.208333,33,2982.908849
25.375,33,2983.684224
26.0,33,2984.510298
26.0,33,2985.348712
26.25,33,2986.195267
26.375,33,2987.005708
27.625,33,2987.828662
27.791667,33,2988.656736
27.583333,33,2989.493185
26.583333,33,2994.124269
25.375,33,2994.892545
27.708333,33,2995.74192
27.958333,33,2996.544794
26.625,33,2997.361022
5.666667,7,2997.539355
26.583333,33,2998.295085
9.833333,12,2998.591486
25.25,33,2999.355229
27.5,33,3000.105478
27.75,33,3000.869262
26.5,33,3001.640911
5.291667,7,3001.821132
5.583333,7,3001.995672
27.958333,33,3002.773166
26.458333,33,3003.55331
27.625,33,3004.297264
26.958333,33,3005.069535
27.166667,33,3005.817369
26.458333,33,3008.405346
27.333333,33,3009.207848
26.75,33,3010.023252
16.291667,21,3010.528135
25.375,33,3011.322265
9.541667,11,3011.598844
27.708333,33,3012.369529
27.833333,33,3013.117529
27.166667,33,3013.904052
8.916667,11,3014.176466
2.791667,4,3014.287623
5.458333,7,3014.466492
5.625,7,3014.655684
26.625,33,3015.434042
28.041667,33,3016.228552
9.25,11,3016.505083
27.083333,33,3017.272332
5.75,7,3017.455976
26.083333,33,3018.232967
11.25,14,3018.582347
28.166667,33,3019.344675
5.666667,7,3019.522525
5.583333,7,3019.699617
9.625,11,3019.995992
24.958333,33,3020.759994
27.75,33,3021.525379
25.833333,33,3022.304482
26.625,33,3023.059474
27.0,33,3023.87571
2.833333,4,3023.984652
9.458333,11,3024.272515
5.458333,7,3024.461893
26.333333,33,3025.21318
26.958333,33,3025.979814
27.666667,33,3026.759815
28.083333,33,3027.511094
5.291667,7,3027.693184
26.916667,33,3028.453696
27.416667,33,3029.236931
28.166667,33,3029.977645
25.541667,33,3030.739797
27.833333,33,3031.5451
27.916667,33,3032.338561
26.75,33,3033.160802
26.166667,33,3033.966375
27.458333,33,3034.79622
26.833333,33,3035.587114
2.708333,4,3035.702336
26.916667,33,3036.470744
27.166667,33,3037.226058
5.25,7,3037.404666
27.291667,33,3038.177831
27.083333,33,3038.940073
27.666667,33,3039.756663
9.25,11,3040.03572
9.666667,11,3040.317345
5.708333,7,3040.498836
9.333333,11,3040.769264
26.666667,33,3041.543035
27.75,33,3042.315633
26.625,33,3043.070715
27.041667,33,3043.853078
27.333333,33,3044.641595
27.708333,33,3045.374424
26.875,33,3046.214251
27.0,33,3047.000864
25.5,33,3047.768009
27.125,33,3048.567382
2.833333,4,3048.685356
26.583333,33,3049.464798
27.0,33,3050.280946
27.083333,33,3051.092005
25.5,33,3051.883575
26.0,33,3052.641735
9.791667,12,3052.957549
26.666667,33,3053.735753
27.75,33,3054.513628
26.666667,33,3055.28957
9.333333,12,3055.598571
5.625,7,3055.783649
5.458333,7,3055.963318
26.416667,33,3056.724595
25.666667,33,3059.331544
26.583333,33,3060.097667
25.625,33,3060.861021
27.916667,33,3061.645269
28.25,33,3062.382822
27.916667,33,3063.129921
26.333333,33,3063.901172
25.833333,33,3064.660788
11.041667,14,3065.005661
27.708333,33,3065.803123
27.166667,33,3066.56877
27.166667,33,3067.318947
27.791667,33,3068.099322
27.583333,33,3068.866026
27.0,33,3069.614598
26.625,33,3070.396736
2.791667,4,3070.506141
27.333333,33,3071.287981
9.041667,11,3071.56203
28.0,33,3072.328148
5.5,7,3072.531039
27.958333,33,3073.292226
27.291667,33,3074.053103
28.166667,33,3074.821382
26.25,33,3075.582678
4.583333,6,3075.743791
26.916667,33,3076.563526
26.541667,33,3077.337658
5.625,7,3077.520564
10.333333,13,3077.844607
9.541667,11,3078.131549
27.833333,33,3078.896667
27.875,33,3079.675095
26.708333,33,3080.441805
26.791667,33,3081.231866
27.333333,33,3081.999032
27.458333,33,3082.770734
14.375,18,3083.219038
25.833333,33,3084.008855
13.833333,17,3084.421895
5.458333,7,3084.602956
9.375,12,3084.909423
26.916667,33,3085.705052
5.416667,7,3085.886843
5.541667,7,3086.06912
27.666667,33,3086.832718
25.958333,33,3087.609922
11.166667,13,3087.950694
5.333333,7,3088.134912
27.916667,33,3088.918792
5.208333,7,3089.107802
7.25,9,3089.342016
27.333333,33,3090.12051
5.5,7,3090.307739
26.916667,33,3091.058531
5.416667,7,3091.245265
8.625,10,3091.495066
2.75,4,3091.606591
25.875,33,3092.387406
5.416667,7,3092.565432
26.625,33,3093.340826
9.5,12,3093.642028
26.5,33,3094.433743
27.916667,33,3095.209928
28.0,33,3095.967426
27.333333,33,3096.756532
26.666667,33,3097.510729
26.375,33,3098.275795
27.166667,33,3099.040702
2.708333,4,3099.149435
28.208333,33,3099.93049
25.458333,33,3100.684588
25.583333,33,3101.452806
5.791667,7,3101.630896
2.791667,4,3101.743127
27.708333,33,3102.483402
26.958333,33,3103.283602
27.541667,33,3104.027454
5.333333,7,3104.21056
27.75,33,3104.953172
5.375,7,3105.132529
26.375,33,3105.901533
5.416667,7,3106.09238
27.583333,33,3106.861856
9.625,11,3107.139452
9.541667,11,3107.409415
26.333333,33,3109.985471
25.166667,33,3110.751168
26.416667,33,3111.516894
9.0,11,3111.788753
27.875,33,3112.557249
3.458333,5,3112.689689
2.791667,4,3112.798985
27.583333,33,3113.554732
27.375,33,3114.31782
5.5,7,3114.496801
26.958333,33,3115.250503
26.375,33,3116.004567
9.583333,11,3116.296975
26.625,33,3117.117575
26.75,33,3117.905968
28.291667,33,3119.924133
26.833333,33,3120.772837
27.583333,33,3121.545725
10.083333,12,3121.842057
26.75,33,3122.604267
9.5,11,3122.903383
27.5,33,3123.655976
5.625,7,3123.833935
25.5,31,3124.559624
2.833333,4,3124.67079
26.333333,33,3125.432068
27.125,33,3126.188613
26.583333,33,3126.956214
27.833333,33,3127.722076
27.0,33,3128.477553
27.708333,33,3129.285964
26.666667,33,3130.044977
26.916667,33,3130.872034
9.25,11,3131.14596
5.25,7,3131.323464
27.75,33,3132.088377
26.708333,33,3132.90562
26.583333,33,3133.750449
27.166667,33,3134.522193
3.458333,5,3134.651797
5.75,7,3134.80672
27.583333,33,3135.491767
27.541667,33,3136.183814
5.708333,7,3136.342387
26.5,33,3137.053156
5.625,7,3137.230328
27.0,33,3137.952282
27.0,33,3138.660688
28.041667,33,3139.383056
9.166667,11,3139.632952
26.916667,33,3140.360789
27.5,33,3141.053221
27.916667,33,3141.734323
26.166667,33,3142.417779
24.791667,33,3143.102101
26.708333,33,3143.796347
27.0,33,3144.478075
26.791667,33,3145.160407
5.583333,7,3145.33744
27.416667,33,3146.048228
28.041667,33,3146.777946
9.458333,11,3147.028587
27.75,33,3147.729568
25.958333,33,3148.425785
26.166667,33,3149.118537
5.625,7,3149.279253
26.041667,33,3149.95032
27.375,33,3150.632276
8.583333,10,3150.862324
27.791667,33,3151.553832
27.166667,33,3152.227691
27.458333,33,3152.958786
27.5,33,3153.722326
26.333333,33,3154.462182
27.125,33,3155.199556
5.75,7,3155.359738
9.458333,11,3155.616144
27.583333,33,3156.301708
27.625,33,3158.485967
8.833333,11,3158.753262
2.791667,4,3158.858288
27.0,33,3159.557702
28.041667,33,3160.290389
9.041667,11,3160.553988
5.375,7,3160.721406
27.041667,33,3161.409484
27.708333,33,3162.118223
27.541667,33,3162.833853
26.375,33,3163.559119
28.083333,33,3164.259628
26.75,33,3164.962431
11.25,14,3165.279151
27.5,33,3165.968973
27.666667,33,3166.675712
9.625,11,3166.937907
27.916667,33,3167.628954
9.666667,12,3167.907062
9.958333,12,3168.188993
26.833333,33,3168.889081
26.708333,33,3169.580787
5.666667,7,3169.755238
26.458333,33,3170.450655
5.125,7,3170.608405
27.666667,33,3171.307325
27.666667,33,3171.996502
27.625,33,3172.673085
5.625,7,3172.84658
27.041667,33,3173.538922
9.125,11,3173.804317
27.916667,33,3174.508003
28.25,33,3175.217772
5.5,7,3175.376724
5.416667,7,3175.547266
5.75,7,3175.701913
27.791667,33,3176.400609
2.75,4,3176.502873
2.75,4,3176.604135
27.708333,33,3177.284894
27.083333,33,3177.987132
28.208333,33,3178.691697
2.666667,4,3178.790982
27.25,33,3179.501418
28.125,33,3180.214549
27.333333,33,3180.898971
27.75,33,3181.627187
9.708333,12,3181.90845
28.208333,33,3182.639284
28.291667,33,3183.347074
27.791667,33,3184.049014
27.791667,33,3184.758182
8.916667,11,3185.017971
26.833333,33,3185.725591
27.458333,33,3186.452134
26.583333,33,3187.185035
27.541667,33,3187.919218
5.416667,7,3188.086686
26.0,33,3188.816622
9.5,11,3189.071313
28.041667,33,3189.784463
5.208333,7,3189.952457
27.041667,33,3190.649384
27.833333,33,3191.36657
25.958333,33,3192.065038
26.666667,33,3192.742268
5.333333,7,3192.91027
9.625,12,3193.183019
26.791667,33,3193.888844
26.875,33,3194.578167
25.5,33,3195.303173
27.166667,33,3196.005807
27.833333,33,3196.671523
28.083333,33,3197.388021
28.333333,33,3198.110525
5.625,7,3198.285765
2.708333,4,3198.394779
5.25,7,3198.570876
28.041667,33,3199.263645
5.416667,7,3199.426325
27.583333,33,3200.137978
28.0,33,3200.84659
27.708333,33,3201.543065
27.916667,33,3202.238796
5.666667,7,3202.410243
26.0,33,3204.647537
28.208333,33,3205.370283
26.875,33,3206.068039
9.458333,13,3206.367904
28.291667,33,3207.081637
26.916667,33,3207.812357
26.458333,33,3208.566398
27.625,33,3209.267125
28.208333,33,3209.97817
5.666667,7,3210.153311
27.458333,33,3210.880279
27.125,33,3211.645738
5.666667,7,3211.815733
9.625,11,3212.076022
27.041667,33,3212.776966
26.958333,33,3213.513724
9.041667,11,3213.782394
27.25,33,3214.497493
27.166667,33,3215.224552
27.0,33,3215.931255
5.375,7,3216.098208
5.666667,7,3216.268113
26.75,33,3216.969229
27.083333,33,3217.684038
26.0,33,3218.378565
5.416667,7,3218.553936
26.208333,33,3219.277633
27.916667,33,3219.982964
26.583333,33,3220.680509
27.583333,33,3221.546621
5.666667,7,3221.733141
27.791667,33,3222.455303
27.041667,33,3223.180257
26.708333,33,3223.901541
5.458333,7,3224.077825
26.458333,33,3224.792802
27.708333,33,3225.530377
27.0,33,3226.242908
27.708333,33,3226.951258
9.791667,12,3227.229507
5.666667,7,3227.411718
27.833333,33,3228.140876
5.375,7,3228.312656
8.916667,11,3228.571117
26.75,33,3229.284077
5.791667,7,3229.465095
28.208333,33,3230.198025
10.0,13,3230.52588
27.708333,33,3231.271534
5.625,7,3231.454526
27.375,33,3232.206208
27.0,33,3234.977616
26.958333,33,3235.699177
27.583333,33,3236.590128
5.458333,7,3236.779038
27.75,33,3237.624165
27.291667,33,3238.381722
5.791667,7,3238.550448
27.333333,33,3239.298748
28.041667,33,3240.047156
26.583333,33,3240.782558
5.416667,7,3240.959143
27.125,33,3241.706671
18.666667,25,3242.298348
9.625,12,3242.604409
26.583333,33,3243.362257
28.166667,33,3244.104446
26.791667,33,3244.830142
26.916667,33,3245.560211
9.541667,11,3245.823738
27.083333,33,3246.541096
26.208333,33,3247.308715
26.625,33,3247.997016
17.75,22,3248.492344
26.666667,33,3249.241934
5.458333,7,3249.416932
27.75,33,3250.202786
27.0,33,3250.914017
11.166667,14,3251.289206
5.583333,7,3251.476493
25.583333,33,3252.291503
27.958333,33,3255.178459
26.708333,33,3255.903488
27.375,33,3256.59814
27.166667,33,3257.293901
27.375,33,3257.991472
27.875,33,3258.713073
28.083333,33,3259.435297
26.791667,33,3260.20195
25.958333,33,3260.940331
27.416667,33,3261.668592
5.833333,7,3261.844135
28.041667,33,3262.656039
5.583333,7,3262.828844
5.5,7,3263.00244
27.625,33,3263.716198
27.333333,33,3264.412504
27.583333,33,3265.129155
27.666667,33,3265.834989
26.916667,33,3266.560361
5.75,7,3266.736725
27.75,33,3267.45648
27.0,33,3268.177372
22.833333,28,3268.796437
26.708333,33,3269.496395
5.5,7,3269.670095
13.791667,17,3270.057661
27.583333,33,3270.804772
28.166667,33,3271.690283
27.666667,33,3272.452399
9.25,11,3272.71695
5.666667,7,3272.888736
27.125,33,3273.624951
28.291667,33,3274.336647
27.125,33,3275.050202
27.666667,33,3275.785002
5.791667,7,3275.956863
26.708333,33,3276.677144
26.833333,33,3277.394552
26.5,33,3278.11027
27.166667,33,3278.825856
26.833333,33,3279.547455
9.375,11,3279.822851
27.75,33,3280.549893
28.125,33,3281.267969
27.125,33,3282.051792
5.375,7,3282.227804
26.5,33,3282.950856
10.666667,13,3283.255948
5.583333,7,3283.427681
5.583333,7,3283.598618
27.583333,33,3284.353595
27.291667,33,3285.087893
26.708333,33,3285.802939
26.833333,33,3286.537927
9.333333,12,3286.878512
26.791667,33,3287.605015
27.666667,33,3288.328009
26.666667,33,3289.075002
5.625,7,3289.259186
5.375,7,3289.444273
27.041667,33,3290.208405
28.25,33,3291.009277
26.958333,33,3291.871737
28.0,33,3292.687972
27.458333,33,3293.502459
26.583333,33,3294.320082
27.875,33,3295.45343
5.458333,7,3295.739002
27.833333,33,3296.853393
26.583333,33,3297.723948
27.041667,33,3298.552955
26.708333,33,3299.36351
27.416667,33,3300.177574
27.541667,33,3301.00774
5.458333,7,3301.206312
26.75,33,3302.049824
26.708333,33,3304.745474
26.625,33,3305.569851
26.875,33,3306.380255
26.958333,33,3307.178239
27.208333,33,3307.963552
26.416667,33,3308.820032
26.958333,33,3309.658833
10.083333,12,3310.053423
27.958333,33,3310.963188
26.5,33,3311.888627
27.416667,33,3312.802861
15.125,18,3313.297659
5.541667,7,3313.505765
27.583333,33,3314.368052
9.625,12,3314.702075
8.958333,11,3315.001415
13.791667,16,3315.425478
27.375,33,3316.255053
26.625,33,3317.110233
28.25,33,3317.972803
28.125,33,3318.865272
3.5,5,3319.022319
27.25,33,3319.890187
9.625,11,3320.205425
27.583333,33,3321.034432
9.583333,11,3321.372674
27.5,33,3322.215454
5.708333,7,3322.423271
27.916667,33,3323.27106
5.5,7,3323.481343
26.75,33,3324.316792
5.625,7,3324.505293
27.666667,33,3325.302167
5.75,7,3325.497268
9.625,11,3325.791271
9.458333,12,3326.111871
28.166667,33,3326.934477
9.625,11,3327.24145
27.541667,33,3328.065356
26.666667,33,3328.891901
9.083333,11,3329.188415
5.458333,7,3329.383155
5.541667,7,3329.587078
25.833333,33,3330.422786
27.0,33,3331.280596
27.875,33,3332.108639
27.5,33,3332.921145
27.083333,33,3333.743907
8.583333,10,3334.014951
26.625,33,3334.848267
5.708333,7,3335.046113
25.5,33,3335.881181
26.25,33,3336.745807
9.291667,11,3337.051229
27.458333,33,3337.900113
26.875,33,3338.763849
26.916667,33,3339.631289
9.208333,12,3339.965808
27.083333,33,3340.829844
5.791667,7,3341.025349
9.75,12,3341.358578
5.666667,7,3341.556928
26.875,33,3342.345604
9.5,11,3342.652996
5.708333,7,3342.85328
27.083333,33,3343.680421
3.625,5,3343.820148
5.666667,7,3344.011699
26.5,33,3344.843175
5.625,7,3345.041547
5.625,7,3345.245951
27.458333,33,3346.094112
27.75,33,3346.925223
27.875,33,3347.784571
2.583333,4,3347.902478
5.75,7,3348.108967
5.541667,7,3348.304436
26.958333,33,3349.129764
5.541667,7,3349.341729
27.666667,33,3350.174882
5.25,7,3350.36524
27.625,33,3351.852929
27.541667,33,3352.961607
26.333333,33,3353.95733
26.541667,33,3354.88376
26.791667,33,3355.735068
27.791667,33,3356.611759
27.5,33,3357.490843
27.083333,33,3358.401555
27.291667,33,3361.597507
27.75,33,3362.49974
9.333333,11,3362.830821
26.666667,33,3363.688136
26.916667,33,3364.547407
27.541667,33,3369.411429
2.666667,4,3369.5396
27.666667,33,3370.428961
27.875,33,3371.37259
27.0,33,3372.345389
26.416667,33,3373.292021
27.541667,33,3374.275496
27.375,33,3375.238758
27.625,33,3376.121477
26.333333,33,3377.008132
27.583333,33,3377.884407
26.541667,33,3378.7914
28.0,33,3379.658343
21.0,27,3380.40457
25.916667,33,3381.269768
28.083333,33,3382.108604
27.708333,33,3383.017543
2.833333,4,3383.157341
27.666667,33,3384.106392
27.708333,33,3385.044373
26.375,33,3385.971965
27.666667,33,3386.855638
27.208333,33,3387.820559
27.791667,33,3388.78707
27.791667,33,3389.733567
5.75,7,3389.947901
27.333333,33,3390.857671
5.416667,7,3391.087874
5.5,7,3391.376836
27.166667,33,3392.270552
27.583333,33,3393.158452
26.5,33,3394.163241
26.583333,33,3395.153966
27.291667,33,3396.140959
27.75,33,3397.046762
27.791667,33,3397.936721
27.083333,33,3398.846745
5.541667,7,3399.062831
27.041667,33,3400.029883
26.625,33,3400.945716
26.833333,33,3401.864772
5.75,7,3402.076987
26.791667,33,3403.145204
27.916667,33,3404.043355
27.583333,33,3404.941898
5.75,7,3405.156865
26.0,33,3406.036399
27.166667,33,3406.913946
27.583333,33,3407.779766
26.625,33,3408.633475
26.5,33,3409.552588
5.75,7,3409.760047
9.291667,11,3410.071326
26.625,33,3410.917664
27.833333,33,3411.892357
2.625,4,3412.019611
27.166667,33,3412.887697
5.75,7,3413.093804
5.75,7,3413.343393
10.375,13,3413.736017
26.375,33,3414.589452
27.041667,33,3415.486733
5.75,7,3415.719872
27.625,33,3416.627218
2.75,4,3416.760825
27.541667,33,3417.648129
9.833333,12,3418.01834
11.375,13,3418.414823
26.958333,33,3419.331903
28.166667,33,3420.233489
26.791667,33,3421.164734
27.5,33,3422.178614
27.125,33,3425.578163
28.166667,33,3426.52361
25.583333,33,3427.475588
27.916667,33,3428.3233
27.041667,33,3429.200903
27.083333,33,3430.081725
27.041667,33,3430.984147
27.041667,33,3431.849865
27.416667,33,3432.796286
5.708333,7,3433.051721
26.958333,33,3433.919511
9.458333,11,3434.229771
2.791667,4,3434.35095
27.208333,33,3435.284774
27.708333,33,3436.25501
28.041667,33,3437.140739
26.625,33,3438.063953
27.083333,33,3438.957102
5.291667,7,3439.176419
27.875,33,3440.10332
9.583333,11,3440.419892
26.958333,33,3441.303444
26.541667,33,3442.254833
2.791667,4,3442.392458
27.5,33,3443.32843
9.916667,12,3443.687544
22.583333,28,3444.546861
26.583333,33,3445.498256
28.208333,33,3446.4509
26.375,33,3447.390431
27.333333,33,3448.242239
27.541667,33,3449.114788
26.625,33,3450.489576
26.708333,33,3452.095478
10.333333,13,3452.516615
9.5,12,3452.920627
9.458333,11,3453.296843
27.291667,33,3454.176986
26.958333,33,3455.085656
26.791667,33,3455.966412
25.916667,33,3456.868567
26.916667,33,3457.746538
9.458333,11,3458.06039
27.0,33,3458.917987
9.916667,12,3459.257504
5.625,7,3459.468554
26.791667,33,3460.29774
27.333333,33,3461.230948
27.166667,33,3462.094905
8.5,10,3462.380165
27.166667,33,3463.264947
27.208333,33,3464.235362
27.833333,33,3465.119991
9.666667,11,3465.446141
9.083333,11,3465.757606
9.666667,11,3466.091569
2.791667,4,3466.227954
5.458333,7,3466.447046
9.333333,12,3466.826431
27.208333,33,3467.719307
26.0,33,3468.635116
27.416667,33,3469.504163
26.75,33,3470.367388
27.666667,33,3471.223812
8.916667,11,3471.538472
27.375,33,3472.464446
26.166667,33,3473.53029
9.666667,12,3473.903254
27.708333,33,3474.921339
5.416667,7,3475.182262
27.375,33,3476.193032
5.541667,7,3476.529291
27.625,33,3477.6066
27.708333,33,3478.632214
9.583333,11,3479.043562
5.75,7,3479.313228
27.875,33,3480.229467
27.125,33,3481.189492
15.5,19,3481.819649
27.791667,33,3482.801602
5.583333,7,3483.051344
26.875,33,3484.111145
5.583333,7,3484.360308
26.875,33,3487.872561
26.75,33,3488.891918
27.791667,33,3489.884506
27.125,33,3490.933467
27.041667,33,3491.817617
27.333333,33,3492.741497
26.666667,33,3493.755876
27.166667,33,3494.979606
27.166667,33,3496.311514
26.75,33,3497.290385
27.208333,33,3498.294395
9.583333,11,3499.246935
27.75,33,3500.136407
27.583333,33,3500.991444
26.041667,33,3501.843135
25.416667,33,3502.689316
27.833333,33,3503.61413
26.666667,33,3504.461035
5.75,7,3504.680573
27.666667,33,3505.561047
9.333333,11,3505.87622
26.5,33,3506.761531
27.833333,33,3507.678489
8.666667,10,3507.972059
9.666667,11,3508.28622
27.166667,33,3509.115179
27.708333,33,3509.973937
27.208333,33,3510.822285
27.541667,33,3511.672699
27.125,33,3512.520404
27.166667,33,3513.371797
10.0,12,3513.713427
26.958333,33,3514.578114
27.5,33,3515.434935
8.958333,11,3515.74399
27.875,33,3516.617798
27.75,33,3519.726155
27.583333,33,3520.550128
27.041667,33,3521.394828
27.916667,33,3522.245095
26.166667,33,3523.092465
27.083333,33,3523.903
5.5,7,3524.102933
27.875,33,3524.93031
24.916667,33,3525.771472
27.791667,33,3526.633897
27.625,33,3527.457354
27.75,33,3528.311589
2.708333,4,3528.432491
26.75,33,3529.246152
27.791667,33,3530.081275
2.833333,4,3530.205517
26.791667,33,3531.022065
9.166667,11,3531.329038
27.833333,33,3532.160465
8.916667,11,3532.459625
27.708333,33,3533.302619
26.041667,33,3534.145151
27.25,33,3535.014767
25.375,33,3535.846992
28.125,33,3536.667817
27.625,33,3537.472438
28.125,33,3538.305782
27.708333,33,3539.142034
27.333333,33,3539.975842
2.75,4,3540.101341
27.916667,33,3540.943428
27.875,33,3541.77391
27.25,33,3542.593462
26.666667,33,3543.410273
5.666667,7,3543.614597
10.958333,14,3544.000272
27.25,33,3544.835362
27.583333,33,3547.533709
28.166667,33,3548.367688
5.75,7,3548.56516
5.708333,7,3548.767029
27.666667,33,3549.645349
5.416667,7,3549.849191
26.291667,33,3550.72131
2.75,4,3550.837155
5.791667,7,3551.032032
26.833333,33,3552.08201
27.75,33,3553.043954
26.541667,33,3553.934085
28.0,33,3554.782345
27.0,33,3555.6563
27.291667,33,3556.520699
26.583333,33,3557.348958
5.458333,7,3557.552603
26.916667,33,3558.434876
26.625,33,3559.29918
5.75,7,3559.507327
5.75,7,3559.705492
5.625,7,3559.899614
27.5,33,3560.746572
26.708333,33,3561.575979
27.125,33,3562.437745
9.75,12,3562.759856
5.708333,7,3562.956636
27.791667,33,3563.823153
9.5,11,3564.114476
26.125,33,3564.947855
27.625,33,3565.749286
26.625,33,3566.553869
27.708333,33,3567.36224
27.75,33,3568.18232
5.791667,7,3568.380562
27.791667,33,3569.230216
4.958333,7,3569.430757
28.166667,33,3570.274367
27.291667,33,3571.085279
28.333333,33,3571.918098
9.583333,11,3572.226598
27.833333,33,3573.031307
27.0,33,3573.865428
27.25,33,3574.712318
27.916667,33,3575.561548
26.75,33,3576.373598
9.291667,12,3576.700677
27.666667,33,3577.544629
27.416667,33,3578.377249
5.75,7,3578.568158
26.958333,33,3579.400156
27.0,33,3580.227417
27.958333,33,3581.062261
27.208333,33,3581.918591
28.25,33,3582.753074
9.333333,11,3583.053851
5.75,8,3583.281866
27.708333,33,3584.104197
26.916667,33,3584.938995
27.166667,33,3585.782071
26.0,33,3586.628234
5.708333,7,3586.829092
27.541667,33,3587.716384
28.208333,33,3588.585174
26.541667,33,3589.443022
9.416667,12,3589.778891
2.625,4,3589.903827
27.166667,33,3590.834718
27.25,33,3591.719612
8.666667,10,3592.013952
26.833333,33,3592.925575
5.5,7,3593.135029
5.666667,7,3593.344871
27.625,33,3594.195746
26.875,33,3595.085583
9.125,12,3595.421013
26.083333,33,3596.290972
26.541667,33,3597.1498
27.041667,33,3598.003035
27.208333,33,3598.856776
27.083333,33,3599.736147
26.625,33,3602.586643
5.708333,7,3602.857226
27.916667,33,3603.72836
27.833333,33,3604.591571
5.666667,7,3604.802239
27.791667,33,3605.64487
27.25,33,3606.485157
26.208333,33,3607.347018
20.083333,25,3608.009125
26.916667,33,3608.871891
25.958333,33,3609.769614
9.333333,12,3610.128001
27.875,33,3610.989955
27.708333,33,3611.815014
9.416667,11,3612.13523
27.833333,33,3613.010186
26.625,33,3613.850284
2.833333,4,3613.976732
2.75,4,3614.097957
27.416667,33,3614.967236
27.666667,33,3615.811881
26.125,33,3616.661224
5.25,7,3616.874777
27.083333,33,3617.711834
27.875,33,3618.594766
27.291667,33,3619.522966
28.0,33,3620.377756
9.25,11,3620.685007
27.458333,33,3621.526887
27.75,33,3622.37487
27.791667,33,3623.226425
27.208333,33,3624.063148
27.458333,33,3624.905444
28.0,33,3625.761616
5.458333,7,3625.965074
27.166667,33,3626.807512
27.125,33,3627.641567
28.041667,33,3628.503723
27.666667,33,3629.328995
27.791667,33,3630.154095
27.666667,33,3630.973424
27.416667,33,3631.813045
28.0,33,3632.645673
26.125,33,3633.493131
5.791667,7,3633.692127
28.041667,33,3634.524016
27.208333,33,3635.371276
5.666667,7,3635.576188
26.791667,33,3636.414818
26.875,33,3637.235213
27.583333,33,3638.042878
27.458333,33,3638.881068
27.583333,33,3639.721701
27.708333,33,3640.566881
27.583333,33,3641.390414
27.333333,33,3642.261074
2.791667,4,3642.377433
26.166667,33,3643.207543
26.458333,33,3644.045226
5.666667,7,3644.251089
5.75,7,3644.446491
27.666667,33,3645.295639
27.0,33,3646.143191
10.25,12,3646.467556
5.583333,7,3646.668
27.708333,33,3647.490124
27.166667,33,3648.334669
26.916667,33,3649.196307
11.791667,15,3649.609768
9.375,11,3649.928826
27.125,33,3650.777255
27.708333,33,3651.603064
27.458333,33,3652.509994
6.25,8,3652.754768
27.666667,33,3655.655523
2.541667,4,3655.775152
27.041667,33,3656.666249
28.208333,33,3657.531826
27.125,33,3660.727152
27.708333,33,3661.57891
27.833333,33,3662.420319
26.791667,33,3663.267036
26.583333,33,3664.090666
26.916667,33,3664.981531
27.083333,33,3665.82778
27.041667,33,3666.634933
5.625,7,3666.831612
26.75,33,3667.656964
28.125,33,3668.479023
26.125,33,3670.010057
26.708333,33,3671.910651
26.75,33,3672.966291
26.5,33,3673.919877
26.583333,33,3675.172775
27.458333,33,3676.90298
27.708333,33,3678.136821
27.041667,33,3679.467109
27.875,33,3680.418656
5.791667,7,3680.70613
26.75,33,3681.576614
5.416667,7,3681.782825
28.041667,33,3682.701932
9.25,12,3683.079285
27.083333,33,3683.981989
27.333333,33,3684.840137
27.125,33,3685.964698
5.791667,7,3686.209874
5.791667,7,3686.435566
5.791667,7,3686.639858
9.5,11,3686.937022
27.791667,33,3687.891519
3.458333,5,3688.087751
5.791667,7,3688.315698
27.541667,33,3689.35043
5.375,7,3689.572474
27.208333,33,3690.462354
27.458333,33,3691.318732
26.958333,33,3692.19185
9.208333,11,3692.507354
27.333333,33,3693.36497
27.333333,33,3694.290985
27.5,33,3695.141933
27.916667,33,3696.028942
26.083333,33,3696.914344
27.291667,33,3697.750758
9.5,11,3698.0671
26.541667,33,3698.954643
27.125,33,3699.80491
9.25,12,3700.148969
27.25,33,3701.029546
26.625,33,3701.901381
27.75,33,3702.756922
5.5,7,3702.963662
26.541667,33,3703.805815
2.833333,4,3703.929474
27.833333,33,3704.797716
5.791667,7,3705.038898
26.25,33,3705.928566
27.625,33,3706.787928
5.791667,7,3706.989822
25.958333,33,3707.844492
27.166667,33,3708.717327
27.166667,33,3709.664355
27.958333,33,3710.570697
5.375,7,3710.779036
9.583333,11,3711.293211
26.791667,33,3712.33435
5.75,7,3712.745849
27.25,33,3713.812265
27.875,33,3715.403247
26.666667,33,3716.833972
26.916667,33,3719.207205
10.541667,13,3719.828396
27.625,33,3721.047802
26.833333,33,3722.210199
28.041667,33,3723.490538
27.458333,33,3725.113394
27.916667,33,3729.594923
26.875,33,3730.614487
17.0,22,3731.498478
27.583333,33,3732.747296
5.208333,7,3732.99473
26.666667,33,3734.183518
9.458333,12,3734.612117
27.791667,33,3735.580314
27.666667,33,3736.56542
27.125,33,3738.071883
26.958333,33,3739.441756
9.291667,11,3739.85164
27.625,33,3740.865777
27.708333,33,3741.811362
26.125,33,3742.9304
5.791667,7,3743.155719
9.541667,12,3743.584793
26.625,33,3744.81438
26.416667,33,3746.066497
27.75,33,3747.220503
5.666667,7,3747.506939
27.625,33,3748.747577
9.791667,12,3749.189586
26.791667,33,3750.292771
27.958333,33,3751.445621
27.125,33,3752.53234
26.541667,33,3753.580279
26.666667,33,3754.624588
26.875,33,3755.602541
26.791667,33,3756.738602
27.208333,33,3757.873425
28.166667,33,3758.808585
28.0,33,3759.822259
27.458333,33,3760.863304
26.916667,33,3761.890132
27.666667,33,3762.826431
27.416667,33,3763.804656
5.708333,7,3764.040359
27.708333,33,3765.070704
27.625,33,3766.184113
5.625,7,3766.454841
26.541667,33,3767.485897
26.583333,33,3768.936789
26.708333,33,3770.163437
26.583333,33,3771.461298
26.708333,33,3772.573554
9.291667,12,3773.258838
26.083333,33,3775.671084
27.083333,33,3777.753068
27.708333,33,3779.492446
5.5,7,3779.879553
2.75,4,3780.230059
27.666667,33,3781.926877
27.083333,33,3783.140334
26.791667,33,3784.311246
27.75,33,3785.760323
27.916667,33,3787.141344
27.291667,33,3788.523034
27.0,33,3790.377193
2.666667,4,3790.600832
26.708333,33,3792.226517
9.083333,11,3793.156283
26.625,33,3795.335499
9.5,11,3796.269597
27.375,33,3798.466977
27.875,33,3799.84246
9.25,11,3800.303039
27.833333,33,3801.619016
27.333333,33,3802.938354
9.291667,12,3803.80254
26.75,33,3805.075173
5.666667,7,3805.365153
2.625,4,3805.571721
26.625,33,3807.003825
27.833333,33,3809.055827
27.5,33,3811.25686
10.083333,13,3812.190611
9.291667,11,3816.307523
27.583333,33,3817.702865
2.833333,4,3817.896368
9.666667,11,3818.433274
27.625,33,3820.485063
5.333333,7,3821.033124
27.291667,33,3823.167475
26.958333,33,3825.149562
26.75,33,3827.345097
5.791667,7,3827.743993
27.208333,33,3829.067241
28.0,33,3830.372008
5.458333,7,3830.716411
27.166667,33,3832.120543
27.083333,33,3833.69667
27.75,33,3835.276587
27.5,33,3836.752876
5.75,7,3837.122317
27.75,33,3838.635202
27.041667,33,3839.936196
5.666667,7,3840.223609
5.708333,7,3840.500798
27.208333,33,3841.864069
27.041667,33,3843.134977
28.166667,33,3844.548328
26.791667,33,3845.997248
5.708333,7,3846.333492
9.833333,12,3846.845604
9.916667,12,3847.315747
27.75,33,3848.525587
9.625,11,3848.982659
26.875,33,3850.339896
27.125,33,3851.713178
27.791667,33,3859.384662
5.791667,7,3859.673576
27.875,33,3860.963145
26.666667,33,3862.42476
27.375,33,3864.033291
27.916667,33,3865.606572
26.25,33,3867.143619
27.708333,33,3868.436062
26.75,33,3869.622695
5.666667,7,3869.962955
27.125,33,3871.262336
27.333333,33,3872.544615
27.5,33,3873.819748
5.791667,7,3874.14187
28.0,33,3875.510083
27.75,33,3876.796785
26.75,33,3878.011852
27.291667,33,3879.322549
27.833333,33,3880.561922
5.708333,7,3880.890135
27.083333,33,3882.229593
27.75,33,3883.626021
5.75,7,3883.936803
27.625,33,3885.197139
9.583333,11,3885.646322
28.208333,33,3886.906294
9.666667,12,3887.462415
27.875,33,3888.990865
28.166667,33,3890.493582
5.541667,7,3890.814835
27.291667,33,3892.277843
26.5,33,3893.630783
9.291667,11,3894.179598
27.875,33,3895.551268
2.791667,4,3895.744237
5.666667,7,3896.05936
5.708333,7,3896.389883
27.541667,33,3897.720854
27.166667,33,3899.032697
26.833333,33,3900.354781
26.583333,33,3901.679927
27.291667,33,3902.871436
9.583333,11,3903.319891
27.833333,33,3904.468305
26.708333,33,3905.729533
27.25,33,3906.95559
9.541667,11,3907.372994
27.625,33,3908.553834
5.666667,7,3908.856992
26.708333,33,3910.360673
27.458333,33,3915.256737
26.75,33,3916.583576
5.583333,7,3916.898457
26.875,33,3918.317789
28.25,33,3919.80103
2.75,4,3920.004357
5.416667,7,3920.349233
5.708333,7,3920.689579
5.75,7,3921.039052
28.333333,33,3922.424075
27.166667,33,3923.774636
27.375,33,3925.147733
5.75,7,3925.45634
27.75,33,3926.661739
27.0,33,3927.783049
28.0,33,3928.922393
5.75,7,3929.216119
27.125,33,3930.457729
9.916667,13,3930.959951
9.5,11,3931.340827
27.958333,33,3932.628807
9.208333,12,3933.112327
27.791667,33,3934.39098
26.125,33,3935.686857
28.083333,33,3936.98879
25.916667,33,3938.23349
28.0,33,3939.670824
26.791667,33,3941.084909
27.125,33,3942.566319
5.5,7,3942.959929
5.583333,7,3943.37683
27.125,33,3944.720236
26.541667,33,3946.087677
27.458333,33,3947.721735
2.833333,4,3947.929828
10.333333,12,3948.432432
27.375,33,3949.625246
28.0,33,3950.877656
27.458333,33,3952.166234
5.791667,7,3952.492836
9.375,11,3952.98548
9.291667,12,3953.563706
26.958333,33,3955.115327
27.791667,33,3956.452277
27.583333,33,3957.718075
27.25,33,3958.995613
27.458333,33,3960.300604
27.083333,33,3961.691443
5.375,7,3961.983462
9.666667,11,3962.396002
27.875,33,3963.49783
27.666667,33,3964.628873
27.25,33,3965.867898
27.208333,33,3967.019737
27.125,33,3968.194613
26.208333,33,3969.378798
27.25,33,3970.754771
27.875,33,3971.927041
26.666667,33,3973.063619
27.541667,33,3974.220532
27.291667,33,3975.360492
2.833333,4,3975.518829
27.75,33,3976.633792
9.166667,11,3977.052783
27.166667,33,3979.200377
27.708333,33,3980.550939
27.416667,33,3982.392316
7.583333,9,3982.914006
5.5,7,3983.331873
27.0,33,3985.433981
26.416667,33,3987.722819
9.166667,11,3988.424555
27.708333,33,3990.084891
27.916667,33,3991.504749
28.0,33,3992.660995
26.833333,33,3993.891929
27.541667,33,3995.08901
27.0,33,3996.55617
27.666667,33,3998.400659
27.25,33,4003.962291
26.625,33,4006.417798
5.625,7,4006.952215
27.208333,33,4008.775069
27.291667,33,4010.258748
27.083333,33,4011.578712
27.958333,33,4013.096793
5.5,7,4013.344718
28.0,33,4014.605888
5.625,7,4014.98399
27.25,33,4016.862383
9.583333,11,4017.597671
5.708333,7,4018.001352
26.541667,33,4019.777735
27.458333,33,4021.448163
26.708333,33,4022.973137
2.75,4,4023.175969
27.583333,33,4024.775301
2.791667,4,4024.966499
26.875,33,4026.095991
27.166667,33,4027.092495
9.541667,11,4027.54167
26.666667,33,4028.811943
5.541667,7,4029.162859
27.375,33,4030.232004
5.75,7,4030.494861
26.125,33,4031.55853
2.791667,4,4031.71765
28.0,33,4032.757381
27.375,33,4033.717963
27.0,33,4034.648125
27.708333,33,4035.789703
27.791667,33,4037.018506
9.666667,12,4037.402719
27.833333,33,4038.345498
27.625,33,4039.703998
27.791667,33,4040.913121
27.791667,33,4042.143562
27.291667,33,4043.113881
27.875,33,4044.377618
27.125,33,4046.306555
2.75,4,4046.598222
10.708333,13,4047.225214
27.541667,33,4048.439404
26.458333,33,4049.668425
5.708333,7,4049.915985
27.208333,33,4051.017891
26.708333,33,4052.051932
5.791667,7,4052.280887
27.458333,33,4053.292114
5.416667,7,4053.554923
5.583333,7,4053.832518
5.541667,7,4054.158202
27.25,33,4055.392532
5.666667,7,4055.60933
27.25,33,4056.504439
27.041667,33,4057.492211
27.791667,33,4058.383686
26.625,33,4059.384649
5.666667,7,4059.635073
27.458333,33,4060.547639
2.833333,4,4060.68868
9.583333,11,4061.083865
27.833333,33,4062.071901
5.583333,7,4062.292855
10.083333,13,4062.682263
27.208333,33,4063.629996
5.583333,7,4063.86816
27.958333,33,4064.801385
5.75,7,4065.033145
27.166667,33,4065.973418
5.916667,8,4066.222653
27.708333,33,4067.118119
27.625,33,4071.958474
27.875,33,4072.900671
27.25,33,4073.848535
27.833333,33,4074.753974
27.25,33,4075.654065
27.166667,33,4076.677353
27.041667,33,4077.633202
9.458333,11,4077.95016
27.791667,33,4078.817235
5.416667,7,4079.043669
26.875,33,4079.899531
27.666667,33,4080.832538
27.0,33,4081.732581
5.708333,7,4084.267884
27.875,33,4085.215809
5.833333,7,4085.434616
2.791667,4,4085.584278
26.708333,33,4086.507304
27.916667,33,4087.448354
27.291667,33,4088.404912
27.75,33,4089.347629
27.041667,33,4090.312279
5.625,7,4090.531969
2.791667,4,4090.664371
9.458333,11,4090.998776
27.083333,33,4091.924087
27.791667,33,4092.870239
27.5,33,4093.765066
5.708333,7,4093.984509
26.708333,33,4094.898858
2.625,4,4095.031453
27.208333,33,4096.004015
27.166667,33,4096.982648
26.083333,33,4098.081283
27.541667,33,4099.126036
9.541667,11,4099.579376
27.041667,33,4100.630697
27.791667,33,4101.651593
9.416667,11,4102.004709
5.666667,7,4102.230217
2.625,4,4102.358453
27.708333,33,4103.264665
27.708333,33,4104.15349
26.041667,33,4105.067994
9.541667,11,4105.400347
2.708333,4,4105.529189
27.75,33,4106.465301
9.375,11,4106.781344
5.625,7,4106.989118
5.791667,7,4107.199602
5.791667,7,4107.41612
27.166667,33,4108.417195
27.75,33,4109.363316
5.541667,7,4109.591685
5.75,7,4109.838019
25.416667,33,4110.777318
9.5,11,4111.118537
26.583333,33,4112.064715
25.416667,33,4113.016419
9.583333,11,4113.355453
27.583333,33,4114.295779
5.791667,7,4114.53378
27.916667,33,4115.617432
5.75,7,4115.894473
26.583333,33,4117.651901
27.541667,33,4119.331234
27.583333,33,4120.88695
27.083333,33,4122.27721
27.708333,33,4123.506137
5.666667,7,4123.770066
27.791667,33,4125.144101
27.791667,33,4127.974181
5.666667,7,4129.041911
27.291667,33,4131.151394
5.625,7,4131.554054
26.791667,33,4133.364627
9.25,12,4134.082391
26.666667,33,4135.729127
9.541667,11,4136.215776
27.75,33,4137.792572
27.208333,33,4139.141057
10.208333,13,4139.747674
27.958333,33,4141.504791
2.833333,4,4141.711811
26.833333,33,4142.885983
27.375,33,4144.181316
27.958333,33,4145.370368
9.5,11,4145.81532
28.041667,33,4147.031277
23.625,29,4148.044649
27.25,33,4150.061358
26.375,33,4151.409787
10.375,12,4151.819499
27.416667,33,4153.039176
27.083333,33,4154.24369
27.125,33,4155.388895
27.708333,33,4157.099026
3.625,5,4157.393094
27.125,33,4159.650624
27.125,33,4161.721201
27.666667,33,4163.325517
28.291667,33,4168.693684
5.583333,7,4169.273246
26.708333,33,4171.038859
9.875,12,4171.627193
26.5,33,4173.064444
5.791667,7,4173.375203
26.208333,33,4175.15632
5.75,7,4175.472424
27.041667,33,4177.11942
27.125,33,4178.623696
3.25,5,4178.985303
27.208333,33,4181.087602
5.625,7,4181.585969
9.541667,11,4182.257355
26.666667,33,4184.428459
26.375,33,4186.079775
27.333333,33,4187.561398
27.166667,33,4188.779302
26.791667,33,4189.840868
5.75,7,4190.106203
2.75,4,4190.259011
27.583333,33,4192.695472
27.791667,33,4195.393792
27.291667,33,4197.504782
26.875,33,4198.81287
27.958333,33,4199.928828
26.75,33,4201.209129
5.666667,7,4201.460834
9.458333,11,4201.813562
9.25,11,4202.254065
27.833333,33,4203.491206
27.708333,33,4204.5778
27.041667,33,4205.898565
27.833333,33,4207.85162
26.708333,33,4209.3143
27.958333,33,4210.900911
9.625,11,4211.336094
5.708333,7,4211.594444
26.916667,33,4212.663502
26.291667,33,4213.803847
28.125,33,4216.048807
28.25,33,4217.677105
27.833333,33,4218.880475
27.916667,33,4220.043985
5.666667,7,4220.324567
26.791667,33,4221.675875
27.416667,33,4222.795514
27.625,33,4223.877024
27.75,33,4225.175574
27.166667,33,4227.116952
26.541667,33,4228.262792
26.416667,33,4229.218343
27.75,33,4230.234256
9.333333,12,4230.629979
27.833333,33,4231.862142
27.541667,33,4232.881775
5.333333,7,4233.119592
27.791667,33,4234.140288
5.666667,7,4234.381237
9.625,12,4234.745323
5.75,7,4234.979927
5.75,7,4235.215422
5.208333,7,4235.4451
5.666667,7,4235.679426
27.5,33,4236.78036
27.25,33,4237.903954
9.125,11,4238.302241
27.041667,33,4239.302776
5.666667,7,4239.536098
26.708333,33,4240.729919
27.0,33,4241.741791
26.958333,33,4242.847129
27.75,33,4243.845131
27.25,33,4245.067989
27.166667,33,4246.182992
2.625,4,4246.347032
27.708333,33,4247.58237
27.041667,33,4248.605792
27.083333,33,4249.678055
28.083333,33,4250.713991
27.875,33,4251.849805
5.375,7,4252.099954
27.875,33,4255.72535
27.083333,33,4256.755157
27.791667,33,4257.752553
26.791667,33,4258.783723
28.291667,33,4259.769717
5.75,7,4260.008307
27.875,33,4261.003077
27.083333,33,4262.131685
26.583333,33,4263.138599
2.791667,4,4263.344515
27.166667,33,4264.36276
26.583333,33,4265.384214
27.791667,33,4266.375631
9.583333,11,4266.746617
27.208333,33,4267.822548
26.583333,33,4268.828126
27.916667,33,4269.838803
5.666667,7,4270.08975
9.666667,12,4270.474935
27.333333,33,4271.440776
27.875,33,4272.38909
27.125,33,4278.856692
27.0,33,4279.784018
5.458333,7,4280.004723
9.458333,11,4280.369372
25.708333,33,4281.323943
5.666667,7,4281.592801
27.208333,33,4282.577438
28.125,33,4283.564331
26.791667,33,4284.495382
2.791667,4,4284.652153
5.75,7,4284.888722
27.791667,33,4285.827125
27.208333,33,4286.759644
10.375,12,4287.133028
27.208333,33,4288.053988
27.166667,33,4288.957206
9.541667,11,4289.280657
5.458333,7,4289.492794
27.666667,33,4290.378608
27.083333,33,4291.320906
10.5,12,4291.703503
27.25,33,4292.643998
26.708333,33,4293.537995
2.833333,4,4293.671149
26.583333,33,4294.588328
27.25,33,4295.511765
27.875,33,4296.484144
10.166667,12,4296.847879
26.666667,33,4297.867977
27.916667,33,4298.830541
5.666667,7,4299.055841
26.041667,33,4300.083106
26.708333,33,4301.043064
27.875,33,4302.100347
9.583333,12,4302.522572
27.25,33,4303.471204
26.75,33,4304.426495
28.291667,33,4305.366115
27.0,33,4306.272812
9.333333,11,4306.622477
5.541667,7,4306.847947
27.208333,33,4307.816655
5.5,7,4308.051427
27.791667,33,4309.032033
27.541667,33,4309.968581
27.041667,33,4310.895651
27.75,33,4311.971375
10.208333,12,4312.377864
5.708333,7,4312.601448
27.833333,33,4313.579154
5.75,7,4313.817874
9.541667,11,4314.182602
9.541667,11,4314.540691
26.166667,33,4315.51955
26.958333,33,4316.487303
27.75,33,4317.41376
9.458333,11,4317.779701
9.375,11,4318.121272
5.833333,7,4318.343546
26.666667,33,4319.21402
27.458333,33,4320.125245
5.708333,7,4320.363603
27.125,33,4321.371915
9.375,11,4321.734351
27.791667,33,4325.526585
5.625,7,4325.803439
5.791667,7,4326.07856
10.625,12,4326.555286
5.791667,7,4326.834702
9.208333,12,4327.405284
26.791667,33,4328.584939
27.791667,33,4329.626434
27.125,33,4330.731977
27.166667,33,4331.80176
5.75,7,4332.042349
27.75,33,4333.072712
27.583333,33,4334.016764
5.791667,7,4334.242542
27.75,33,4335.176971
26.458333,33,4336.122949
27.791667,33,4337.077708
26.208333,33,4338.137171
26.75,33,4339.333949
27.5,33,4340.312937
27.833333,33,4341.218359
5.666667,7,4341.451862
27.625,33,4342.479779
5.708333,7,4342.706655
5.75,7,4342.925107
26.916667,33,4343.785552
27.458333,33,4344.714378
25.541667,33,4345.630818
26.833333,33,4346.606672
26.875,33,4347.647417
27.291667,33,4348.709601
5.583333,7,4348.971869
9.125,11,4349.382445
5.75,7,4349.630021
5.625,7,4349.877602
27.916667,33,4350.903651
28.291667,33,4351.896816
2.75,4,4352.046583
5.75,7,4352.283661
5.75,7,4352.526388
5.75,7,4352.794843
27.125,33,4353.848378
27.708333,33,4354.826651
26.666667,33,4355.885518
5.833333,7,4356.144268
26.958333,33,4357.152053
28.333333,33,4358.241826
5.75,7,4358.515588
4.708333,6,4358.741334
26.666667,33,4359.844069
9.5,11,4360.249794
27.75,33,4361.329884
27.833333,33,4362.568535
27.166667,33,4363.741565
9.583333,11,4364.162902
27.041667,33,4365.384676
26.75,33,4366.471384
26.958333,33,4367.750985
27.041667,33,4369.135123
27.375,33,4370.297707
2.75,4,4370.470514
5.5,7,4370.752711
27.375,33,4371.808551
27.875,33,4372.981276
25.75,33,4373.99533
27.166667,33,4375.029332
27.583333,33,4376.08044
27.833333,33,4377.314438
27.916667,33,4378.616268
5.75,7,4378.968282
5.75,7,4379.332191
27.791667,33,4380.85025
27.708333,33,4382.116481
27.125,33,4383.50327
27.75,33,4385.454007
27.25,33,4386.650232
27.666667,33,4387.794631
27.583333,33,4388.898333
5.791667,7,4389.153436
26.75,33,4390.100917
27.291667,33,4391.064203
27.458333,33,4392.019417
5.583333,7,4392.258199
27.208333,33,4393.259821
5.583333,7,4393.491553
5.75,7,4393.717466
5.708333,7,4393.945003
27.666667,33,4397.422647
26.916667,33,4398.540773
5.75,7,4398.771589
26.208333,33,4399.710047
9.541667,11,4400.042856
5.625,7,4400.355422
27.875,33,4401.273329
26.75,33,4402.225156
9.333333,11,4402.598044
5.708333,7,4402.847776
27.791667,33,4403.891055
27.583333,33,4404.852251
27.166667,33,4405.760829
27.791667,33,4406.694615
5.458333,7,4406.912897
27.125,33,4407.833309
26.958333,33,4408.830206
27.916667,33,4409.805148
27.166667,33,4410.820863
27.166667,33,4411.810106
5.625,7,4412.041811
28.166667,33,4413.009061
27.166667,33,4413.956291
26.583333,33,4414.886215
27.75,33,4415.853867
5.708333,7,4416.082594
27.833333,33,4417.014265
5.708333,7,4417.251246
27.125,33,4418.170711
27.25,33,4419.120645
27.791667,33,4420.034402
27.166667,33,4421.34045
27.125,33,4422.336401
27.25,33,4423.294246
26.541667,33,4424.281338
27.5,33,4425.23408
27.833333,33,4426.214947
2.708333,4,4426.363222
26.708333,33,4427.368361
27.458333,33,4428.432922
26.916667,33,4429.419113
27.5,33,4430.39436
27.333333,33,4431.448384
26.75,33,4432.543192
27.083333,33,4433.651034
27.25,33,4434.634791
5.541667,7,4434.872949
5.75,7,4435.117117
2.833333,4,4435.266346
27.083333,33,4436.274484
27.625,33,4437.284109
27.041667,33,4438.260029
27.666667,33,4439.201516
27.583333,33,4440.189427
26.958333,33,4444.856144
9.833333,12,4445.234954
26.625,33,4446.247588
27.166667,33,4447.230788
27.708333,33,4448.240086
27.208333,33,4449.368548
26.75,33,4450.614807
27.791667,33,4451.632277
27.791667,33,4452.988981
27.375,33,4454.104948
27.791667,33,4455.23068
9.541667,11,4455.653955
26.666667,33,4456.787951
27.5,33,4457.880663
10.333333,14,4458.42325
9.458333,11,4458.912253
5.75,7,4459.181453
5.833333,7,4459.444823
26.333333,33,4460.461621
27.791667,33,4461.422383
26.75,33,4462.362578
27.333333,33,4463.385969
2.791667,4,4463.53937
5.75,7,4463.788928
27.708333,33,4467.320402
27.875,33,4468.35114
27.125,33,4469.292203
26.541667,33,4470.31279
5.625,7,4470.57795
5.666667,7,4470.820429
27.916667,33,4471.806514
27.166667,33,4472.842087
5.75,7,4473.068495
26.083333,33,4474.029545
26.833333,33,4474.979352
27.25,33,4475.951449
26.583333,33,4476.954339
5.75,7,4477.203481
27.75,33,4478.248172
9.666667,11,4478.666068
26.708333,33,4479.727047
9.541667,12,4480.159378
9.166667,11,4480.536956
5.333333,7,4480.801219
26.041667,33,4481.790208
26.875,33,4482.736316
27.75,33,4483.735039
26.208333,33,4484.719961
5.791667,7,4484.985282
27.333333,33,4486.16625
28.333333,33,4487.169698
5.75,7,4487.422214
27.916667,33,4488.510325
26.625,33,4489.558362
25.458333,33,4490.567816
27.208333,33,4491.585101
26.5,33,4492.590466
27.291667,33,4493.613613
27.916667,33,4494.626206
9.458333,11,4494.981749
27.0,33,4495.96085
27.375,33,4496.962353
26.875,33,4497.993401
27.166667,33,4499.013006
27.541667,33,4500.072902
27.458333,33,4501.134774
27.5,33,4502.143461
9.458333,11,4502.523986
27.5,33,4503.573001
5.791667,7,4503.814671
27.208333,33,4504.782934
27.291667,33,4505.76378
27.791667,33,4506.728422
5.416667,7,4506.958865
5.666667,7,4507.231611
27.208333,33,4508.260487
27.0,33,4509.25173
27.125,33,4510.484675
27.25,33,4511.485862
26.666667,33,4512.45853
27.25,33,4513.429214
5.791667,7,4513.716905
9.708333,12,4514.147875
26.791667,33,4515.091588
28.25,33,4516.032512
5.583333,7,4516.268392
28.125,33,4517.207192
5.625,7,4517.445971
26.625,33,4518.563012
9.25,11,4518.960559
27.083333,33,4519.958568
26.958333,33,4521.065806
5.625,7,4521.323461
27.0,33,4522.269717
27.208333,33,4523.228073
27.166667,33,4524.342099
27.625,33,4525.378965
27.875,33,4526.342368
5.375,7,4526.568103
26.625,33,4527.51845
27.833333,33,4528.4468
27.583333,33,4529.401775
26.625,33,4532.829772
27.5,33,4533.828408
27.666667,33,4534.819668
27.666667,33,4535.806174
27.208333,33,4536.82437
27.791667,33,4537.791387
2.75,4,4537.960186
27.208333,33,4538.974642
26.125,33,4539.959718
27.25,33,4541.049166
5.666667,7,4541.304667
27.333333,33,4542.270468
5.708333,7,4542.527735
26.708333,33,4543.491703
27.75,33,4544.448082
27.583333,33,4545.487175
27.166667,33,4546.457623
27.291667,33,4547.443861
27.25,33,4548.435009
27.75,33,4549.594085
27.708333,33,4550.566383
27.208333,33,4551.605883
27.083333,33,4552.559738
27.208333,33,4553.56211
27.125,33,4554.594866
26.666667,33,4555.680334
9.125,11,4556.044167
27.375,33,4556.961649
27.75,33,4557.899407
27.791667,33,4558.87648
26.5,33,4559.851961
5.791667,7,4560.108094
27.541667,33,4561.087496
27.208333,33,4562.02805
26.583333,33,4563.169009
5.791667,7,4563.416019
27.041667,33,4564.48607
27.041667,33,4565.583407
27.166667,33,4566.56292
26.5,33,4567.604449
27.0,33,4568.633286
27.25,33,4569.8185
27.708333,33,4570.796983
26.875,33,4571.931013
27.708333,33,4572.92945
26.625,33,4573.999301
27.041667,33,4574.981839
27.625,33,4575.992843
26.541667,33,4576.994207
28.083333,33,4578.019856
27.541667,33,4579.148921
27.625,33,4580.239503
27.333333,33,4581.218008
27.25,33,4582.175753
9.583333,11,4582.548155
9.625,11,4582.905671
26.75,33,4583.953356
5.791667,7,4584.239318
27.208333,33,4585.331164
27.125,33,4586.352431
27.791667,33,4587.383912
2.791667,4,4587.526944
5.75,7,4587.763397
26.416667,33,4588.758584
2.75,4,4588.894698
26.625,33,4589.857502
26.708333,33,4590.7844
9.583333,11,4591.153337
27.708333,33,4592.121606
27.166667,33,4593.149537
27.333333,33,4594.184323
10.291667,12,4594.598259
5.791667,7,4594.83771
27.666667,33,4595.887494
5.708333,7,4596.146403
26.541667,33,4600.294837
26.916667,33,4601.341109
27.666667,33,4602.38468
27.208333,33,4603.371341
26.958333,33,4604.371818
27.75,33,4605.358717
26.416667,33,4606.360081
5.5,7,4606.602431
5.75,7,4606.853042
27.125,33,4607.889117
2.75,4,4608.049107
9.583333,11,4608.448938
27.375,33,4612.374275
5.75,7,4612.602331
5.75,7,4612.825732
27.875,33,4613.827412
5.791667,7,4614.064018
27.25,33,4615.173796
26.791667,33,4616.174262
9.375,11,4616.52278
5.625,7,4616.744863
26.541667,33,4617.743967
5.791667,7,4617.975895
5.666667,7,4618.213004
27.291667,33,4619.164187
27.0,33,4620.174802
9.541667,11,4620.523977
9.75,12,4620.964297
26.708333,33,4621.955682
26.458333,33,4622.89543
27.166667,33,4623.939816
27.208333,33,4624.975614
27.833333,33,4625.923899
5.791667,7,4626.178993
28.0,33,4627.148589
9.5,11,4627.515738
27.708333,33,4628.483954
27.208333,33,4629.438066
26.541667,33,4630.391994
27.208333,33,4631.381324
27.708333,33,4632.326543
27.25,33,4633.333816
27.916667,33,4634.358807
27.166667,33,4635.473156
5.708333,7,4635.785848
5.625,7,4636.031796
27.208333,33,4637.141643
28.0,33,4638.116194
26.666667,33,4639.072409
9.458333,11,4639.448739
27.041667,33,4640.437044
27.208333,33,4641.41633
27.291667,33,4642.373498
27.25,33,4643.314425
27.0,33,4644.304138
26.583333,33,4645.369299
26.791667,33,4646.353562
26.541667,33,4647.374495
27.833333,33,4648.379504
26.708333,33,4649.378563
10.375,12,4649.775579
27.166667,33,4650.823706
27.208333,33,4651.920396
27.25,33,4652.902303
26.791667,33,4653.906814
27.708333,33,4654.890124
27.125,33,4655.855678
9.541667,11,4656.202972
27.25,33,4657.22195
26.458333,33,4658.210909
5.458333,7,4658.446588
26.375,33,4659.45575
27.833333,33,4660.441661
27.208333,33,4661.395317
27.833333,33,4662.363984
27.125,33,4663.379553
27.708333,33,4664.381604
26.416667,33,4668.035769
27.833333,33,4669.180582
27.875,33,4670.207283
26.541667,33,4671.189665
27.208333,33,4672.125726
27.166667,33,4673.142603
27.166667,33,4674.076786
27.208333,33,4675.064061
27.791667,33,4676.054057
5.791667,7,4676.277373
9.583333,11,4676.644016
9.583333,11,4677.022343
27.041667,33,4678.0154
27.791667,33,4679.14785
27.833333,33,4680.087501
2.791667,4,4680.226635
9.166667,11,4680.560603
9.375,11,4680.883065
5.583333,7,4681.103815
27.75,33,4682.042786
27.666667,33,4682.969497
27.166667,33,4683.954209
5.5,7,4684.195377
27.291667,33,4685.16015
27.791667,33,4686.122766
27.458333,33,4687.070498
9.541667,11,4687.440546
5.625,7,4687.694251
10.291667,12,4688.072562
5.791667,7,4688.301575
27.875,33,4689.278611
27.75,33,4690.279139
26.875,33,4691.345351
26.541667,33,4692.351871
27.083333,33,4693.381528
9.416667,11,4693.752672
27.333333,33,4694.741451
27.833333,33,4695.765262
27.666667,33,4696.799775
5.75,7,4697.086412
27.708333,33,4698.201154
27.791667,33,4699.238538
26.875,33,4700.253772
27.083333,33,4701.283869
5.708333,7,4701.519614
27.458333,33,4702.571239
27.791667,33,4703.591287
26.708333,33,4704.633666
5.666667,7,4704.86755
26.958333,33,4706.06316
27.333333,33,4707.090265
5.708333,7,4707.339744
27.708333,33,4708.393606
27.791667,33,4709.415233
27.791667,33,4710.449415
27.25,33,4711.401684
26.458333,33,4712.377176
26.541667,33,4713.34385
26.541667,33,4714.371985
28.208333,33,4715.364364
27.208333,33,4716.356872
9.25,11,4716.704214
27.75,33,4717.677778
9.25,11,4718.056541
27.791667,33,4719.13098
26.583333,33,4720.217191
26.625,33,4721.23133
5.833333,7,4721.479453
26.958333,33,4722.447454
27.708333,33,4723.469468
27.666667,33,4724.504341
26.833333,33,4725.560776
26.625,33,4726.571472
26.083333,33,4727.566782
27.75,33,4728.552518
27.708333,33,4729.53204
27.333333,33,4730.497739
26.041667,33,4734.192694
2.791667,4,4734.368527
27.166667,33,4735.419654
26.583333,33,4736.517558
27.708333,33,4737.498584
27.125,33,4738.505854
5.75,7,4738.753352
5.75,7,4738.992963
26.541667,33,4739.963995
27.25,33,4741.030462
27.708333,33,4742.088229
9.25,11,4742.481539
9.583333,12,4742.948434
9.291667,11,4743.364058
26.208333,33,4744.485774
26.666667,33,4745.581566
9.625,11,4745.955539
26.583333,33,4746.976396
27.833333,33,4748.083515
5.791667,7,4748.343449
27.125,33,4749.367586
5.791667,7,4749.693823
27.75,33,4750.737481
27.916667,33,4751.799113
27.083333,33,4753.048087
27.333333,33,4754.086351
5.708333,7,4754.335253
27.291667,33,4755.327722
27.25,33,4756.346198
27.583333,33,4757.306207
5.75,7,4757.536564
9.5,11,4757.875155
26.5,33,4758.867053
27.125,33,4759.883258
9.291667,11,4760.259792
27.25,33,4761.44261
27.75,33,4762.455179
5.666667,7,4762.710511
27.833333,33,4763.719696
2.791667,4,4763.866773
5.833333,7,4764.141829
27.291667,33,4765.208013
5.75,7,4765.443763
27.708333,33,4766.501289
26.791667,33,4767.522691
9.708333,11,4767.870047
27.166667,33,4768.956265
27.083333,33,4769.975533
26.791667,33,4771.012396
27.708333,33,4771.975068
27.875,33,4776.980426
27.166667,33,4778.00253
27.0,33,4779.048116
5.458333,7,4779.325058
27.791667,33,4780.340259
27.208333,33,4781.307896
26.791667,33,4782.262198
27.291667,33,4783.266644
5.75,7,4783.500331
9.083333,11,4783.850526
2.75,4,4783.988921
10.333333,12,4784.379046
27.166667,33,4785.430328
27.083333,33,4786.407467
27.166667,33,4787.393887
27.166667,33,4788.466324
5.625,7,4788.739275
26.541667,33,4789.860845
5.625,7,4790.115287
27.083333,33,4792.011535
5.625,7,4792.485128
27.708333,33,4794.086931
27.75,33,4795.475216
27.291667,33,4796.817548
26.75,33,4797.906837
26.458333,33,4798.993359
5.666667,7,4799.276507
27.791667,33,4800.405969
27.25,33,4801.542241
27.291667,33,4802.695159
5.416667,7,4803.357636
26.625,33,4805.297979
9.458333,11,4805.963341
27.791667,33,4807.727074
27.083333,33,4812.412249
27.791667,33,4813.849368
26.708333,33,4814.924837
27.75,33,4816.047261
2.75,4,4816.209403
27.125,33,4817.23005
27.208333,33,4818.300091
9.333333,11,4818.696869
26.583333,33,4819.721128
5.75,7,4819.989081
27.833333,33,4821.199285
27.5,33,4822.476472
9.583333,11,4822.846823
27.75,33,4823.819647
27.25,33,4824.887359
5.791667,7,4825.174919
26.0,33,4826.249364
26.5,33,4827.481407
27.666667,33,4828.541488
25.75,33,4829.701801
27.666667,33,4830.773228
27.916667,33,4831.856162
27.75,33,4832.844967
27.791667,33,4833.811133
5.75,7,4834.042974
27.0,33,4834.990266
9.625,11,4835.35083
27.375,33,4836.372975
27.041667,33,4837.339763
9.791667,12,4837.715134
27.333333,33,4838.668644
27.25,33,4839.64919
27.291667,33,4840.632136
27.041667,33,4841.629443
5.75,7,4841.875936
26.25,33,4842.966726
27.291667,33,4843.974
26.583333,33,4844.976208
2.791667,4,4845.13533
27.25,33,4846.129246
26.541667,33,4847.166803
27.625,33,4848.194842
27.208333,33,4849.21513
2.791667,4,4849.375963
27.125,33,4850.420165
26.75,33,4851.552679
27.25,33,4852.6592
26.791667,33,4853.678817
27.833333,33,4854.663038
26.5,33,4855.634831
26.541667,33,4856.601034
26.541667,33,4857.632172
27.583333,33,4858.678634
27.125,33,4859.749114
27.541667,33,4860.745394
27.833333,33,4861.692262
26.625,33,4862.66485
27.875,33,4863.747117
28.125,33,4865.131683
27.25,33,4866.159362
9.291667,11,4866.504865
28.041667,33,4867.522011
27.166667,33,4868.57529
25.958333,33,4869.641355
27.25,33,4870.723352
26.208333,33,4871.811153
9.625,11,4872.18271
9.541667,11,4872.526618
26.75,33,4873.563282
5.791667,7,4873.807907
26.541667,33,4874.818735
27.833333,33,4875.852167
9.541667,11,4876.232801
27.791667,33,4877.236921
5.791667,7,4877.46462
26.666667,33,4881.146386
27.083333,33,4882.227654
9.458333,11,4882.610811
27.25,33,4883.645983
27.916667,33,4884.711078
2.833333,4,4884.850939
2.75,4,4884.998808
5.791667,7,4885.23015
5.666667,7,4885.45999
27.708333,33,4886.425179
27.791667,33,4887.533724
26.833333,33,4888.597397
27.875,33,4889.767303
27.833333,33,4890.862515
27.0,33,4891.982902
26.541667,33,4893.079988
2.75,4,4893.243336
26.5,33,4894.281211
27.791667,33,4895.313103
26.583333,33,4896.387753
27.208333,33,4897.425884
5.791667,7,4897.694715
27.875,33,4898.813636
5.791667,7,4899.043752
9.25,11,4899.393456
28.458333,33,4900.45419
27.708333,33,4901.455096
27.083333,33,4902.447945
5.75,7,4902.685869
27.083333,33,4903.676502
27.208333,33,4904.705857
5.583333,7,4904.957937
9.583333,11,4905.34075
5.625,7,4905.584586
27.708333,33,4906.508866
26.625,33,4907.524889
27.041667,33,4908.531446
26.458333,33,4909.502923
5.75,7,4909.728731
27.166667,33,4910.693184
9.083333,11,4911.0765
5.791667,7,4911.315344
9.75,12,4911.73589
5.833333,7,4911.970355
5.75,7,4912.202837
13.583333,16,4912.703506
27.125,33,4913.766227
5.75,7,4914.000063
27.291667,33,4914.964726
27.875,33,4915.951503
27.791667,33,4916.888834
5.791667,7,4917.21065
26.208333,33,4918.343711
27.875,33,4919.439534
5.791667,7,4919.698297
27.083333,33,4920.630078
27.75,33,4921.535844
27.833333,33,4922.520882
27.25,33,4923.467181
26.458333,33,4924.453321
27.833333,33,4925.507638
9.375,11,4925.92321
27.25,33,4926.928868
27.25,33,4927.871657
27.083333,33,4928.870742
27.875,33,4929.857266
10.291667,12,4930.243607
27.208333,33,4931.333024
5.791667,7,4931.803094
27.083333,33,4933.774719
27.166667,33,4935.57602
27.083333,33,4937.018933
5.75,7,4937.284726
26.75,33,4938.289451
27.208333,33,4939.290389
5.791667,7,4939.548618
27.833333,33,4940.564497
27.125,33,4941.554769
27.083333,33,4942.696536
27.208333,33,4943.694778
27.583333,33,4944.663049
27.208333,33,4945.66771
27.375,33,4946.700068
27.125,33,4950.790425
27.666667,33,4951.942454
27.125,33,4958.361204
26.708333,33,4959.439825
5.75,7,4959.704613
27.25,33,4960.820532
27.083333,33,4962.037497
27.25,33,4963.196891
5.75,7,4963.454527
27.75,33,4964.502141
27.791667,33,4965.6363
9.333333,11,4966.065156
26.541667,33,4967.66247
27.041667,33,4968.76657
9.583333,11,4969.146537
27.125,33,4970.116936
9.625,11,4970.509371
27.833333,33,4971.571904
27.208333,33,4972.599513
26.541667,33,4973.626837
26.416667,33,4974.688781
5.583333,7,4974.944455
26.625,33,4975.963263
9.375,11,4976.335936
27.708333,33,4977.720066
26.458333,33,4980.018354
27.166667,33,4981.165774
26.416667,33,4982.240302
5.666667,7,4982.470473
9.541667,11,4982.827525
5.75,7,4983.057522
27.666667,33,4984.451757
27.833333,33,4985.468651
27.166667,33,4986.463712
9.541667,11,4986.807314
27.875,33,4987.769737
5.375,7,4988.016419
10.291667,12,4988.435614
5.708333,7,4988.673582
12.833333,16,4989.1821
27.791667,33,4990.119753
27.625,33,4991.124643
27.0,33,4992.115725
27.625,33,4993.378896
5.625,7,4993.624547
26.958333,33,4994.651795
5.75,7,4995.059839
28.0,33,4996.022806
27.166667,33,4996.923388
27.375,33,4998.216685
5.583333,7,4999.04117
27.25,33,5000.267488
27.833333,33,5001.222967
5.708333,7,5001.494574
27.291667,33,5002.575331
27.583333,33,5003.775672
26.5,33,5004.713202
27.0,33,5005.623463
27.25,33,5006.60974
26.541667,33,5007.50123
27.125,33,5008.367532
27.25,33,5009.378386
27.375,33,5010.466794
27.125,33,5011.400883
27.583333,33,5012.237378
27.666667,33,5013.196309
9.375,12,5013.558433
27.875,33,5014.414465
27.375,33,5015.334387
27.708333,33,5016.214341
27.25,33,5017.891763
27.208333,33,5019.110781
9.416667,11,5019.492565
5.625,7,5019.71441
27.541667,33,5020.615894
26.958333,33,5021.574308
27.75,33,5022.544321
10.416667,12,5022.894169
26.458333,33,5026.757682
27.541667,33,5028.159647
27.708333,33,5029.062775
28.25,33,5030.024519
27.291667,33,5031.052283
2.625,4,5031.175102
28.125,33,5032.125389
9.625,11,5032.487691
27.708333,33,5033.393442
27.208333,33,5034.339905
27.041667,33,5035.323203
5.708333,7,5035.536387
5.708333,7,5035.772138
27.791667,33,5036.669752
27.166667,33,5037.620673
5.708333,7,5037.839931
26.458333,33,5038.721491
7.666667,9,5039.079062
27.791667,33,5040.022565
27.791667,33,5040.969751
5.666667,7,5041.291503
26.375,33,5042.4903
5.625,7,5042.70552
27.291667,33,5043.595519
26.458333,33,5044.451353
26.75,33,5045.339226
26.833333,33,5046.252134
5.75,7,5046.458288
27.208333,33,5047.334028
27.666667,33,5048.241076
27.291667,33,5049.210552
27.083333,33,5050.210485
27.75,33,5051.208287
5.666667,7,5051.467571
27.333333,33,5053.575419
27.083333,33,5054.790955
5.541667,7,5055.050363
26.5,33,5056.222824
26.5,33,5057.324267
10.333333,12,5057.767682
27.833333,33,5058.715118
25.375,33,5059.642438
27.791667,33,5060.575011
26.291667,33,5061.506068
27.041667,33,5062.492783
27.125,33,5063.495109
5.666667,7,5063.755375
5.708333,7,5064.125466
5.75,7,5064.467369
27.208333,33,5065.478807
12.625,15,5065.891986
5.625,7,5066.096165
28.125,33,5067.017623
27.166667,33,5067.926495
26.833333,33,5068.754416
27.083333,33,5069.566121
27.333333,33,5070.482243
27.166667,33,5071.33085
27.25,33,5072.191428
5.791667,7,5072.393978
10.291667,12,5072.752822
27.791667,33,5073.609227
27.583333,33,5074.505645
27.791667,33,5075.42802
26.708333,33,5076.305475
27.125,33,5077.225918
27.75,33,5078.131411
27.833333,33,5079.018003
26.541667,33,5080.284452
27.791667,33,5081.1408
5.75,7,5081.344184
5.75,7,5081.544273
27.166667,33,5082.39202
27.166667,33,5083.249338
27.0,33,5084.130729
26.875,33,5084.991565
5.791667,7,5085.222796
5.708333,7,5085.433933
27.375,33,5086.3221
27.166667,33,5087.63808
27.833333,33,5092.15267
27.666667,33,5093.333266
5.708333,7,5093.579362
27.791667,33,5094.62983
27.916667,33,5095.700238
27.291667,33,5096.606393
9.5,12,5096.968041
27.708333,33,5097.920105
5.75,7,5098.147394
27.333333,33,5099.105444
26.458333,33,5100.065594
27.125,33,5101.007117
26.583333,33,5101.884096
27.041667,33,5102.806848
27.375,33,5103.859217
5.791667,7,5104.088906
27.166667,33,5105.132712
27.833333,33,5106.227547
26.75,33,5108.271786
10.25,12,5109.226655
27.333333,33,5112.668957
27.875,33,5116.414261
27.166667,33,5117.518061
27.125,33,5119.082999
26.041667,33,5121.705412
27.25,33,5123.114477
27.791667,33,5124.216852
27.166667,33,5125.129785
27.875,33,5126.143201
26.458333,33,5127.069768
5.75,7,5127.282034
5.75,7,5127.487943
26.958333,33,5128.450875
9.583333,11,5128.812788
26.666667,33,5129.796969
5.708333,7,5130.079082
27.708333,33,5134.99874
9.583333,11,5135.540548
27.791667,33,5136.49569
27.75,33,5137.725869
27.791667,33,5139.181604
27.291667,33,5141.536741
27.791667,33,5142.714636
27.916667,33,5143.678782
27.166667,33,5144.89998
5.666667,7,5145.149161
27.375,33,5146.335931
27.625,33,5147.548438
27.666667,33,5148.996771
3.416667,5,5149.311982
27.666667,33,5151.5269
27.166667,33,5152.559974
27.708333,33,5153.672089
27.208333,33,5155.261877
26.541667,33,5156.45488
27.291667,33,5157.471673
26.875,33,5158.346822
26.958333,33,5159.296178
27.25,33,5160.300982
26.333333,33,5161.383304
27.666667,33,5162.352182
5.708333,7,5162.560948
27.333333,33,5163.500318
5.625,7,5163.772152
26.958333,33,5164.872906
5.791667,7,5165.247222
27.041667,33,5166.512979
5.791667,7,5166.730265
26.458333,33,5167.627721
27.625,33,5168.620253
26.541667,33,5169.527963
27.375,33,5170.511504
27.666667,33,5171.452663
27.625,33,5172.44986
10.291667,12,5172.859743
9.166667,11,5175.485621
27.375,33,5176.4749
27.041667,33,5177.382381
27.125,33,5178.283941
5.75,7,5178.534534
28.0,33,5180.97876
9.583333,11,5181.461375
27.125,33,5182.495759
27.625,33,5183.402416
27.75,33,5184.425573
5.666667,7,5184.652987
28.125,33,5185.679193
27.083333,33,5186.616804
27.208333,33,5187.539966
5.5,7,5187.758664
27.958333,33,5188.716777
27.833333,33,5189.621447
27.416667,33,5190.768069
27.208333,33,5191.830408
27.166667,33,5192.750319
26.416667,33,5193.665249
5.833333,7,5193.874828
27.083333,33,5194.918045
26.625,33,5195.915062
27.583333,33,5196.787575
27.166667,33,5197.797405
28.333333,33,5198.711062
27.208333,33,5199.633951
27.125,33,5200.5417
27.25,33,5201.813826
27.166667,33,5203.061912
27.125,33,5204.282212
27.125,33,5205.206615
27.625,33,5206.243875
27.666667,33,5207.221978
27.75,33,5208.173476
27.833333,33,5209.099708
27.083333,33,5210.120307
5.708333,7,5210.464481
26.875,33,5211.570209
27.666667,33,5212.536966
27.333333,33,5213.50654
27.833333,33,5214.559465
5.416667,7,5214.789939
27.166667,33,5215.687607
27.666667,33,5216.683519
5.75,7,5216.958176
26.875,33,5218.219072
26.583333,33,5219.158344
27.291667,33,5220.003542
27.25,33,5220.850945
5.75,7,5221.051961
5.791667,7,5221.258729
27.25,33,5222.109075
27.916667,33,5223.302724
5.791667,7,5223.698264
10.458333,13,5224.372181
27.083333,33,5226.050061
5.75,7,5227.287157
27.125,33,5229.307938
26.166667,33,5230.250556
9.583333,11,5230.589679
27.208333,33,5231.49832
9.5,11,5231.850592
27.208333,33,5232.786715
26.458333,33,5233.701813
27.125,33,5234.610321
27.208333,33,5235.595154
27.958333,33,5236.489847
27.25,33,5237.39672
5.625,7,5237.620298
27.291667,33,5238.600003
27.708333,33,5240.630897
27.583333,33,5242.180096
5.666667,7,5242.56382
27.208333,33,5247.98001
9.375,11,5248.453568
27.166667,33,5249.48595
27.75,33,5250.623975
5.708333,7,5251.013575
26.875,33,5253.676373
27.791667,33,5255.725755
9.416667,11,5256.202077
27.833333,33,5257.384919
9.416667,11,5257.799721
27.083333,33,5259.029226
5.791667,7,5259.376672
27.333333,33,5260.633443
27.166667,33,5261.660656
27.166667,33,5262.714185
5.666667,7,5262.969767
27.041667,33,5264.031799
27.791667,33,5265.213379
27.791667,33,5266.333624
9.5,11,5266.719243
28.291667,33,5267.830451
27.291667,33,5268.996985
27.625,33,5270.11646
27.75,33,5271.255827
27.916667,33,5272.521055
2.625,4,5272.69992
9.458333,11,5273.111938
27.916667,33,5274.205928
5.791667,7,5274.539996
27.833333,33,5275.688899
5.791667,7,5275.958393
26.416667,33,5277.046233
5.791667,7,5277.314667
27.208333,33,5278.574558
27.125,33,5279.78047
27.875,33,5280.89191
5.583333,7,5281.259165
27.833333,33,5282.456074
5.791667,7,5282.75942
2.75,4,5282.926362
21.916667,27,5283.89533
27.875,33,5284.962168
27.291667,33,5286.183391
9.541667,11,5286.657714
5.791667,7,5286.993263
27.791667,33,5288.309699
5.833333,7,5288.657573
27.875,33,5290.088545
27.333333,33,5291.621082
27.5,33,5293.130103
27.291667,33,5294.618855
27.916667,33,5296.05689
27.875,33,5297.359643
27.541667,33,5298.679552
27.125,33,5300.250741
5.791667,7,5300.577304
27.958333,33,5301.852105
27.75,33,5302.99529
27.875,33,5304.107888
27.791667,33,5305.29204
9.208333,12,5305.730572
27.166667,33,5306.839758
27.125,33,5307.963153
5.625,7,5308.229095
5.708333,7,5308.480216
9.5,11,5308.876971
5.75,7,5309.131998
27.208333,33,5310.227927
27.25,33,5311.345746
27.125,33,5312.553821
27.25,33,5313.684352
27.833333,33,5314.843195
27.833333,33,5315.925425
27.125,33,5317.093279
9.375,11,5317.487798
27.583333,33,5318.583167
28.333333,33,5325.075314
27.833333,33,5326.22018
27.083333,33,5327.269194
27.166667,33,5328.347614
28.291667,33,5329.414646
27.625,33,5333.283428
28.166667,33,5334.562105
25.541667,33,5336.001135
27.958333,33,5337.393177
27.666667,33,5338.716367
27.083333,33,5340.006236
5.75,7,5340.284628
28.25,33,5341.628622
27.75,33,5342.965734
27.333333,33,5344.168574
9.416667,11,5344.601831
27.75,33,5345.834123
27.208333,33,5347.079532
5.625,7,5347.404319
27.708333,33,5348.85949
5.75,7,5349.166153
27.125,33,5350.521976
27.791667,33,5351.86162
27.375,33,5354.033271
9.416667,11,5354.71646
27.708333,33,5356.163561
9.375,11,5356.638732
27.083333,33,5358.408268
28.333333,33,5360.648804
27.166667,33,5363.070035
10.333333,12,5363.898286
27.916667,33,5365.37733
27.791667,33,5366.803233
27.208333,33,5368.757298
27.625,33,5370.808352
27.666667,33,5372.46379
5.791667,7,5373.212145
26.833333,33,5376.031044
5.708333,7,5376.740277
27.833333,33,5379.249696
27.208333,33,5381.718563
5.791667,7,5382.261591
28.0,33,5383.933748
27.708333,33,5385.534044
5.791667,7,5385.82698
27.833333,33,5387.478637
27.291667,33,5390.30907
27.625,33,5392.530663
27.125,33,5394.523185
27.333333,33,5397.236196
27.875,33,5399.615096
28.041667,33,5401.630724
5.791667,7,5402.248842
5.791667,7,5402.845755
27.583333,33,5405.744865
27.625,33,5407.494
27.5,33,5409.101971
5.75,7,5409.514141
27.916667,33,5411.800874
27.166667,33,5414.313225
26.916667,33,5416.009032
27.916667,33,5418.469641
27.25,33,5420.605664
27.333333,33,5422.856605
27.875,33,5424.576393
26.75,33,5426.366071
27.208333,33,5427.533209
5.833333,7,5427.801834
5.75,7,5428.057352
9.291667,11,5428.685752
5.75,7,5429.019474
27.166667,33,5430.176225
28.333333,33,5431.30775
27.541667,33,5432.409764
27.791667,33,5433.656126
5.791667,7,5433.97208
26.625,33,5435.284269
26.916667,33,5436.42153
9.208333,11,5436.788682
5.75,7,5437.046987
5.541667,7,5437.294501
5.708333,7,5437.541649
27.166667,33,5438.558487
27.958333,33,5439.622713
9.541667,11,5440.084928
27.833333,33,5443.587514
27.375,33,5444.631694
27.833333,33,5445.628077
27.916667,33,5446.659456
27.916667,33,5447.639911
27.791667,33,5448.628282
27.875,33,5449.574147
27.125,33,5450.552736
5.75,7,5450.777194
27.416667,33,5451.721236
27.458333,33,5452.73786
27.833333,33,5453.719311
27.875,33,5454.687199
27.75,33,5455.680183
26.916667,33,5456.657512
27.125,33,5457.688565
27.916667,33,5458.837273
26.791667,33,5459.922045
5.708333,7,5460.186914
5.791667,7,5460.449421
27.875,33,5461.526163
27.875,33,5462.591912
27.916667,33,5463.659635
27.041667,33,5464.782822
27.166667,33,5465.938023
26.5,33,5467.380866
10.083333,13,5467.93377
27.5,33,5469.281537
27.958333,33,5471.060088
27.791667,33,5472.664976
27.958333,33,5474.158351
5.833333,7,5474.576177
5.583333,7,5474.91308
5.791667,7,5475.205575
27.708333,33,5476.558253
27.791667,33,5478.351468
27.833333,33,5479.864369
27.791667,33,5481.240514
9.5,11,5481.749967
27.833333,33,5482.967067
27.833333,33,5484.769306
5.708333,7,5485.162649
27.125,33,5486.764277
27.25,33,5488.603621
5.75,7,5488.991223
27.291667,33,5490.292623
5.75,7,5490.591218
27.208333,33,5491.763863
26.666667,33,5492.994635
9.541667,11,5493.444266
9.25,11,5493.847301
26.625,33,5495.060982
27.291667,33,5496.208036
26.666667,33,5497.344009
27.791667,33,5498.560624
27.916667,33,5499.768768
27.125,33,5501.382747
27.958333,33,5503.211345
5.75,7,5503.675981
2.666667,4,5503.942833
5.791667,7,5504.346872
9.416667,11,5505.008261
27.666667,33,5506.924915
22.5,28,5508.297245
5.625,7,5508.618217
9.125,11,5509.071011
10.25,13,5509.601823
27.208333,33,5511.027821
27.833333,33,5512.339331
5.75,7,5512.797021
5.708333,7,5513.345121
5.75,7,5513.897142
27.875,33,5515.451529
27.083333,33,5516.628817
5.583333,7,5516.940356
3.416667,5,5517.180722
5.75,7,5517.601217
27.708333,33,5519.113445
27.583333,33,5520.560706
27.791667,33,5522.385623
27.5,33,5523.86925
9.583333,11,5524.325659
27.791667,33,5525.647826
27.583333,33,5529.678101
27.541667,33,5530.89894
5.833333,7,5531.187791
5.791667,7,5531.47688
9.541667,11,5531.911586
27.958333,33,5533.232419
27.875,33,5534.889812
5.791667,7,5535.44806
27.708333,33,5536.776738
2.791667,4,5536.956813
27.625,33,5538.089877
27.791667,33,5539.274993
5.625,7,5539.545744
27.375,33,5540.676701
27.541667,33,5541.830489
27.5,33,5542.98076
27.208333,33,5544.204693
27.791667,33,5545.510754
27.875,33,5546.805905
27.708333,33,5548.090863
27.791667,33,5549.385802
27.875,33,5550.652419
27.791667,33,5551.852838
27.833333,33,5553.056225
27.916667,33,5554.352748
27.583333,33,5555.726674
27.333333,33,5557.158621
27.875,33,5562.821311
27.791667,33,5564.15608
5.791667,7,5564.438733
9.583333,11,5564.862931
9.333333,11,5565.288133
27.875,33,5566.542779
5.75,7,5566.811281
27.416667,33,5567.98098
5.625,7,5568.266811
27.666667,33,5569.37738
27.208333,33,5570.533118
27.125,33,5571.740758
27.583333,33,5573.552647
27.166667,33,5575.089334
9.583333,11,5575.556878
27.375,33,5576.756405
27.958333,33,5577.892928
9.25,12,5578.36192
27.541667,33,5579.612445
27.5,33,5580.867643
9.333333,11,5581.348128
5.708333,7,5581.660743
27.791667,33,5582.91617
2.75,4,5583.069932
2.791667,4,5583.293332
2.791667,4,5583.4929
26.833333,33,5584.636329
9.291667,11,5585.041424
27.666667,33,5586.322396
5.75,7,5586.604279
27.875,33,5587.899837
26.75,33,5589.147816
27.625,33,5590.207947
9.416667,11,5590.57361
27.875,33,5591.992867
5.75,7,5592.347054
5.791667,7,5592.618392
28.083333,33,5593.667595
27.958333,33,5594.768616
27.916667,33,5595.830345
28.333333,33,5596.862548
27.666667,33,5597.87021
9.291667,11,5598.284843
27.791667,33,5599.413431
27.166667,33,5600.630454
27.916667,33,5601.770151
9.291667,11,5602.264737
27.208333,33,5603.336825
27.708333,33,5604.393483
27.75,33,5605.605451
10.375,13,5606.078512
27.958333,33,5607.234236
5.75,7,5607.488299
27.083333,33,5608.544515
27.791667,33,5609.513607
5.75,7,5609.747816
27.958333,33,5613.268812
27.166667,33,5614.262216
27.208333,33,5615.252375
9.291667,11,5615.6563
5.5,7,5615.933588
5.791667,7,5616.204087
27.833333,33,5617.250827
5.75,7,5617.552455
27.791667,33,5618.617632
9.583333,11,5619.028932
27.125,33,5620.020541
27.833333,33,5621.01793
27.791667,33,5621.998285
27.291667,33,5623.002468
9.375,11,5623.465522
27.833333,33,5624.536687
9.333333,11,5624.899806
27.666667,33,5625.920266
27.791667,33,5626.900527
27.833333,33,5627.917156
2.833333,4,5628.062445
5.75,7,5628.302332
27.333333,33,5629.366555
27.541667,33,5630.377814
5.75,7,5630.610044
26.666667,33,5631.576436
27.625,33,5632.569535
27.208333,33,5633.516139
27.875,33,5634.529892
27.791667,33,5635.497018
5.791667,7,5635.731328
27.375,33,5636.744298
27.916667,33,5637.698365
27.875,33,5638.663783
5.791667,7,5638.908212
27.541667,33,5639.894747
27.208333,33,5640.869853
27.416667,33,5641.857096
5.833333,7,5642.083708
27.791667,33,5643.050197
2.791667,4,5643.196572
9.541667,11,5643.54922
27.25,33,5644.627493
5.75,7,5644.864634
27.166667,33,5645.862467
27.583333,33,5646.898156
2.75,4,5647.037133
27.208333,33,5648.060662
27.875,33,5649.056466
27.916667,33,5650.147293
27.291667,33,5651.130371
27.833333,33,5652.262281
10.333333,12,5652.743375
27.875,33,5653.749174
27.75,33,5654.746783
27.916667,33,5655.714288
28.375,33,5656.696116
27.75,33,5657.619238
27.791667,33,5658.602179
27.375,33,5659.618387
27.166667,33,5660.61117
27.916667,33,5661.596392
5.583333,7,5661.832024
27.916667,33,5662.83515
5.791667,7,5663.07735
27.875,33,5664.088624
28.0,33,5665.099235
27.25,33,5666.123957
28.333333,33,5667.097112
27.791667,33,5668.083699
27.875,33,5669.07442
26.583333,33,5670.156286
27.875,33,5671.213058
27.875,33,5672.199543
9.5,11,5672.559494
27.166667,33,5673.5311
27.875,33,5674.535511
27.166667,33,5675.480278
27.041667,33,5678.962877
27.958333,33,5679.953237
27.333333,33,5680.939704
27.916667,33,5682.018796
5.791667,7,5682.340695
27.208333,33,5683.87614
5.75,7,5684.238317
27.625,33,5686.673111
11.166667,14,5688.775434
5.75,7,5689.750883
28.291667,33,5691.792092
27.875,33,5693.366771
27.833333,33,5694.916812
5.75,7,5695.335395
9.541667,11,5695.918242
27.791667,33,5697.828146
5.75,7,5698.236716
27.666667,33,5699.91888
5.708333,7,5700.274478
27.208333,33,5701.863293
27.541667,33,5703.507626
5.75,7,5703.865986
9.458333,11,5704.399615
27.583333,33,5705.989331
27.125,33,5707.921951
9.333333,11,5708.65497
27.916667,33,5710.468075
27.833333,33,5711.895706
5.791667,7,5712.250237
27.916667,33,5713.82091
27.25,33,5715.510483
27.833333,33,5717.1805
27.25,33,5718.906593
27.791667,33,5720.581877
9.625,11,5721.120789
5.791667,7,5721.537001
27.25,33,5723.137257
27.875,33,5725.278299
2.75,4,5725.682204
27.375,33,5727.437691
27.125,33,5728.85598
27.583333,33,5730.167822
5.791667,7,5730.459451
5.75,7,5730.760398
5.75,7,5731.03688
27.583333,33,5732.301974
27.25,33,5733.717452
27.875,33,5734.914907
27.541667,33,5736.047167
27.5,33,5737.299112
5.75,7,5737.648237
10.666667,13,5738.205859
26.625,33,5739.674524
27.041667,33,5740.90495
27.916667,33,5742.380543
27.958333,33,5744.236015
26.916667,33,5745.863522
27.916667,33,5747.547296
5.791667,7,5748.153109
28.041667,33,5750.95813
27.333333,33,5753.867663
27.958333,33,5756.035119
27.333333,33,5758.191814
27.958333,33,5759.800095
27.875,33,5762.329822
5.666667,7,5762.750219
27.875,33,5770.275041
27.791667,33,5771.548898
27.208333,33,5773.309111
27.875,33,5775.273162
27.833333,33,5776.70036
5.75,7,5777.059215
27.833333,33,5778.820256
28.25,33,5780.256455
5.75,7,5780.54976
27.083333,33,5782.157885
27.958333,33,5783.713688
27.791667,33,5785.357587
5.708333,7,5785.768414
27.833333,33,5787.422746
27.333333,33,5788.793555
5.625,7,5789.397751
27.791667,33,5796.373929
27.875,33,5797.659399
26.916667,33,5798.873112
27.875,33,5800.108416
27.875,33,5801.211969
28.208333,33,5802.386949
27.083333,33,5803.539385
27.625,33,5804.670531
27.333333,33,5805.881765
27.583333,33,5807.00697
27.833333,33,5808.119531
27.666667,33,5809.220305
27.5,33,5810.355826
9.5,11,5810.742722
27.208333,33,5811.900727
27.625,33,5812.998386
27.291667,33,5814.135123
2.625,4,5814.301597
27.916667,33,5815.387846
27.791667,33,5816.510407
27.208333,33,5817.719771
9.583333,11,5818.139846
27.916667,33,5819.210907
28.333333,33,5820.528994
27.833333,33,5821.703802
27.333333,33,5823.191592
27.875,33,5824.741789
5.791667,7,5825.107361
27.708333,33,5826.241658
5.791667,7,5826.549013
27.125,33,5827.655664
28.25,33,5828.839889
27.75,33,5830.02732
27.5,33,5831.139991
27.333333,33,5832.30491
27.208333,33,5833.543867
27.166667,33,5834.651611
27.708333,33,5835.906599
2.75,4,5836.06578
5.791667,7,5836.329974
5.791667,7,5836.589083
27.916667,33,5837.723259
2.75,4,5837.885528
26.625,33,5839.002921
27.875,33,5840.133541
27.666667,33,5841.214512
27.916667,33,5842.331607
27.166667,33,5843.429281
27.791667,33,5844.583613
27.333333,33,5845.706027
5.791667,7,5846.039511
27.791667,33,5847.202379
27.833333,33,5848.27945
27.208333,33,5849.395784
27.833333,33,5850.483382
5.75,7,5850.754543
27.208333,33,5851.861855
27.916667,33,5852.980891
27.541667,33,5854.068691
27.291667,33,5855.1791
5.5,7,5855.444871
11.25,13,5855.934913
27.875,33,5857.041609
27.291667,33,5858.154949
5.791667,7,5858.427874
5.708333,7,5858.670011
5.75,7,5858.929371
27.916667,33,5860.120158
2.791667,4,5860.33125
26.791667,33,5861.493622
27.125,33,5862.587549
9.5,11,5862.987654
27.291667,33,5864.094872
28.458333,33,5865.235283
5.75,7,5865.502994
5.75,7,5865.763567
27.583333,33,5866.909898
9.458333,11,5867.323898
27.708333,33,5871.339684
27.833333,33,5872.577123
27.875,33,5873.68568
27.833333,33,5874.791516
5.791667,7,5875.058462
5.75,7,5875.346925
5.791667,7,5875.616624
5.75,7,5875.881687
27.875,33,5876.941075
27.541667,33,5878.075944
5.791667,7,5878.34655
27.791667,33,5879.445475
27.625,33,5880.560024
27.75,33,5881.64888
27.916667,33,5882.779981
27.791667,33,5883.870361
9.458333,11,5884.296386
5.75,7,5884.55848
28.25,33,5885.675899
27.5,33,5886.781385
27.875,33,5888.01125
27.166667,33,5889.284396
27.833333,33,5890.527663
27.75,33,5891.659204
27.791667,33,5892.79772
2.791667,4,5892.97807
5.791667,7,5893.251574
26.458333,33,5894.4097
27.625,33,5895.642821
27.791667,33,5896.839226
28.5,33,5898.113803
9.5,11,5898.511632
5.75,7,5898.786642
27.916667,33,5899.959162
2.625,4,5900.190634
5.75,7,5900.479981
5.791667,7,5900.758628
27.25,33,5901.858872
5.666667,7,5902.141189
27.833333,33,5903.326967
27.291667,33,5904.496968
27.583333,33,5905.559792
5.75,7,5905.839224
27.916667,33,5907.015554
2.75,4,5907.190467
27.666667,33,5908.298138
2.791667,4,5908.463297
27.333333,33,5909.558604
5.833333,7,5909.82891
27.833333,33,5910.95374
27.875,33,5912.059828
27.916667,33,5913.393532
27.583333,33,5914.638034
27.833333,33,5915.841339
5.833333,7,5916.108528
27.833333,33,5917.22013
27.625,33,5918.325683
26.666667,33,5919.421188
5.791667,7,5919.656295
5.583333,7,5919.939227
27.75,33,5921.029194
27.625,33,5922.154069
5.75,7,5922.425693
5.75,7,5922.695197
5.75,7,5922.977216
27.25,33,5924.104712
26.833333,33,5925.208038
26.916667,33,5926.298667
5.791667,7,5926.563171
27.583333,33,5927.651814
26.833333,33,5928.743696
5.625,7,5929.005845
27.75,33,5930.080573
9.708333,11,5930.508729
27.25,33,5931.621926
27.875,33,5932.944483
27.791667,33,5934.057495
5.791667,7,5934.32882
27.833333,33,5935.428917
27.666667,33,5936.510263
27.833333,33,5937.605876
27.541667,33,5938.675501
27.875,33,5939.788896
27.666667,33,5940.91763
27.875,33,5942.076844
5.791667,7,5942.339173
27.75,33,5946.127121
5.791667,7,5946.394224
27.583333,33,5947.464717
27.208333,33,5948.595752
28.166667,33,5949.917157
27.875,33,5951.114923
5.833333,7,5951.371215
27.208333,33,5952.571086
27.958333,33,5953.664058
27.75,33,5954.746213
27.541667,33,5955.895584
27.125,33,5956.916039
27.833333,33,5958.41651
27.833333,33,5959.729966
26.958333,33,5960.798751
27.666667,33,5961.724543
27.958333,33,5965.425302
27.833333,33,5966.286355
27.583333,33,5967.133363
5.625,7,5967.334301
27.333333,33,5968.255712
2.75,4,5968.381412
27.916667,33,5969.21581
2.666667,4,5969.338122
5.75,7,5969.540112
27.625,33,5970.413049
2.791667,4,5970.536646
27.166667,33,5971.347593
27.791667,33,5972.172846
28.333333,33,5973.048954
28.041667,33,5973.875193
27.875,33,5974.713014
27.916667,33,5975.519488
27.541667,33,5976.339873
27.875,33,5977.182519
27.708333,33,5978.01036
27.333333,33,5978.859056
5.75,7,5979.057952
27.875,33,5980.063142
27.583333,33,5981.049542
28.333333,33,5981.902403
27.166667,33,5982.736545
5.791667,7,5982.938211
9.375,11,5983.254235
5.75,7,5983.466125
27.5,33,5984.320971
27.958333,33,5985.162099
9.583333,11,5985.497578
27.875,33,5986.361073
28.333333,33,5987.219099
27.75,33,5988.115214
27.25,33,5989.012239
26.833333,33,5989.919643
27.791667,33,5990.804139
27.791667,33,5991.669892
27.708333,33,5992.555162
5.791667,7,5992.763809
27.666667,33,5993.709007
27.583333,33,5994.574737
5.75,7,5994.816857
27.833333,33,5995.666697
27.875,33,5996.510112
27.791667,33,5997.34946
27.75,33,5998.198538
5.666667,7,5998.399851
27.75,33,5999.266876
27.666667,33,6000.098047
27.291667,33,6000.949383
28.333333,33,6001.794518
27.583333,33,6002.649496
9.25,11,6002.980648
5.791667,7,6003.187262
27.833333,33,6004.048286
27.583333,33,6004.905614
27.958333,33,6005.783102
27.208333,33,6008.811859
27.958333,33,6009.849325
27.833333,33,6010.941119
5.791667,7,6011.148084
27.916667,33,6012.129167
27.666667,33,6013.081148
9.5,11,6013.412568
27.166667,33,6014.302781
28.208333,33,6015.146905
9.333333,11,6015.464825
27.833333,33,6016.477908
27.083333,33,6017.714583
27.125,33,6019.033085
27.458333,33,6019.975624
27.875,33,6020.853862
2.791667,4,6020.980939
5.75,7,6021.189744
27.166667,33,6022.131549
5.791667,7,6022.342081
27.875,33,6023.299556
27.5,33,6024.232592
26.875,33,6025.078324
27.916667,33,6025.933235
27.833333,33,6026.782196
27.791667,33,6027.631022
5.791667,7,6027.839843
5.75,7,6028.043689
5.791667,7,6028.244905
27.041667,33,6029.104143
27.666667,33,6029.983002
27.083333,33,6030.820211
2.833333,4,6030.949899
27.375,33,6031.828319
5.791667,7,6032.036846
28.458333,33,6032.888063
27.833333,33,6033.744494
5.75,7,6033.947459
5.75,7,6034.148584
27.916667,33,6035.021131
27.833333,33,6035.858329
27.625,33,6036.711238
9.333333,11,6037.017253
27.291667,33,6037.844482
27.208333,33,6038.711785
2.75,4,6038.841937
27.625,33,6039.747614
27.916667,33,6041.081092
26.916667,33,6041.929566
27.833333,33,6042.853498
27.25,33,6043.710862
27.625,33,6044.733937
27.75,33,6045.654196
12.458333,16,6046.089274
5.75,7,6046.295826
27.666667,33,6047.139502
27.375,33,6047.970747
27.708333,33,6048.923941
5.791667,7,6049.156839
10.291667,12,6049.499035
27.583333,33,6050.341063
9.291667,11,6050.646095
27.875,33,6051.511716
27.833333,33,6052.358328
27.958333,33,6053.184419
9.708333,12,6053.552291
27.833333,33,6054.412091
27.375,33,6055.253156
27.791667,33,6056.088585
27.208333,33,6056.928941
5.666667,7,6057.140762
27.875,33,6058.023049
27.875,33,6058.968225
27.166667,33,6059.863017
27.875,33,6060.753682
27.333333,33,6061.60568
9.458333,11,6061.923915
27.875,33,6062.827751
27.833333,33,6063.772043
9.541667,11,6064.126229
27.875,33,6065.035836
9.5,11,6065.361673
27.833333,33,6070.615626
26.791667,33,6072.569603
5.833333,7,6073.076202
27.916667,33,6075.77595
27.833333,33,6077.338778
28.333333,33,6078.254781
9.541667,11,6078.583551
2.625,4,6078.704972
9.5,11,6079.031447
27.625,33,6080.037513
27.875,33,6081.617618
27.25,33,6083.223752
27.541667,33,6084.283353
27.958333,33,6085.354767
27.916667,33,6086.474823
27.916667,33,6087.408486
27.25,33,6088.297842
5.791667,7,6088.51735
27.791667,33,6089.502973
27.791667,33,6090.451882
27.958333,33,6091.434121
27.833333,33,6092.269568
2.75,4,6092.394175
27.291667,33,6093.256608
27.291667,33,6094.096887
28.166667,33,6095.105861
27.208333,33,6096.166243
27.125,33,6097.019034
28.458333,33,6097.880625
27.791667,33,6098.731494
9.375,11,6099.051656
26.666667,33,6099.958742
27.666667,33,6100.953951
27.791667,33,6101.864869
27.083333,33,6102.729206
5.708333,7,6102.945567
27.875,33,6103.924422
9.625,11,6104.257154
27.375,33,6105.139802
27.916667,33,6105.971378
27.291667,33,6106.869114
27.875,33,6107.745435
27.625,33,6108.618811
5.791667,7,6108.849733
27.166667,33,6109.720641
27.916667,33,6110.700984
27.916667,33,6111.898515
27.583333,33,6112.806817
9.541667,11,6113.194357
27.666667,33,6114.146906
26.416667,33,6118.981297
28.0,33,6119.92934
27.166667,33,6120.805784
9.541667,11,6121.114263
27.833333,33,6121.97864
9.333333,11,6122.31404
27.25,33,6123.223066
27.958333,33,6124.379177
27.916667,33,6125.37122
5.75,7,6125.594476
27.916667,33,6126.500494
27.958333,33,6127.378053
2.75,4,6127.517195
27.833333,33,6128.429185
27.208333,33,6129.286889
5.75,7,6129.492102
27.625,33,6130.432409
5.791667,7,6130.661862
27.625,33,6131.60219
27.583333,33,6132.466672
27.833333,33,6133.352396
9.25,12,6133.703644
27.875,33,6134.665261
2.666667,4,6134.796668
27.625,33,6135.847304
27.833333,33,6136.833058
27.166667,33,6140.198411
5.75,7,6140.459264
27.875,33,6141.364705
26.875,33,6142.298464
27.333333,33,6143.181448
5.75,7,6143.413657
5.583333,7,6143.625888
9.25,12,6143.999736
27.166667,33,6144.917658
26.875,33,6145.809396
27.875,33,6146.685556
5.75,7,6146.893545
27.791667,33,6147.7346
27.916667,33,6148.65891
28.208333,33,6149.645772
27.875,33,6150.555239
2.791667,4,6150.690396
27.708333,33,6151.628967
27.916667,33,6152.509132
5.625,7,6152.721705
27.458333,33,6153.566016
5.791667,7,6153.777286
27.541667,33,6154.647849
2.791667,4,6154.780794
5.791667,7,6154.991059
27.75,33,6155.865491
27.208333,33,6156.698151
26.791667,33,6157.631749
27.833333,33,6158.458054
27.875,33,6159.327858
27.125,33,6160.220431
27.791667,33,6161.102422
27.583333,33,6162.050401
5.75,7,6162.265496
27.833333,33,6163.269539
27.125,33,6164.19194
27.791667,33,6165.107355
27.875,33,6166.066159
26.875,33,6166.995326
5.791667,7,6167.207974
27.875,33,6168.05907
27.916667,33,6168.910643
27.875,33,6169.789636
27.625,33,6170.695698
27.583333,33,6171.560372
9.166667,11,6171.879703
26.708333,33,6172.766487
28.375,33,6173.625966
27.791667,33,6174.489429
9.458333,11,6174.804757
27.833333,33,6175.708953
27.166667,33,6176.663512
28.333333,33,6177.541311
27.125,33,6178.378242
27.541667,33,6179.268859
5.75,7,6179.476677
27.75,33,6180.344463
9.5,11,6180.649559
27.625,33,6181.493482
2.791667,4,6181.616212
27.125,33,6182.465551
27.875,33,6183.322696
27.833333,33,6184.249089
27.583333,33,6185.278319
27.791667,33,6186.155293
26.708333,33,6187.043289
27.916667,33,6187.888415
27.791667,33,6188.708783
27.208333,33,6189.528901
27.916667,33,6190.392528
27.541667,33,6191.220605
5.708333,7,6191.427239
9.625,11,6191.777014
27.916667,33,6192.699059
27.875,33,6193.590475
27.208333,33,6194.473606
27.125,33,6195.362191
28.0,33,6198.518737
27.875,33,6199.391668
27.583333,33,6200.238243
27.833333,33,6201.200445
27.583333,33,6202.044429
27.833333,33,6202.905768
28.416667,33,6203.866773
27.875,33,6204.854702
27.625,33,6205.739587
27.791667,33,6206.565812
5.791667,7,6206.757891
27.833333,33,6207.613217
27.833333,33,6208.462611
27.875,33,6209.315297
9.333333,11,6209.635396
27.875,33,6210.510466
5.791667,7,6210.737468
5.75,7,6210.936586
27.916667,33,6211.763723
27.791667,33,6212.76691
5.75,7,6213.003819
27.791667,33,6213.888571
27.916667,33,6214.791919
27.625,33,6215.669069
27.875,33,6216.569445
27.833333,33,6217.425001
9.208333,11,6217.73581
2.791667,4,6217.860595
5.708333,7,6218.078714
27.833333,33,6218.971522
27.833333,33,6219.852868
27.875,33,6220.763258
27.75,33,6221.846301
5.666667,7,6222.118817
5.75,7,6222.352365
27.833333,33,6223.307871
27.875,33,6224.192636
5.833333,7,6224.417093
5.75,7,6224.627576
27.916667,33,6225.49658
5.833333,7,6225.722253
27.833333,33,6226.641948
27.166667,33,6227.530454
5.791667,7,6227.737343
27.541667,33,6228.584423
27.958333,33,6229.449168
27.916667,33,6230.298047
27.875,33,6231.137304
27.666667,33,6232.039032
26.916667,33,6232.939411
27.625,33,6233.877543
9.208333,11,6234.20238
9.333333,11,6234.522036
27.958333,33,6235.374814
27.791667,33,6236.26595
27.958333,33,6237.142715
27.958333,33,6238.034832
9.541667,11,6238.420412
27.166667,33,6239.311826
5.583333,7,6239.517399
19.083333,24,6240.200126
27.541667,33,6241.198391
5.75,7,6241.421598
9.541667,11,6241.747093
27.166667,33,6242.665272
5.791667,7,6242.927771
28.333333,33,6243.965825
27.791667,33,6244.915186
27.625,33,6245.873099
5.75,7,6246.18311
5.75,7,6246.41415
9.125,11,6246.793033
27.916667,33,6247.766487
5.791667,7,6247.983276
27.875,33,6249.517677
5.75,7,6249.858949
5.791667,7,6250.220106
27.625,33,6251.433979
26.75,33,6252.587507
9.25,11,6252.942977
5.75,7,6253.167394
27.875,33,6254.082497
27.875,33,6254.955893
5.791667,7,6255.160638
27.916667,33,6256.063275
27.625,33,6259.980488
9.25,11,6260.339123
5.791667,7,6260.563347
5.75,7,6260.770866
27.5,33,6261.635043
27.916667,33,6262.518437
27.208333,33,6263.365116
27.875,33,6264.242454
26.958333,33,6265.135572
5.75,7,6265.345151
27.291667,33,6266.283315
27.583333,33,6269.643011
27.916667,33,6270.503508
27.833333,33,6271.376234
5.75,7,6271.581145
2.75,4,6271.707218
27.5,33,6272.568562
5.791667,7,6272.774635
27.666667,33,6273.724751
5.75,7,6273.940844
9.5,11,6274.270436
9.5,11,6274.58503
9.541667,11,6274.905972
27.708333,33,6275.823497
28.333333,33,6276.667598
5.75,7,6276.875164
9.291667,11,6277.190495
5.458333,7,6277.410194
27.666667,33,6278.275677
5.75,7,6278.486956
27.833333,33,6279.36208
27.958333,33,6280.490126
27.916667,33,6281.462718
26.75,33,6282.390325
27.875,33,6283.308044
27.958333,33,6284.184
27.916667,33,6285.036345
27.875,33,6285.896257
27.75,33,6286.786251
27.166667,33,6287.663251
27.875,33,6288.562292
27.75,33,6289.44312
27.083333,33,6290.32275
2.75,4,6290.464758
5.75,7,6290.699988
27.625,33,6291.584092
27.25,33,6292.453068
27.75,33,6293.447283
28.041667,33,6294.311808
27.875,33,6295.230014
5.75,7,6295.445621
27.5,33,6296.308175
26.833333,33,6297.136746
5.708333,7,6297.347048
27.916667,33,6298.221111
28.0,33,6299.141263
27.708333,33,6300.053792
27.541667,33,6300.911199
9.375,11,6301.219256
5.75,7,6301.428784
27.791667,33,6302.275548
2.791667,4,6302.397385
27.791667,33,6303.285164
5.458333,7,6303.495902
5.75,7,6303.721358
27.666667,33,6304.603845
9.375,11,6304.911391
27.916667,33,6305.766507
27.166667,33,6306.613932
27.583333,33,6307.460773
27.791667,33,6308.334465
5.666667,7,6308.536477
27.958333,33,6309.39181
27.875,33,6310.420585
27.833333,33,6311.262446
27.25,33,6312.087481
27.833333,33,6313.044369
27.166667,33,6313.944021
2.75,4,6314.067186
27.875,33,6315.035852
26.916667,33,6315.980124
27.25,33,6316.860731
28.208333,33,6317.7291
27.708333,33,6320.940227
27.666667,33,6321.834266
5.791667,7,6322.037166
2.75,4,6322.160966
27.833333,33,6323.071874
5.75,7,6323.286655
27.666667,33,6324.265005
27.916667,33,6325.161942
27.833333,33,6326.020331
27.625,33,6326.895585
27.75,33,6327.764377
27.958333,33,6328.626862
27.583333,33,6329.4581
27.791667,33,6330.31858
5.791667,7,6330.527112
5.791667,7,6330.72686
5.625,7,6330.923637
27.916667,33,6331.749193
27.375,33,6332.599981
28.333333,33,6333.478595
9.5,11,6333.784487
27.958333,33,6334.676131
5.791667,7,6334.877879
2.75,4,6335.002924
27.666667,33,6335.842228
27.166667,33,6336.720227
5.708333,7,6336.927144
27.833333,33,6337.782006
27.916667,33,6338.648526
27.958333,33,6339.530844
27.875,33,6340.412204
2.791667,4,6340.541768
9.541667,11,6340.874782
27.875,33,6341.76312
27.833333,33,6342.621659
28.333333,33,6343.610829
27.791667,33,6344.501537
27.708333,33,6345.358561
5.625,7,6345.584927
27.875,33,6346.469915
27.125,33,6347.364574
27.875,33,6348.217431
5.708333,7,6348.436812
27.541667,33,6349.313548
27.916667,33,6350.228318
27.875,33,6351.099699
27.916667,33,6351.951189
2.791667,4,6352.069856
27.833333,33,6352.916341
27.541667,33,6353.755659
5.75,7,6353.968199
27.875,33,6354.815334
5.833333,7,6355.01632
27.041667,33,6355.847708
27.875,33,6356.71422
5.791667,7,6356.914719
27.791667,33,6357.862073
27.541667,33,6358.721982
27.875,33,6359.581062
27.291667,33,6360.400932
27.833333,33,6361.28685
5.75,7,6361.495013
27.291667,33,6362.363079
26.958333,33,6363.268667
5.75,7,6363.534712
27.208333,33,6364.497677
27.666667,33,6365.417303
27.916667,33,6366.291265
27.166667,33,6367.170973
27.5,33,6368.029933
27.625,33,6368.878868
5.791667,7,6369.087208
27.916667,33,6370.066472
27.916667,33,6371.029965
26.833333,33,6371.926445
5.75,7,6372.136379
28.041667,33,6373.00005
27.875,33,6374.032064
27.916667,33,6374.965997
27.208333,33,6378.181735
27.166667,33,6379.176911
5.791667,7,6379.38708
5.75,7,6379.595186
5.708333,7,6379.805036
27.958333,33,6380.800784
26.875,33,6381.697379
27.125,33,6382.583183
2.75,4,6382.712132
26.916667,33,6383.567587
12.791667,15,6383.993929
2.791667,4,6384.116946
9.25,11,6384.430092
27.958333,33,6385.277746
27.833333,33,6386.13991
27.583333,33,6386.99037
27.708333,33,6387.847955
27.583333,33,6388.707217
27.916667,33,6389.576519
2.75,4,6389.697369
5.833333,7,6389.901199
5.708333,7,6390.106301
5.708333,7,6390.322649
27.041667,33,6391.194933
5.791667,7,6391.408998
9.291667,11,6391.725834
27.916667,33,6392.602158
27.833333,33,6393.499005
27.875,33,6394.484699
27.833333,33,6395.338647
5.791667,7,6395.561666
27.833333,33,6396.568085
9.208333,11,6396.901815
9.25,11,6397.224312
27.958333,33,6398.102564
27.875,33,6398.987588
27.958333,33,6399.895558
9.333333,11,6400.222022
5.708333,7,6400.429923
27.916667,33,6401.355652
9.291667,11,6401.67535
27.166667,33,6402.555286
27.25,33,6403.392162
9.25,11,6403.734394
9.5,11,6404.05181
27.75,33,6404.942171
27.958333,33,6405.807416
2.541667,4,6405.931122
27.958333,33,6406.815206
9.25,11,6407.129665
27.875,33,6407.959671
27.25,33,6408.851243
27.916667,33,6409.729655
27.875,33,6413.727206
27.875,33,6414.588957
27.333333,33,6415.442056
27.833333,33,6416.249663
26.875,33,6417.161669
27.875,33,6418.083135
27.833333,33,6418.960075
27.958333,33,6419.820862
27.958333,33,6420.66798
26.916667,33,6421.578344
27.833333,33,6422.516449
5.791667,7,6422.729862
27.875,33,6423.589605
27.75,33,6424.535061
5.791667,7,6424.740592
27.208333,33,6425.599514
27.833333,33,6426.453271
27.583333,33,6427.272106
27.541667,33,6428.116614
27.25,33,6429.14723
27.791667,33,6430.025497
27.666667,33,6430.870951
26.791667,33,6431.719011
5.791667,7,6431.925249
9.541667,11,6432.236332
27.625,33,6433.110726
2.791667,4,6433.238231
9.291667,11,6433.55074
27.75,33,6434.468099
27.25,33,6435.455573
5.791667,7,6435.723218
5.75,7,6435.952765
27.166667,33,6436.818702
5.75,7,6439.269569
27.25,33,6440.220889
27.25,33,6441.038326
27.541667,33,6441.913925
27.291667,33,6442.761263
9.291667,11,6443.074826
27.208333,33,6443.945421
27.916667,33,6444.886279
27.208333,33,6445.745031
5.75,7,6445.971929
26.833333,33,6446.858248
27.916667,33,6447.734692
5.75,7,6447.934725
27.25,33,6448.807767
27.958333,33,6449.647085
5.791667,7,6449.846419
27.916667,33,6450.72693
9.583333,11,6451.028558
27.875,33,6451.862056
27.75,33,6452.714478
5.833333,7,6452.909459
27.791667,33,6453.755914
5.75,7,6453.971684
27.916667,33,6454.963643
27.666667,33,6455.848645
5.75,7,6456.053567
27.875,33,6456.940399
27.208333,33,6457.80039
27.916667,33,6458.629388
9.541667,11,6458.946068
5.791667,7,6459.158628
27.708333,33,6460.004972
27.958333,33,6460.826014
27.291667,33,6461.690375
27.208333,33,6462.531865
27.833333,33,6463.388088
5.75,7,6463.590477
5.75,7,6463.794688
27.833333,33,6464.68751
28.0,33,6465.519348
9.416667,11,6465.821792
5.75,7,6466.017353
27.708333,33,6466.824623
28.291667,33,6467.65187
27.875,33,6468.542337
28.0,33,6469.511608
5.708333,7,6469.708712
27.875,33,6470.559327
27.75,33,6471.376131
27.833333,33,6472.201711
27.833333,33,6473.027827
9.666667,11,6473.323511
9.583333,11,6473.626366
2.791667,4,6473.748093
27.916667,33,6474.640249
27.875,33,6475.467524
27.875,33,6476.290747
27.25,33,6477.150391
9.5,13,6477.513869
27.666667,33,6478.333036
8.666667,10,6478.617903
27.208333,33,6479.474669
27.833333,33,6480.307384
28.375,33,6481.123229
27.916667,33,6481.933729
27.916667,33,6482.828542
27.833333,33,6483.784362
27.916667,33,6484.642492
27.333333,33,6485.530738
27.833333,33,6486.393435
27.791667,33,6487.248172
27.875,33,6488.12059
27.125,33,6489.000716
2.791667,4,6489.135256
27.875,33,6490.020039
27.666667,33,6490.874215
27.875,33,6491.735869
26.875,33,6492.576392
27.625,33,6495.791878
5.75,7,6496.0471
27.916667,33,6496.923583
27.458333,33,6497.771933
27.708333,33,6498.641577
27.5,33,6499.541743
5.791667,7,6499.746016
9.541667,11,6500.05797
9.458333,11,6500.36855
27.416667,33,6501.355732
2.75,4,6501.483154
27.125,33,6502.391395
5.75,7,6502.615487
5.75,7,6502.86284
27.75,33,6503.752771
27.875,33,6504.629402
27.916667,33,6505.679249
28.0,33,6506.582996
27.208333,33,6507.476101
9.541667,11,6507.790917
27.208333,33,6508.673462
27.666667,33,6509.604099
27.875,33,6510.493748
27.958333,33,6511.360973
9.333333,11,6511.703156
27.083333,33,6512.595004
27.291667,33,6513.459472
27.833333,33,6514.333512
5.625,7,6514.540238
27.916667,33,6515.408716
27.166667,33,6516.337814
5.75,7,6516.558448
27.875,33,6517.411485
27.833333,33,6518.300911
27.916667,33,6519.310111
27.166667,33,6520.219892
5.75,7,6520.423765
27.875,33,6521.271365
27.208333,33,6522.176276
27.291667,33,6523.126782
27.833333,33,6523.996242
27.166667,33,6524.943655
27.125,33,6525.804132
27.875,33,6526.664075
9.541667,11,6526.999351
11.125,13,6527.381349
27.875,33,6528.271725
9.625,11,6528.584021
27.625,33,6529.548318
9.375,11,6529.873215
9.625,11,6530.197756
27.833333,33,6531.046032
27.541667,33,6531.925579
10.208333,12,6532.279888
27.875,33,6533.158441
27.708333,33,6534.033978
27.666667,33,6534.898496
27.791667,33,6535.757197
27.875,33,6536.657786
27.916667,33,6537.516405
27.25,33,6538.454949
27.875,33,6539.325318
5.583333,7,6539.534267
27.833333,33,6540.403895
27.625,33,6541.245615
2.791667,4,6541.369258
27.375,33,6542.20686
27.083333,33,6543.056354
5.833333,7,6543.269141
27.041667,33,6544.141176
9.375,11,6544.494752
5.75,7,6544.714675
9.291667,11,6545.058283
27.833333,33,6546.011239
27.958333,33,6546.957554
27.25,33,6547.899403
27.916667,33,6548.877055
5.75,7,6549.114718
27.833333,33,6550.390734
27.166667,33,6551.558259
2.75,4,6551.738185
27.541667,33,6554.06127
9.583333,11,6557.167387
27.791667,33,6561.733928
27.083333,33,6562.60022
27.875,33,6563.454999
27.75,33,6564.541461
27.875,33,6565.299428
27.25,33,6566.026604
27.583333,33,6566.783996
5.791667,7,6566.963092
5.75,7,6567.140808
27.875,33,6567.877855
27.375,33,6568.641567
27.916667,33,6569.496027
9.625,13,6569.889094
9.375,11,6570.238989
26.625,33,6571.064493
27.833333,33,6571.816549
27.833333,33,6572.548122
27.291667,33,6573.287069
27.5,33,6574.028057
27.583333,33,6574.750601
26.875,33,6575.520303
27.208333,33,6576.259377
27.916667,33,6576.985266
11.75,15,6577.350603
27.208333,33,6578.078044
27.291667,33,6578.819161
9.333333,11,6579.085056
27.375,33,6579.824754
27.166667,33,6580.554688
27.916667,33,6581.332232
27.333333,33,6582.116977
27.875,33,6582.893482
27.666667,33,6583.644334
27.75,33,6584.472306
9.5,11,6584.754199
10.166667,12,6585.054699
27.0,33,6585.849139
27.916667,33,6586.610305
28.0,33,6587.338104
27.333333,33,6588.072367
10.166667,12,6588.387217
27.25,33,6589.150339
5.75,7,6589.332602
9.291667,11,6589.602588
27.833333,33,6590.358181
27.833333,33,6591.087875
28.25,33,6591.836702
28.333333,33,6592.583563
27.75,33,6593.348156
27.708333,33,6594.104039
27.833333,33,6594.859512
27.583333,33,6595.616862
27.875,33,6596.355382
27.916667,33,6597.109375
5.791667,7,6597.371748
5.791667,7,6597.581506
27.916667,33,6598.34566
27.833333,33,6599.097593
27.916667,33,6599.843978
5.458333,7,6600.021302
27.666667,33,6600.729007
27.791667,33,6601.480698
9.5,11,6601.74986
27.833333,33,6602.527284
5.791667,7,6602.707855
9.375,11,6602.97478
27.166667,33,6603.754149
27.916667,33,6604.504404
27.583333,33,6605.249306
5.791667,7,6605.434066
2.75,4,6605.548017
9.875,12,6605.857242
5.666667,7,6606.037529
5.791667,7,6606.223656
27.208333,33,6606.963125
5.791667,7,6607.145568
27.916667,33,6607.898161
10.25,12,6608.197315
5.791667,7,6608.379903
27.666667,33,6611.466361
27.541667,33,6612.27405
5.75,7,6612.456534
26.583333,33,6613.217756
27.333333,33,6613.993008
27.583333,33,6614.757711
28.291667,33,6615.532606
27.583333,33,6616.286763
27.791667,33,6617.047424
27.708333,33,6617.787024
27.791667,33,6618.513923
27.25,33,6619.267039
26.875,33,6619.999097
9.208333,11,6620.271322
27.875,33,6621.012119
27.958333,33,6621.758285
27.125,33,6622.488068
9.333333,11,6622.758075
27.708333,33,6623.504137
5.791667,7,6623.681474
27.916667,33,6624.425241
27.791667,33,6625.139977
2.791667,4,6625.250663
9.333333,11,6625.521319
5.458333,7,6625.699023
27.833333,33,6626.42505
9.25,12,6626.711892
9.25,11,6626.987586
5.75,7,6627.162744
27.416667,33,6627.927421
27.708333,33,6628.665471
27.166667,33,6629.399494
27.333333,33,6630.149113
27.125,33,6630.885796
9.333333,11,6631.161194
27.958333,33,6631.909007
27.666667,33,6632.644305
27.708333,33,6633.37044
27.833333,33,6634.133742
27.375,33,6634.880641
27.875,33,6635.617901
27.875,33,6636.449657
27.916667,33,6637.184819
27.541667,33,6637.926713
5.75,7,6638.104044
27.708333,33,6638.849632
5.75,7,6639.023065
27.666667,33,6639.747246
5.625,7,6639.926463
10.333333,12,6640.216494
9.375,11,6640.486178
27.833333,33,6641.241737
27.208333,33,6641.985074
27.791667,33,6642.756897
9.333333,11,6643.030824
9.333333,11,6643.304007
27.25,33,6644.032878
27.833333,33,6644.775787
27.208333,33,6645.552124
27.208333,33,6646.376074
27.666667,33,6647.126769
27.125,33,6647.866367
27.958333,33,6648.633116
5.791667,7,6648.823775
27.416667,33,6649.623527
27.25,33,6650.484382
27.916667,33,6651.263116
27.833333,33,6652.432743
2.791667,4,6652.560604
27.791667,33,6653.320444
27.25,33,6654.07624
27.916667,33,6654.815758
27.916667,33,6655.534883
9.291667,11,6655.807448
27.916667,33,6656.562561
27.125,33,6657.343343
10.541667,12,6657.63791
10.25,12,6657.923419
9.583333,11,6658.206105
27.208333,33,6658.986432
27.916667,33,6661.740614
27.208333,33,6662.560433
27.166667,33,6663.312638
9.458333,11,6663.583715
5.833333,7,6663.75731
27.375,33,6664.483074
2.75,4,6664.589403
27.875,33,6665.348834
10.166667,12,6665.647322
27.75,33,6666.37178
27.291667,33,6667.121182
27.416667,33,6667.851148
9.541667,11,6668.125317
27.25,33,6668.883587
27.833333,33,6669.647969
27.875,33,6670.38531
9.333333,11,6670.657535
28.291667,33,6671.544743
5.75,7,6671.743739
27.875,33,6672.514559
27.666667,33,6673.247704
27.916667,33,6674.015846
27.833333,33,6674.768934
9.5,11,6675.039339
9.291667,11,6675.307117
27.875,33,6676.075636
27.083333,33,6676.842539
27.791667,33,6677.574727
27.208333,33,6678.305497
28.0,33,6679.039482
27.75,33,6679.736677
9.333333,11,6680.005795
27.125,33,6680.721995
27.916667,33,6681.433285
28.416667,33,6682.207156
27.583333,33,6686.528052
27.291667,33,6687.976028
5.791667,7,6688.272986
9.666667,11,6688.817702
28.333333,33,6689.882665
5.75,7,6690.062028
27.916667,33,6690.794209
28.291667,33,6691.519866
27.0,33,6692.233212
5.791667,7,6692.399692
9.583333,11,6692.683346
5.791667,7,6692.892201
27.875,33,6693.627221
27.916667,33,6694.327278
5.791667,7,6694.500361
8.583333,10,6694.750253
27.5,33,6695.497441
27.208333,33,6696.291199
27.916667,33,6697.034388
27.791667,33,6697.901502
5.75,7,6698.13026
5.75,7,6698.331392
27.875,33,6699.251119
27.125,33,6700.127259
27.75,33,6700.900119
27.75,33,6701.798024
27.083333,33,6702.517277
26.958333,33,6703.282627
27.708333,33,6704.011804
27.125,33,6704.759322
2.375,4,6704.862623
5.791667,7,6705.048469
27.333333,33,6705.814155
5.75,7,6706.00621
9.208333,11,6706.329157
27.208333,33,6707.066005
26.916667,33,6707.729213
27.791667,33,6708.382046
26.875,33,6709.05007
27.166667,33,6709.712894
14.208333,18,6710.128661
5.75,7,6710.294554
27.833333,33,6710.99773
28.0,33,6711.645943
27.791667,33,6712.347364
27.875,33,6713.029469
9.416667,11,6714.694698
5.833333,7,6714.893203
9.041667,11,6715.147546
28.333333,33,6715.861251
5.75,7,6715.993926
27.291667,33,6716.647774
2.791667,4,6716.764515
27.666667,33,6717.398446
27.125,33,6718.044294
27.791667,33,6718.705095
27.958333,33,6719.446407
26.458333,33,6720.159744
9.291667,12,6720.425249
27.916667,33,6721.08022
5.75,7,6721.241139
27.125,33,6721.916914
2.75,4,6722.013228
5.791667,7,6722.160403
5.791667,7,6722.318453
27.166667,33,6722.993642
27.875,33,6723.662827
27.541667,33,6724.329758
5.75,7,6724.480402
27.291667,33,6725.129124
9.5,11,6725.392036
5.791667,7,6725.544311
5.791667,7,6725.709301
27.75,33,6726.397213
5.75,7,6726.56539
28.0,33,6727.211497
9.375,11,6727.459708
27.166667,33,6728.12413
5.75,7,6728.277561
27.916667,33,6728.943762
27.833333,33,6729.610225
26.583333,33,6730.26257
5.75,7,6730.410933
27.791667,33,6731.043337
27.875,33,6731.710613
27.5,33,6732.409047
27.833333,33,6733.074638
27.291667,33,6733.745273
9.541667,11,6733.961931
5.791667,7,6734.110295
27.875,33,6734.775491
26.916667,33,6735.445946
10.0,13,6735.708689
27.875,33,6736.375323
28.291667,33,6737.099227
2.75,4,6737.193238
27.666667,33,6737.841651
5.75,7,6738.010123
27.875,33,6738.670946
27.375,33,6739.364218
5.75,7,6739.508991
27.916667,33,6740.156425
9.541667,11,6740.389259
27.5,33,6741.027238
9.583333,11,6741.277328
27.333333,33,6741.911608
27.833333,33,6742.556977
5.666667,7,6742.707481
27.208333,33,6743.388398
27.875,33,6744.058351
5.708333,7,6744.224159
27.75,33,6744.892304
26.75,33,6745.541686
2.791667,4,6745.639336
27.875,33,6746.290084
27.708333,33,6746.958105
8.375,11,6747.175255
27.75,33,6747.842312
5.833333,7,6748.009
3.583333,5,6748.141186
27.208333,33,6748.790215
9.5,11,6749.041231
27.75,33,6749.894126
27.0,33,6750.889791
26.625,33,6751.709458
27.916667,33,6752.407477
5.791667,7,6752.576986
27.708333,33,6753.273629
27.916667,33,6753.975655
27.958333,33,6754.905244
26.666667,33,6755.639345
27.333333,33,6756.340312
27.166667,33,6757.005834
27.875,33,6757.636819
27.875,33,6759.887987
27.791667,33,6760.574378
5.791667,7,6760.741395
10.583333,12,6760.988655
27.333333,33,6761.627329
2.75,4,6761.734807
27.875,33,6762.371786
27.166667,33,6763.071663
27.541667,33,6763.754937
9.458333,11,6764.005721
27.333333,33,6764.695679
5.75,7,6764.858388
27.75,33,6765.504705
27.833333,33,6766.172542
27.875,33,6766.873988
27.166667,33,6767.552985
27.208333,33,6768.203556
5.791667,7,6768.357262
27.791667,33,6769.005223
27.125,33,6769.668282
27.833333,33,6770.340976
27.666667,33,6770.991615
5.708333,7,6771.140132
27.916667,33,6771.816312
27.75,33,6772.434356
27.25,33,6773.092304
27.25,33,6773.753606
28.375,33,6774.38905
27.166667,33,6775.036976
5.708333,7,6775.186077
27.833333,33,6775.850118
27.791667,33,6776.537988
27.291667,33,6777.200402
9.291667,11,6777.439302
26.5,33,6778.122146
27.875,33,6778.752271
9.583333,11,6778.999884
5.791667,7,6779.155649
27.916667,33,6779.802137
5.75,7,6779.969014
27.916667,33,6780.635401
27.25,33,6781.312094
27.875,33,6781.971851
9.583333,11,6782.235815
27.958333,33,6782.868444
27.916667,33,6783.504309
27.708333,33,6784.169883
5.75,7,6784.341646
5.75,7,6784.487995
27.291667,33,6785.136417
27.875,33,6785.769518
27.958333,33,6786.447916
5.75,7,6786.609068
5.75,7,6786.772473
27.916667,33,6787.41849
27.125,33,6788.087121
26.833333,33,6788.748935
27.5,33,6789.420048
27.416667,33,6790.068046
2.75,4,6790.156628
27.25,33,6790.799094
9.291667,11,6791.048753
27.916667,33,6791.683792
27.875,33,6792.333281
27.916667,33,6793.081662
5.791667,7,6793.253787
26.666667,33,6793.918567
26.791667,33,6794.587703
2.791667,4,6794.6877
27.583333,33,6795.356853
27.208333,33,6796.037009
27.333333,33,6799.0063
27.625,33,6799.669274
9.333333,11,6799.968409
27.583333,33,6800.650291
5.791667,7,6800.816697
27.333333,33,6801.54688
27.875,33,6802.215527
26.541667,33,6802.869368
27.916667,33,6805.102366
9.5,11,6805.362765
28.333333,33,6806.016068
27.791667,33,6806.669582
5.75,7,6806.832569
27.208333,33,6807.49915
24.75,32,6808.135935
27.375,33,6808.797506
27.875,33,6809.465026
27.208333,33,6810.084683
9.416667,11,6810.315761
27.875,33,6810.947262
27.75,33,6811.615306
27.875,33,6812.251299
27.833333,33,6812.897912
27.708333,33,6813.581708
27.833333,33,6814.232481
27.25,33,6814.886277
28.208333,33,6815.551037
27.916667,33,6816.182834
27.333333,33,6816.833798
10.291667,12,6817.09774
27.333333,33,6817.781102
27.291667,33,6818.394792
27.875,33,6819.03689
27.125,33,6819.705025
5.75,7,6819.849021
5.791667,7,6819.997497
27.25,33,6820.650099
27.125,33,6821.296774
5.75,7,6821.465586
26.125,33,6822.101045
26.0,33,6822.735547
27.625,33,6823.382373
5.75,7,6823.548795
5.791667,7,6823.716934
9.958333,12,6823.980277
27.666667,33,6824.65169
27.458333,33,6825.296867
5.666667,7,6825.461381
19.958333,27,6825.99613
27.583333,33,6826.645972
27.208333,33,6827.364723
27.833333,33,6828.034876
10.458333,12,6828.280689
5.75,7,6828.45022
27.541667,33,6829.099761
26.875,33,6829.755894
28.416667,33,6830.394876
5.791667,7,6830.546973
27.791667,33,6831.201003
2.75,4,6831.297975
26.916667,33,6831.913171
27.875,33,6832.582929
27.041667,33,6833.217788
27.25,33,6833.877786
28.291667,33,6834.530235
28.458333,33,6835.177661
27.875,33,6835.829594
9.583333,11,6836.060035
11.458333,13,6836.345371
27.833333,33,6836.991881
27.916667,33,6837.609264
27.083333,33,6838.280501
27.166667,33,6838.960975
5.75,7,6839.12833
3.583333,5,6839.248175
5.75,7,6839.39582
27.833333,33,6840.028245
27.208333,33,6840.662008
27.208333,33,6841.308688
5.75,7,6841.478032
28.25,33,6842.146094
27.75,33,6842.797315
28.375,33,6843.444402
27.916667,33,6844.095821
5.791667,7,6844.245796
28.333333,33,6844.887427
5.791667,7,6845.045627
27.875,33,6845.710806
27.5,33,6847.973343
5.75,7,6848.128511
5.75,7,6848.28956
27.875,33,6848.947165
27.25,33,6849.628467
27.666667,33,6850.31366
27.75,33,6850.946338
27.791667,33,6851.600214
5.791667,7,6851.794275
5.791667,7,6851.977453
5.791667,7,6852.146236
27.583333,33,6852.873994
10.583333,12,6853.143156
27.541667,33,6853.806994
26.833333,33,6854.463458
27.875,33,6855.127073
26.708333,33,6855.781148
27.25,33,6856.42522
27.458333,33,6857.113992
4.416667,7,6857.260305
9.583333,11,6857.522226
5.75,7,6857.675895
9.458333,11,6857.916829
27.375,33,6858.571592
27.583333,33,6859.217517
27.25,33,6859.858318
27.791667,33,6860.508821
5.583333,7,6860.675475
28.0,33,6861.310428
9.541667,11,6861.525394
27.333333,33,6862.180504
27.875,33,6862.844815
26.583333,33,6863.457864
9.583333,11,6863.711636
27.916667,33,6864.357697
27.916667,33,6865.009335
27.375,33,6865.635871
26.208333,33,6866.261047
27.875,33,6866.9095
5.708333,7,6867.059474
5.75,7,6867.222895
27.166667,33,6867.877606
27.666667,33,6868.491153
27.791667,33,6869.146492
26.166667,33,6869.839271
9.583333,11,6870.072967
27.125,33,6870.707711
27.666667,33,6871.358253
27.208333,33,6872.057377
5.458333,7,6872.210693
27.875,33,6872.843565
27.25,33,6873.49046
27.916667,33,6874.12305
27.291667,33,6874.771605
28.291667,33,6875.439012
26.958333,33,6876.112443
27.625,33,6876.756755
5.625,7,6876.924814
27.833333,33,6877.556036
26.666667,33,6878.247037
27.166667,33,6878.905668
28.291667,33,6879.523061
27.333333,33,6880.191383
27.75,33,6880.823541
27.625,33,6881.480471
9.458333,11,6881.707558
5.833333,7,6881.889452
27.75,33,6882.558886
27.791667,33,6883.224586
26.833333,33,6883.873387
28.0,33,6884.539998
27.791667,33,6885.175198
27.916667,33,6885.788877
5.541667,8,6885.972194
27.708333,33,6886.639712
5.75,7,6886.808
28.25,33,6887.469399
5.791667,7,6887.635285
27.708333,33,6888.292328
9.666667,13,6888.57186
5.666667,7,6890.282665
28.0,33,6890.9915
27.333333,33,6891.620775
27.833333,33,6892.288029
27.75,33,6892.92882
27.833333,33,6893.555916
28.416667,33,6894.224277
27.833333,33,6894.857115
27.375,33,6895.508936
2.708333,4,6895.608612
27.75,33,6896.255758
5.75,7,6896.405036
27.541667,33,6897.057487
9.541667,11,6897.306048
27.916667,33,6897.937338
27.916667,33,6898.570521
27.208333,33,6899.225392
27.916667,33,6899.856196
27.708333,33,6900.472147
26.583333,33,6901.122857
26.583333,33,6901.802802
27.875,33,6902.455247
27.5,33,6903.090789
27.291667,33,6906.132992
27.541667,33,6906.806805
27.833333,33,6907.539249
27.916667,33,6908.233753
27.833333,33,6908.890903
27.041667,33,6909.527434
26.958333,33,6910.234892
27.875,33,6910.885579
9.208333,11,6911.136385
27.125,33,6911.769792
26.708333,33,6912.435372
27.875,33,6913.134384
5.75,7,6913.285215
5.791667,7,6913.434454
27.5,33,6914.087743
3.583333,5,6914.205579
28.416667,33,6914.869766
27.291667,33,6915.532605
27.708333,33,6916.1667
5.833333,7,6916.334841
5.791667,7,6916.484111
27.666667,33,6917.150353
5.458333,7,6917.319356
28.333333,33,6917.987692
3.541667,5,6918.112502
2.625,4,6918.201281
5.75,7,6918.353734
26.458333,33,6919.025915
27.916667,33,6919.706203
27.666667,33,6920.367058
5.75,7,6920.498203
5.75,7,6920.65326
27.25,33,6921.317534
27.166667,33,6921.934096
27.916667,33,6922.569867
27.75,33,6923.219249
10.291667,13,6923.501811
27.25,33,6924.152896
27.666667,33,6924.787919
9.5,11,6925.031008
27.25,33,6925.689059
27.291667,33,6926.333551
27.541667,33,6926.984954
26.791667,33,6927.647041
27.333333,33,6928.320028
27.791667,33,6928.969051
27.166667,33,6929.635991
27.875,33,6930.284497
27.541667,33,6930.915554
2.75,4,6931.017212
27.333333,33,6931.674184
9.416667,12,6931.950527
27.875,33,6932.65245
9.208333,12,6932.90272
26.541667,33,6933.517962
27.875,33,6935.732314
26.75,33,6936.420163
28.291667,33,6937.100281
26.75,33,6937.734035
27.833333,33,6938.399684
27.875,33,6939.032708
27.916667,33,6939.700482
5.75,7,6939.836609
27.833333,33,6940.484192
27.541667,33,6941.330967
27.25,33,6942.101074
9.125,11,6942.370131
5.791667,7,6942.569224
9.541667,11,6942.8401
9.666667,11,6943.103208
5.666667,7,6943.267386
27.833333,33,6944.011886
27.791667,33,6944.730362
27.916667,33,6945.398418
27.666667,33,6946.049094
9.583333,11,6946.27618
28.458333,33,6946.933518
27.875,33,6947.582761
26.166667,33,6948.255778
27.916667,33,6948.913947
27.125,33,6949.599478
27.708333,33,6950.279029
5.75,7,6950.430389
5.666667,7,6950.578228
27.375,33,6951.214863
27.125,33,6951.86692
5.75,7,6952.014329
27.958333,33,6952.647611
27.5,33,6953.306948
27.208333,33,6954.000108
27.083333,33,6954.646442
27.916667,33,6955.268054
5.833333,7,6955.415192
5.458333,7,6955.56626
27.0,33,6956.218428
26.916667,33,6956.865373
5.791667,7,6957.015773
9.333333,11,6957.262796
27.833333,33,6957.897262
27.875,33,6958.544248
26.625,33,6959.199358
28.291667,33,6959.848013
27.916667,33,6960.529054
27.416667,33,6961.162296
5.791667,7,6961.317707
28.333333,33,6961.962291
27.375,33,6962.646814
9.625,11,6962.878727
5.833333,7,6963.031122
9.166667,11,6963.261995
5.791667,7,6963.431459
5.75,7,6963.596132
5.791667,7,6963.750568
27.75,33,6964.40007
27.125,33,6965.045118
27.416667,33,6965.708014
5.75,7,6965.864665
5.541667,7,6965.997319
27.916667,33,6966.664518
9.666667,11,6966.893103
27.458333,33,6967.531095
5.666667,7,6967.678095
27.833333,33,6968.326313
11.5,15,6968.643854
5.458333,7,6968.809168
27.916667,33,6969.427896
27.125,33,6970.161143
2.708333,4,6970.263004
5.791667,7,6970.430526
27.75,33,6971.247266
28.0,33,6972.262958
27.958333,33,6973.413223
27.208333,33,6974.370041
28.291667,33,6975.264232
27.166667,33,6976.129276
27.875,33,6976.918859
27.25,33,6977.830131
27.916667,33,6978.880008
27.833333,33,6981.508252
27.916667,33,6982.441647
5.791667,7,6982.650424
27.833333,33,6983.475958
27.833333,33,6984.328921
27.916667,33,6985.143615
9.458333,11,6985.441534
27.583333,33,6986.283268
27.541667,33,6987.144982
5.833333,7,6987.340712
5.833333,7,6987.555021
27.458333,33,6988.365358
9.5,11,6988.675378
5.791667,7,6988.870348
9.625,11,6989.158624
26.958333,33,6989.977562
5.833333,7,6990.190453
10.166667,12,6990.507556
27.208333,33,6991.316155
27.625,33,6992.143906
27.916667,33,6993.008098
26.666667,33,6993.843569
5.833333,7,6994.044235
5.75,7,6994.232071
27.791667,33,6995.075982
27.625,33,6995.878507
5.791667,7,6996.074388
5.625,7,6996.265458
27.916667,33,6997.130858
5.75,7,6997.337929
28.416667,33,6998.179029
27.291667,33,6998.97627
27.708333,33,6999.823831
5.833333,7,7000.040594
27.291667,33,7000.853966
27.791667,33,7001.809955
27.166667,33,7002.628736
27.75,33,7003.483204
27.916667,33,7004.324426
5.791667,7,7004.523287
5.75,7,7004.740981
9.291667,11,7005.036062
27.75,33,7005.871109
27.166667,33,7006.777994
5.666667,7,7006.9983
27.875,33,7007.971689
27.958333,33,7009.022675
27.291667,33,7009.874665
27.125,33,7010.724403
27.833333,33,7011.569566
27.166667,33,7012.40918
5.583333,7,7012.622551
27.291667,33,7013.48862
27.791667,33,7014.291732
27.333333,33,7015.124415
5.75,7,7015.340647
5.791667,7,7015.558157
27.166667,33,7016.360177
27.875,33,7017.225077
27.916667,33,7018.042498
27.875,33,7018.854761
27.916667,33,7019.743
27.416667,33,7020.542688
9.416667,11,7020.83478
5.833333,7,7021.023619
27.875,33,7021.855967
27.416667,33,7022.691732
27.25,33,7027.090414
26.583333,33,7028.062471
27.375,33,7028.929179
28.25,33,7029.739573
27.833333,33,7030.55727
26.625,33,7031.377661
27.75,33,7032.221606
5.791667,7,7032.420692
27.958333,33,7033.238746
27.458333,33,7034.058995
27.25,33,7034.889793
5.625,7,7035.102083
9.625,11,7035.439737
27.208333,33,7036.29048
27.791667,33,7037.171457
27.416667,33,7037.988415
5.75,7,7038.190281
27.166667,33,7041.138267
27.875,33,7041.956016
9.375,11,7042.202754
26.833333,33,7042.866854
9.583333,11,7043.121723
27.916667,33,7043.784778
27.875,33,7044.433993
27.125,33,7045.037863
27.875,33,7045.719318
26.75,33,7046.398774
27.916667,33,7047.039338
5.791667,7,7047.183652
26.625,33,7047.837221
5.791667,7,7048.01298
27.416667,33,7048.652277
27.125,33,7049.35272
26.208333,33,7050.052059
27.875,33,7050.668598
5.791667,7,7050.814163
27.333333,33,7051.451131
27.958333,33,7052.135484
5.75,7,7052.298946
5.833333,7,7052.449646
27.375,33,7053.133386
27.5,33,7053.779843
5.833333,7,7053.933389
28.375,33,7054.583324
27.875,33,7055.232416
28.041667,33,7055.836425
5.75,7,7056.002032
27.416667,33,7056.666322
27.875,33,7057.285822
27.916667,33,7057.938321
5.833333,7,7058.089551
5.791667,7,7058.252937
27.791667,33,7058.899456
5.791667,7,7059.050472
27.875,33,7059.669031
27.916667,33,7060.30212
27.291667,33,7060.947921
27.833333,33,7061.600581
27.708333,33,7062.269555
27.583333,33,7062.91556
10.083333,13,7063.185087
27.958333,33,7063.836903
26.208333,33,7064.483725
5.791667,7,7064.631417
27.208333,33,7065.296363
27.25,33,7065.933291
27.875,33,7066.566571
26.791667,33,7067.214275
27.166667,33,7067.848261
27.333333,33,7068.517479
27.875,33,7069.199024
27.833333,33,7069.869732
26.875,33,7070.499389
27.833333,33,7071.163938
5.791667,7,7071.315985
5.833333,7,7071.473655
27.208333,33,7072.131071
5.791667,7,7072.3019
27.916667,33,7072.931971
27.416667,33,7073.564996
27.208333,33,7074.250038
27.041667,33,7074.927893
5.708333,7,7075.079867
27.625,33,7075.712862
27.916667,33,7076.400225
10.291667,12,7076.650027
27.791667,33,7077.296104
9.208333,11,7077.529585
27.875,33,7078.196898
27.333333,33,7078.863447
5.791667,7,7079.014329
26.791667,33,7079.648191
27.083333,33,7080.315788
27.791667,33,7080.946511
26.666667,33,7081.580698
27.833333,33,7083.912242
27.458333,33,7084.582954
27.291667,33,7085.231689
27.833333,33,7085.865784
5.75,7,7086.012876
27.583333,33,7086.676786
27.333333,33,7087.332369
5.833333,7,7087.496571
27.5,33,7088.131341
27.583333,33,7088.814556
27.125,33,7089.49674
5.75,7,7089.630015
27.25,33,7090.246134
26.791667,33,7090.894495
27.333333,33,7091.578439
28.0,33,7092.211733
27.375,33,7092.949214
5.791667,7,7093.112406
16.958333,21,7093.583378
9.5,11,7093.811514
27.833333,33,7094.546266
26.166667,33,7095.250115
27.916667,33,7095.914766
9.666667,11,7096.162686
9.666667,11,7096.411204
2.75,4,7096.494497
9.625,11,7096.73123
27.25,33,7097.411089
27.416667,33,7098.060223
2.791667,4,7098.144274
5.791667,7,7098.314912
5.75,7,7098.478456
27.25,33,7099.163799
5.791667,7,7099.338778
27.25,33,7100.028888
27.375,33,7100.748938
27.916667,33,7101.441584
5.791667,7,7101.613408
2.833333,4,7101.729129
2.75,4,7101.812141
27.625,33,7102.527091
28.0,33,7103.16347
27.291667,33,7103.843594
27.166667,33,7104.526779
27.375,33,7105.160036
27.875,33,7105.839742
9.333333,11,7106.076997
27.875,33,7106.743994
27.916667,33,7107.399593
5.791667,7,7107.545554
27.875,33,7108.202472
10.416667,12,7108.458104
27.791667,33,7109.126199
9.541667,11,7109.360448
9.541667,11,7109.609961
27.875,33,7110.276027
27.333333,33,7110.945559
5.791667,7,7111.092523
9.583333,11,7111.345175
27.333333,33,7112.010191
27.208333,33,7112.697793
26.666667,33,7113.360327
5.458333,7,7113.524859
5.75,7,7113.69152
9.458333,11,7113.926394
27.958333,33,7114.59212
27.375,33,7115.245537
28.208333,33,7115.894449
27.875,33,7116.573538
27.375,33,7117.230687
27.708333,33,7117.9122
27.333333,33,7118.5612
5.833333,7,7118.708246
27.75,33,7119.394568
26.708333,33,7120.060243
27.916667,33,7120.709454
27.25,33,7121.393294
2.666667,4,7121.487977
27.083333,33,7122.141161
5.791667,7,7122.308735
26.666667,33,7122.940187
27.208333,33,7123.629809
27.875,33,7124.308433
28.0,33,7124.942257
9.625,11,7125.19074
27.416667,33,7127.592005
5.75,7,7127.75709
5.75,7,7127.92304
27.333333,33,7128.624965
27.958333,33,7129.297299
5.75,7,7129.458972
27.333333,33,7130.141542
27.375,33,7130.810595
5.791667,7,7130.956633
2.75,4,7131.06962
27.458333,33,7131.707456
27.375,33,7132.424586
28.0,33,7133.058286
27.75,33,7133.745124
27.291667,33,7134.409192
27.375,33,7135.056148
27.333333,33,7135.723731
27.375,33,7138.755616
9.708333,11,7139.00558
27.333333,33,7139.720311
27.291667,33,7140.423306
27.0,33,7141.125345
12.0,14,7141.422888
27.958333,33,7142.074717
27.875,33,7142.7551
27.208333,33,7143.436979
27.625,33,7144.107679
26.416667,33,7144.757286
5.375,7,7144.920175
27.458333,33,7145.59049
26.75,33,7146.237417
27.958333,33,7146.897454
5.75,7,7147.061109
27.291667,33,7147.760595
27.916667,33,7148.407514
26.625,33,7149.058856
27.416667,33,7149.754199
5.833333,7,7149.939717
27.166667,33,7150.65747
26.791667,33,7151.327785
5.75,7,7151.496453
27.25,33,7152.269614
27.958333,33,7153.020729
26.833333,33,7153.707385
27.875,33,7154.461073
26.125,33,7155.34976
26.708333,33,7156.304971
5.791667,7,7156.504897
27.75,33,7157.322359
27.833333,33,7158.140272
5.791667,7,7158.321303
5.791667,7,7158.48795
27.833333,33,7159.154593
27.916667,33,7159.803684
27.208333,33,7160.487068
27.375,33,7161.158684
26.791667,33,7161.819263
26.875,33,7162.486062
5.791667,7,7162.652411
9.458333,11,7162.869094
27.458333,33,7163.489313
27.208333,33,7164.15344
10.125,13,7164.432766
5.75,7,7164.586693
28.0,33,7165.220731
26.708333,33,7165.869541
5.833333,7,7166.017398
27.25,33,7166.649627
9.375,11,7166.902953
9.625,11,7167.136868
12.375,15,7167.466667
5.791667,7,7167.619775
5.75,7,7167.785117
27.25,33,7168.40255
27.916667,33,7169.08588
27.791667,33,7169.718233
28.416667,33,7170.352916
27.291667,33,7171.001597
27.583333,33,7171.669529
27.75,33,7172.332793
5.791667,7,7174.03424
5.666667,7,7174.238898
27.375,33,7174.934189
27.833333,33,7175.638052
2.833333,4,7175.736466
2.791667,4,7175.83842
27.833333,33,7176.501957
27.916667,33,7177.1343
27.916667,33,7177.803401
5.791667,7,7177.970586
27.25,33,7178.616341
27.291667,33,7179.269877
27.958333,33,7179.95002
9.708333,11,7180.203027
9.625,11,7180.418803
27.333333,33,7181.057821
27.416667,33,7181.683292
9.416667,12,7181.954622
27.208333,33,7182.599082
27.041667,33,7183.250892
27.416667,33,7183.900549
27.916667,33,7184.569668
26.916667,33,7185.216128
9.666667,11,7185.4343
26.75,33,7186.09191
27.75,33,7186.732944
9.25,11,7186.985665
27.375,33,7187.599183
9.333333,11,7187.850895
27.916667,33,7188.498241
9.625,11,7188.732417
27.333333,33,7189.381676
9.458333,11,7189.620041
8.5,10,7189.851787
26.708333,33,7190.530782
5.75,7,7190.697911
9.333333,11,7190.948839
27.166667,33,7191.600155
27.958333,33,7192.251495
27.416667,33,7192.916244
27.791667,33,7193.563762
27.333333,33,7194.229372
2.833333,4,7194.31409
5.833333,7,7194.468997
27.916667,33,7195.117351
27.333333,33,7195.751191
27.291667,33,7196.398042
27.916667,33,7197.045535
28.0,33,7197.683211
27.125,33,7198.362742
27.666667,33,7198.999079
27.791667,33,7199.652474
27.333333,33,7200.300182
12.916667,15,7200.616553
26.75,33,7201.306063
2.75,4,7201.402068
9.416667,12,7201.668771
27.416667,33,7202.351907
27.333333,33,7202.981236
27.25,33,7203.669077
27.291667,33,7204.33395
27.208333,33,7204.96358
27.958333,33,7205.581829
27.25,33,7206.246016
27.208333,33,7206.893452
26.666667,33,7207.529904
27.458333,33,7208.196486
26.833333,33,7208.864636
2.791667,4,7208.948853
27.166667,33,7209.595883
27.958333,33,7210.29878
5.833333,7,7210.463802
26.791667,33,7211.097621
28.333333,33,7211.729487
27.583333,33,7212.377099
27.333333,33,7213.048615
5.625,7,7213.215397
27.833333,33,7213.829096
27.291667,33,7214.515995
5.791667,7,7214.662295
27.833333,33,7216.90186
27.916667,33,7217.57793
27.833333,33,7218.214723
27.375,33,7218.864655
27.333333,33,7219.542608
3.541667,5,7219.657083
27.125,33,7220.348114
27.583333,33,7221.011425
27.25,33,7221.662314
27.208333,33,7222.314137
27.333333,33,7222.963717
27.958333,33,7223.613016
27.541667,33,7224.264478
27.291667,33,7224.912859
27.25,33,7225.595636
27.208333,33,7226.230944
5.791667,7,7226.397092
27.333333,33,7227.080274
27.208333,33,7227.73467
26.75,33,7228.377183
5.833333,7,7228.526127
9.708333,11,7228.778149
5.75,7,7228.926377
27.125,33,7229.573492
27.25,33,7230.209469
5.791667,7,7230.376834
9.708333,11,7230.609405
5.791667,7,7230.742723
5.791667,7,7230.895818
27.291667,33,7231.542637
5.791667,7,7231.694618
27.375,33,7232.382243
26.666667,33,7233.07082
5.75,7,7233.229958
26.625,33,7233.896088
27.291667,33,7234.578987
26.708333,33,7235.209022
27.416667,33,7235.846224
27.875,33,7236.495579
27.791667,33,7237.161301
28.375,33,7237.791959
2.75,4,7237.89345
27.291667,33,7238.525825
9.541667,11,7238.773442
27.625,33,7239.444335
27.208333,33,7240.11046
27.291667,33,7240.775382
27.291667,33,7241.427776
27.833333,33,7242.058085
27.25,33,7242.710258
10.625,12,7242.975423
27.375,33,7243.622917
10.541667,12,7246.05487
27.333333,33,7246.712888
27.333333,33,7247.444962
27.958333,33,7248.109492
27.291667,33,7248.773631
26.75,33,7249.460124
27.958333,33,7250.142793
27.916667,33,7250.777233
27.916667,33,7251.479034
26.75,33,7252.174051
27.416667,33,7252.809912
27.916667,33,7253.440647
27.333333,33,7254.111333
27.333333,33,7254.760077
27.75,33,7255.377005
5.791667,7,7255.539678
27.333333,33,7256.21142
27.291667,33,7256.908069
26.666667,33,7257.591017
27.916667,33,7258.207166
27.916667,33,7258.840764
27.958333,33,7259.459458
26.791667,33,7261.635361
27.041667,33,7262.385164
26.666667,33,7263.057633
27.833333,33,7263.737034
5.791667,7,7263.889121
27.208333,33,7264.556837
27.875,33,7265.208587
27.291667,33,7265.839875
27.25,33,7266.505547
5.791667,7,7266.656342
27.625,33,7267.290288
10.541667,12,7267.558967
9.458333,11,7267.790628
28.0,33,7268.439837
27.333333,33,7269.103302
27.25,33,7269.749893
5.75,7,7269.892965
27.416667,33,7270.504236
2.75,4,7270.604913
5.625,7,7270.758677
27.416667,33,7271.423073
27.208333,33,7272.072353
28.0,33,7272.739573
5.791667,7,7272.90549
27.875,33,7273.691602
10.666667,12,7273.966377
27.166667,33,7274.621031
27.291667,33,7275.285423
28.458333,33,7275.924308
26.833333,33,7276.537441
28.0,33,7277.238989
27.791667,33,7277.887324
5.791667,7,7278.040739
5.791667,7,7278.187279
27.791667,33,7278.837178
27.125,33,7279.501439
5.791667,7,7279.655376
28.166667,33,7280.30358
27.833333,33,7280.986996
2.708333,4,7281.070235
5.791667,7,7281.237697
27.25,33,7281.887639
26.208333,33,7282.536443
27.875,33,7283.185826
5.833333,7,7283.337888
27.416667,33,7284.004262
27.291667,33,7284.638052
26.791667,33,7285.268911
27.875,33,7285.905727
27.375,33,7286.554159
26.583333,33,7287.187064
26.833333,33,7287.853593
27.875,33,7288.485138
27.875,33,7289.141112
27.875,33,7289.785754
28.0,33,7290.467094
5.791667,7,7290.640558
9.625,11,7290.868021
26.708333,33,7291.503065
27.291667,33,7292.11973
27.958333,33,7292.833539
28.0,33,7293.503309
26.666667,33,7294.204847
27.875,33,7294.836096
27.333333,33,7295.473193
27.916667,33,7296.103949
26.75,33,7296.773113
27.916667,33,7297.419936
27.875,33,7298.085473
26.791667,33,7298.717875
27.916667,33,7299.367813
27.875,33,7300.034368
26.666667,33,7300.673028
27.375,33,7301.320547
9.666667,11,7301.56585
27.291667,33,7302.242665
5.791667,7,7302.400763
27.416667,33,7304.704637
27.875,33,7305.362545
27.916667,33,7306.016954
27.416667,33,7306.6505
27.916667,33,7307.265976
27.375,33,7307.932604
27.291667,33,7308.586096
9.375,11,7308.822561
9.291667,11,7309.052845
27.75,33,7309.70311
26.625,33,7310.333043
27.416667,33,7311.017774
27.416667,33,7311.665525
26.666667,33,7312.319114
27.958333,33,7312.982675
27.875,33,7313.617985
5.791667,7,7313.782546
27.25,33,7314.449172
27.416667,33,7315.101188
5.833333,7,7315.249069
28.0,33,7315.868586
26.916667,33,7316.527765
27.291667,33,7317.186929
5.625,7,7317.348788
27.875,33,7318.012306
26.583333,33,7318.639862
27.958333,33,7319.298511
27.166667,33,7319.935236
5.791667,7,7320.098376
2.833333,4,7320.182544
27.541667,33,7320.830886
5.791667,7,7321.00086
5.791667,7,7321.149375
27.75,33,7321.782998
5.75,7,7321.940706
27.291667,33,7322.568233
2.791667,4,7322.67686
5.791667,7,7322.831546
27.958333,33,7323.516628
27.875,33,7324.18116
27.833333,33,7324.830333
27.375,33,7325.467457
27.208333,33,7326.115304
26.791667,33,7326.756882
27.208333,33,7327.415603
27.25,33,7328.099023
27.25,33,7328.747311
5.791667,7,7328.910125
28.0,33,7329.569354
27.5,33,7330.231855
5.833333,7,7330.391009
28.291667,33,7331.030359
27.333333,33,7331.683421
27.791667,33,7332.330113
5.625,7,7332.483276
9.541667,11,7332.7149
27.916667,33,7333.380015
27.375,33,7334.048064
5.791667,7,7334.216695
27.833333,33,7334.828933
5.75,7,7334.997034
27.333333,33,7335.629686
27.833333,33,7336.313041
27.291667,33,7336.963838
27.666667,33,7337.61661
5.791667,7,7337.771433
28.458333,33,7338.414779
26.958333,33,7339.047421
9.5,11,7339.300168
27.375,33,7339.929154
5.791667,7,7340.098532
27.291667,33,7340.726607
5.791667,7,7340.895653
27.125,33,7341.563601
27.833333,33,7342.248688
26.875,33,7342.898855
27.291667,33,7343.563333
27.375,33,7344.211993
27.625,33,7344.860127
26.625,33,7347.015059
27.583333,33,7347.679657
27.791667,33,7348.311364
9.541667,11,7348.545956
28.208333,33,7349.226223
10.666667,12,7349.463286
5.791667,7,7349.612721
26.791667,33,7350.24744
27.375,33,7353.711421
27.416667,33,7354.394737
2.75,4,7354.495378
27.958333,33,7355.231856
27.916667,33,7355.912294
26.625,33,7356.55981
26.708333,33,7357.176159
27.916667,33,7357.810128
5.5,7,7357.994363
9.416667,11,7358.228567
5.75,7,7358.38183
9.416667,11,7358.612927
27.291667,33,7359.27915
27.25,33,7359.927352
27.625,33,7360.628549
5.791667,7,7360.776716
9.708333,11,7361.023022
27.458333,33,7361.64032
27.666667,33,7362.328867
27.375,33,7362.995728
27.333333,33,7363.609985
27.291667,33,7364.292577
27.291667,33,7364.931194
27.875,33,7365.578099
27.791667,33,7366.224474
27.833333,33,7366.844846
26.625,33,7367.493983
27.791667,33,7368.13995
27.166667,33,7368.808666
27.458333,33,7369.475293
26.666667,33,7370.111062
27.375,33,7370.757634
27.375,33,7371.442515
28.0,33,7372.09465
27.208333,33,7372.734142
26.666667,33,7373.409523
27.916667,33,7374.042861
5.625,7,7374.193398
27.5,33,7374.844007
27.291667,33,7375.492466
27.0,33,7376.125797
5.833333,7,7376.274368
27.291667,33,7376.922704
28.0,33,7377.568199
5.75,7,7377.707528
27.375,33,7378.374952
10.416667,12,7378.659367
27.25,33,7379.340604
27.333333,33,7379.991983
27.458333,33,7380.642456
27.208333,33,7381.290373
9.708333,11,7381.525622
5.791667,7,7381.689002
9.666667,11,7381.926546
28.0,33,7382.564012
27.916667,33,7383.209141
9.583333,11,7383.465813
27.791667,33,7384.159577
27.416667,33,7384.839908
27.416667,33,7385.458624
5.75,7,7385.628513
5.791667,7,7385.802476
27.333333,33,7386.441144
27.375,33,7387.057181
27.375,33,7387.730456
26.791667,33,7388.383211
26.666667,33,7389.058532
27.291667,33,7389.677378
27.416667,33,7390.327711
26.666667,33,7392.575244
26.916667,33,7393.271363
9.666667,11,7393.50691
27.375,33,7394.158997
26.916667,33,7394.807957
27.166667,33,7395.456953
27.291667,33,7396.08844
5.833333,7,7396.253282
27.375,33,7396.90809
27.833333,33,7397.554909
9.791667,11,7397.805944
5.791667,7,7397.95679
27.208333,33,7398.590599
5.791667,7,7398.75524
27.833333,33,7399.407558
27.208333,33,7400.054564
27.958333,33,7400.706276
5.75,7,7400.875546
27.791667,33,7401.605237
28.0,33,7402.307405
9.25,11,7402.554232
26.875,33,7403.204974
27.291667,33,7403.842952
27.375,33,7404.523995
9.583333,11,7404.753423
27.791667,33,7405.421884
2.75,4,7405.521323
27.875,33,7406.12523
28.166667,33,7406.758459
27.666667,33,7407.406498
27.375,33,7408.056523
27.375,33,7408.722961
27.25,33,7409.356379
27.25,33,7410.001274
27.208333,33,7410.66251
9.541667,11,7410.903126
26.833333,33,7411.533465
5.75,7,7411.687369
27.291667,33,7412.335955
26.708333,33,7413.020408
26.75,33,7413.638164
26.416667,33,7414.35593
5.791667,7,7414.509541
28.291667,33,7415.170174
2.75,4,7415.27018
5.625,7,7415.435884
26.666667,33,7416.085103
9.666667,11,7416.301817
27.75,33,7416.987776
27.916667,33,7417.639083
27.583333,33,7418.284425
27.875,33,7418.950363
26.625,33,7419.569638
27.125,33,7420.237072
9.625,11,7420.486223
27.208333,33,7421.121392
27.583333,33,7421.750496
5.791667,7,7421.904861
27.333333,33,7422.55161
27.416667,33,7423.202544
5.791667,7,7423.355626
9.458333,11,7423.571415
27.375,33,7424.22005
5.75,7,7424.367365
5.75,7,7424.514269
5.75,7,7424.666599
27.25,33,7425.333991
27.833333,33,7425.936344
27.166667,33,7426.551094
27.291667,33,7427.21768
27.333333,33,7427.870168
27.333333,33,7428.483352
27.541667,33,7429.154047
9.666667,11,7429.368079
27.416667,33,7430.083983
5.708333,7,7430.231067
5.833333,7,7430.383916
2.75,4,7430.486886
27.375,33,7431.137768
26.75,33,7431.818588
27.875,33,7432.4877
5.833333,7,7432.635285
9.75,11,7432.866881
27.208333,33,7435.068277
27.416667,33,7435.785561
27.416667,33,7436.417928
27.291667,33,7437.049917
28.416667,33,7437.71355
27.875,33,7438.369601
9.583333,11,7438.599488
28.333333,33,7439.302639
27.125,33,7439.94481
27.333333,33,7440.565878
5.75,7,7440.716892
27.875,33,7441.367358
27.833333,33,7442.012104
27.75,33,7442.648941
9.666667,11,7442.895316
26.916667,33,7443.528059
27.875,33,7444.20176
27.333333,33,7444.902003
26.541667,33,7445.528137
26.791667,33,7446.163944
27.416667,33,7446.849236
27.708333,33,7447.497754
27.833333,33,7448.130843
27.375,33,7448.782365
27.458333,33,7449.451011
27.291667,33,7450.175493
10.625,12,7450.43419
26.291667,33,7451.117166
27.333333,33,7451.772533
9.625,11,7452.028303
9.208333,11,7452.249296
27.416667,33,7452.949407
9.291667,11,7453.199572
27.75,33,7453.814249
26.708333,33,7454.467004
26.666667,33,7455.130633
5.625,7,7455.317796
27.166667,33,7455.978079
26.666667,33,7456.598011
27.5,33,7459.993458
27.416667,33,7460.644241
5.75,7,7460.813219
27.125,33,7461.54824
27.25,33,7462.246413
27.333333,33,7462.896323
27.291667,33,7463.552561
27.708333,33,7464.229498
9.208333,11,7464.451696
9.583333,11,7464.679404
5.75,7,7464.826809
27.291667,33,7465.463969
26.791667,33,7466.113999
27.75,33,7466.748819
28.291667,33,7467.38517
15.708333,19,7467.778979
27.25,33,7468.433779
27.958333,33,7469.063639
27.208333,33,7469.716203
27.416667,33,7470.364503
4.541667,7,7470.526931
27.125,33,7471.181772
12.0,14,7471.463094
27.833333,33,7472.077906
26.416667,33,7472.744226
27.291667,33,7473.394918
27.25,33,7474.050864
26.875,33,7474.727354
27.291667,33,7475.379507
27.333333,33,7476.044563
27.833333,33,7476.679834
27.25,33,7477.364033
27.125,33,7478.0111
5.75,7,7478.180479
26.75,33,7480.760572
27.208333,33,7481.482498
27.875,33,7482.213907
27.666667,33,7482.896647
27.291667,33,7483.546506
27.333333,33,7484.213304
27.458333,33,7484.86007
27.25,33,7485.510941
26.916667,33,7486.160753
26.625,33,7486.808806
5.833333,7,7486.963038
27.916667,33,7487.62811
27.875,33,7488.258971
27.416667,33,7488.895926
26.416667,33,7489.567202
27.5,33,7490.242785
27.458333,33,7490.931767
9.583333,11,7491.177402
5.75,7,7491.339738
27.375,33,7491.978841
5.791667,7,7492.142477
27.208333,33,7492.810038
9.666667,11,7493.045813
28.166667,33,7493.692215
26.25,33,7494.360164
10.583333,12,7494.605525
27.875,33,7495.21602
27.375,33,7495.825274
26.791667,33,7496.489686
26.666667,33,7497.178199
26.625,33,7497.828055
2.791667,4,7497.924018
26.625,33,7498.576369
26.291667,33,7499.226642
27.25,33,7499.828147
27.25,33,7500.47472
26.708333,33,7501.14275
5.75,7,7501.294707
27.75,33,7501.928161
27.875,33,7502.565846
27.625,33,7503.210067
5.791667,7,7503.375212
5.791667,7,7503.510386
9.708333,12,7503.775093
5.625,7,7503.923507
27.791667,33,7504.596483
27.75,33,7505.28495
9.541667,11,7505.524461
27.916667,33,7506.210038
28.041667,33,7506.842357
28.125,33,7507.524921
27.25,33,7508.177073
26.625,33,7508.842866
27.833333,33,7509.52686
27.75,33,7510.225909
5.541667,7,7510.392777
27.375,33,7511.023333
27.833333,33,7511.673215
27.25,33,7512.356429
27.416667,33,7512.999154
9.708333,11,7513.254111
27.25,33,7513.941587
26.625,33,7514.607676
11.541667,13,7514.875704
27.791667,33,7515.557652
26.916667,33,7516.188294
27.916667,33,7516.84222
27.25,33,7517.47167
2.75,4,7517.571695
27.333333,33,7518.223852
27.333333,33,7518.857403
27.166667,33,7519.522065
9.666667,11,7519.735788
10.125,12,7520.004471
26.791667,33,7520.673448
2.833333,4,7520.75474
28.0,33,7521.403905
27.958333,33,7523.688305
5.708333,7,7523.839296
9.291667,11,7524.091841
9.583333,11,7524.339553
27.583333,33,7524.988873
5.708333,7,7525.135835
5.75,7,7525.303081
27.791667,33,7525.940828
27.875,33,7526.590054
27.333333,33,7527.257392
26.833333,33,7527.940238
26.833333,33,7528.55956
26.791667,33,7529.239056
5.791667,7,7529.387611
27.916667,33,7530.00414
28.083333,33,7530.63645
26.25,33,7531.362379
9.875,12,7531.627517
27.875,33,7532.260343
27.833333,33,7532.890487
27.416667,33,7533.5527
27.833333,33,7534.203608
26.708333,33,7534.908373
26.75,33,7535.586049
27.916667,33,7536.206053
5.541667,7,7536.369399
26.708333,33,7537.0199
28.041667,33,7537.689518
26.666667,33,7538.323641
27.625,33,7538.987733
5.708333,7,7539.147259
27.375,33,7539.788489
26.666667,33,7540.435397
2.75,4,7540.540402
9.583333,12,7540.78764
10.125,12,7541.03602
5.791667,7,7541.171763
27.708333,33,7541.837444
28.416667,33,7542.485905
5.541667,7,7542.639953
27.166667,33,7543.356678
27.583333,33,7544.021473
27.375,33,7544.686388
27.375,33,7545.31774
27.333333,33,7545.987401
27.333333,33,7546.637287
28.375,33,7547.270559
27.458333,33,7547.935979
5.791667,7,7548.08444
27.5,33,7548.735014
27.708333,33,7549.386577
27.375,33,7550.03686
5.75,7,7550.218172
27.625,33,7550.866899
25.708333,33,7551.555073
28.458333,33,7552.183944
26.75,33,7552.851166
9.5,11,7553.087736
28.5,33,7553.752453
26.208333,33,7554.404576
27.833333,33,7555.038522
5.791667,7,7555.186924
9.75,12,7555.455689
5.75,7,7555.616749
27.791667,33,7556.219879
9.666667,11,7556.450682
5.75,7,7556.666741
5.791667,7,7556.836789
27.416667,33,7557.491594
25.916667,33,7558.133017
26.375,33,7558.781473
5.75,7,7558.936378
27.166667,33,7559.600276
26.208333,33,7560.216831
9.583333,11,7560.468256
27.791667,33,7561.092427
27.958333,33,7561.767255
5.75,7,7561.933274
27.833333,33,7562.587602
9.458333,11,7562.816798
5.833333,7,7562.978466
27.458333,33,7563.649054
27.375,33,7567.547411
27.958333,33,7569.935723
26.583333,33,7570.623348
27.916667,33,7571.265382
27.458333,33,7571.930912
28.333333,33,7572.590261
27.958333,33,7573.218443
27.5,33,7573.884379
27.166667,33,7574.546166
5.416667,7,7574.730887
5.708333,7,7574.867778
26.416667,33,7575.529163
27.958333,33,7576.151367
27.291667,33,7576.833591
5.791667,7,7576.99515
9.708333,11,7577.205318
9.583333,11,7577.453281
27.25,33,7578.100036
2.708333,4,7578.185982
9.875,12,7578.43976
27.541667,33,7579.097807
5.541667,7,7579.264327
26.458333,33,7579.928788
5.791667,7,7580.08379
5.75,7,7580.23153
27.625,33,7580.882328
5.791667,7,7581.084808
5.791667,7,7581.250186
26.958333,33,7581.900219
27.833333,33,7582.532142
27.208333,33,7583.213172
26.875,33,7583.863688
27.291667,33,7584.528286
5.75,7,7584.679595
5.666667,7,7584.833063
26.791667,33,7585.463475
27.75,33,7586.111154
26.666667,33,7586.763361
27.5,33,7587.395655
27.166667,33,7588.042499
5.75,7,7588.18378
27.916667,33,7588.851555
27.208333,33,7589.498776
27.208333,33,7590.147642
26.625,33,7590.795153
26.625,33,7591.419144
27.333333,33,7592.101506
27.541667,33,7592.72546
26.666667,33,7593.363558
26.625,33,7594.000721
28.0,33,7594.678438
27.416667,33,7595.328871
27.875,33,7596.015194
27.375,33,7596.661418
5.75,7,7596.810412
27.875,33,7597.428669
27.333333,33,7598.096696
26.708333,33,7598.750359
5.458333,7,7598.912417
27.208333,33,7599.56037
26.625,33,7600.210964
28.25,33,7600.847327
26.583333,33,7601.496393
26.666667,33,7602.127979
26.791667,33,7602.814166
27.958333,33,7603.445393
27.958333,33,7604.107932
27.916667,33,7604.763726
5.75,7,7604.912417
27.291667,33,7605.559626
26.916667,33,7606.210791
9.541667,11,7606.434213
5.708333,7,7606.628278
26.833333,33,7607.329026
5.583333,7,7607.476095
5.791667,7,7607.627266
2.791667,4,7607.729345
27.958333,33,7608.376554
26.833333,33,7609.041532
27.875,33,7609.713896
28.0,33,7610.396644
27.791667,33,7612.596636
5.833333,7,7612.770891
27.458333,33,7613.479319
27.583333,33,7614.144441
28.166667,33,7614.794479
5.791667,7,7614.967854
27.5,33,7615.594285
27.791667,33,7616.227435
10.583333,12,7616.477289
2.75,4,7616.577031
28.291667,33,7617.227994
26.791667,33,7617.879864
27.833333,33,7618.527509
27.333333,33,7619.190187
9.625,11,7619.395269
2.791667,4,7619.495248
14.083333,17,7619.857479
27.375,33,7620.478482
27.416667,33,7621.145948
27.416667,33,7621.7811
27.708333,33,7622.441982
2.75,4,7622.528344
28.0,33,7623.163296
5.833333,7,7623.307069
27.75,33,7623.977525
5.833333,7,7624.141774
9.666667,11,7624.374348
26.875,33,7625.076457
5.791667,7,7625.243089
27.0,33,7625.858198
27.458333,33,7626.527721
26.791667,33,7627.172729
9.75,12,7627.444364
26.791667,33,7628.072892
27.333333,33,7628.742015
27.208333,33,7629.411287
5.75,7,7629.572847
27.333333,33,7630.24388
28.125,33,7630.886761
5.375,7,7631.055941
27.458333,33,7631.692085
9.666667,11,7631.936517
9.541667,11,7632.198943
26.583333,33,7632.910746
27.833333,33,7633.559001
27.125,33,7634.223751
27.916667,33,7634.87252
27.5,33,7635.571972
27.541667,33,7636.242225
27.25,33,7636.92609
27.125,33,7637.572612
27.333333,33,7638.24001
9.208333,11,7638.476912
27.25,33,7639.153688
26.875,33,7639.825079
27.958333,33,7640.441343
5.791667,7,7640.608378
27.541667,33,7641.222859
26.25,33,7641.874283
27.25,33,7642.522681
27.958333,33,7643.174071
26.541667,33,7643.839182
27.333333,33,7644.522183
25.666667,33,7645.169388
27.75,33,7645.804361
27.208333,33,7646.460617
26.916667,33,7647.092552
27.458333,33,7647.708568
27.375,33,7648.374822
27.833333,33,7649.024899
2.791667,4,7649.124966
9.708333,11,7649.357824
27.375,33,7649.980996
9.25,11,7650.222991
26.708333,33,7650.868963
27.416667,33,7651.502555
26.875,33,7652.140062
27.375,33,7652.771347
27.875,33,7655.071011
27.416667,33,7655.738437
5.791667,7,7655.907982
27.791667,33,7656.526557
5.666667,7,7656.685959
27.375,33,7657.320036
28.0,33,7658.025646
5.5,7,7658.18538
27.458333,33,7658.822744
26.791667,33,7659.489559
27.208333,33,7660.126089
5.625,7,7660.286957
27.375,33,7660.90583
27.375,33,7661.586041
27.375,33,7662.238806
26.166667,33,7662.83672
9.708333,11,7663.087256
27.125,33,7663.736604
5.833333,7,7663.910321
26.791667,33,7664.571604
27.916667,33,7665.251801
5.791667,7,7665.422586
27.25,33,7666.052936
27.333333,33,7666.69623
26.583333,33,7667.342529
27.875,33,7668.010684
5.791667,7,7668.172425
5.666667,7,7668.332365
26.375,33,7668.990732
27.125,33,7669.621899
27.291667,33,7670.299677
27.166667,33,7670.911556
27.75,33,7671.521356
26.666667,33,7674.651822
5.458333,7,7674.801737
9.708333,11,7675.051874
26.833333,33,7675.754671
5.666667,7,7675.92676
27.958333,33,7676.619731
9.25,12,7676.868178
26.833333,33,7677.503897
5.791667,7,7677.653413
26.666667,33,7678.333999
11.291667,15,7678.654191
27.916667,33,7679.302717
26.791667,33,7679.916627
27.541667,33,7680.585183
9.0,11,7680.84938
12.75,15,7681.152699
5.833333,7,7681.301836
5.625,7,7681.453849
9.625,11,7681.667547
5.458333,7,7681.834181
26.791667,33,7682.485009
5.666667,7,7682.668392
27.0,33,7683.353898
26.625,33,7684.002968
27.916667,33,7684.620157
26.958333,33,7685.318562
27.75,33,7685.968283
27.833333,33,7686.614233
26.625,33,7687.266846
27.333333,33,7687.950742
5.791667,7,7688.086426
26.875,33,7688.719471
27.25,33,7689.386676
5.791667,7,7689.550798
27.166667,33,7690.174288
9.375,12,7690.43155
27.583333,33,7691.076409
27.625,33,7691.682426
5.75,7,7691.8359
26.75,33,7692.466153
26.833333,33,7693.134149
26.875,33,7693.797398
5.708333,7,7693.967583
5.791667,7,7694.136333
5.791667,7,7694.286957
28.0,33,7694.918712
2.833333,4,7695.000175
27.833333,33,7695.665091
27.291667,33,7696.299797
27.208333,33,7696.948103
28.333333,33,7697.564166
27.791667,33,7698.216319
9.833333,11,7699.998428
9.541667,11,7700.250002
27.916667,33,7700.934656
5.458333,7,7701.078954
26.625,33,7701.732994
7.625,9,7701.931557
26.75,33,7702.601738
27.291667,33,7703.234494
28.0,33,7703.919758
27.333333,33,7704.600697
28.0,33,7705.233437
26.291667,33,7705.852578
28.041667,33,7706.494539
27.833333,33,7707.13479
27.416667,33,7707.780046
5.708333,7,7707.930014
27.916667,33,7708.648884
27.833333,33,7709.315681
27.208333,33,7709.948094
27.875,33,7710.563743
27.375,33,7711.21892
9.666667,11,7711.4463
26.625,33,7712.063559
27.583333,33,7712.69975
27.208333,33,7713.332147
27.916667,33,7714.011122
27.916667,33,7714.659971
27.416667,33,7715.33117
27.875,33,7715.993186
27.375,33,7716.627274
5.75,7,7716.78311
27.375,33,7717.409645
5.791667,7,7717.564022
5.791667,7,7717.749362
27.25,33,7718.379369
27.166667,33,7719.029267
27.833333,33,7719.66514
26.625,33,7720.295159
27.25,33,7720.94716
5.5,7,7721.078929
5.708333,7,7721.229007
11.333333,13,7721.509094
26.75,33,7722.167552
27.625,33,7722.818409
27.333333,33,7723.427924
27.333333,33,7724.097804
5.791667,7,7724.277235
27.958333,33,7724.930642
5.75,7,7725.083157
27.875,33,7725.730329
27.375,33,7726.397879
26.875,33,7727.044188
27.25,33,7727.694078
27.541667,33,7728.327383
26.833333,33,7728.997959
27.333333,33,7729.662083
27.291667,33,7730.325589
27.875,33,7730.974479
26.958333,33,7731.61097
27.333333,33,7732.240949
27.791667,33,7732.896967
26.916667,33,7733.530931
2.791667,4,7733.630228
5.75,7,7733.828812
26.083333,33,7734.51058
27.416667,33,7735.179923
2.75,4,7735.275432
26.791667,33,7735.927061
27.375,33,7736.543648
27.916667,33,7737.229848
26.625,33,7737.876842
26.416667,33,7738.477623
27.458333,33,7739.14677
2.833333,4,7739.248152
5.791667,7,7739.40997
26.166667,33,7740.043175
5.791667,7,7740.209805
27.666667,33,7742.427323
28.041667,33,7743.094279
27.666667,33,7743.744814
9.708333,13,7744.015308
5.791667,7,7744.188867
5.75,7,7744.329721
5.75,7,7744.478898
27.375,33,7745.148109
9.708333,11,7745.378052
27.166667,33,7746.076467
27.291667,33,7746.693789
27.833333,33,7747.373009
26.75,33,7748.025484
10.25,13,7748.308763
27.25,33,7748.960095
26.75,33,7749.627375
26.875,33,7750.328135
27.291667,33,7750.973447
27.291667,33,7751.641679
5.708333,7,7751.824924
27.333333,33,7752.526236
10.375,12,7752.811223
5.791667,7,7752.974828
27.291667,33,7753.608479
27.625,33,7754.293835
5.75,7,7754.461483
27.875,33,7755.124573
27.875,33,7755.775097
5.791667,7,7755.924496
27.541667,33,7756.583184
26.708333,33,7757.242915
27.458333,33,7757.879195
5.833333,7,7758.027111
26.75,33,7758.690686
12.708333,15,7759.03651
5.458333,7,7759.190528
27.875,33,7759.874445
27.208333,33,7760.505397
27.333333,33,7761.200379
28.333333,33,7761.825739
27.0,33,7762.460927
5.75,7,7762.60977
27.75,33,7763.275571
26.75,33,7763.956117
5.833333,7,7764.122755
27.25,33,7764.776302
26.583333,33,7765.43919
27.208333,33,7766.10648
26.875,33,7766.722261
26.75,33,7767.402885
27.458333,33,7768.058228
5.791667,7,7768.206101
27.333333,33,7768.825408
9.625,11,7769.07136
27.291667,33,7769.725645
26.625,33,7770.375658
26.833333,33,7771.021577
11.5,14,7771.291966
27.291667,33,7771.97383
5.75,7,7772.1223
27.416667,33,7772.738891
5.791667,7,7772.912722
26.208333,33,7774.022622
27.208333,33,7774.708562
27.458333,33,7775.357171
5.791667,7,7775.520123
9.625,11,7775.751843
12.041667,15,7776.072882
5.708333,7,7776.23941
27.291667,33,7776.872489
27.958333,33,7777.507497
5.666667,7,7777.669413
27.375,33,7780.647124
5.75,7,7780.807392
27.416667,33,7781.437757
27.5,33,7782.170735
27.916667,33,7782.857146
26.833333,33,7783.553551
28.0,33,7784.220711
27.916667,33,7784.870623
9.583333,11,7785.120421
27.291667,33,7785.753862
27.458333,33,7787.889079
27.583333,33,7788.638264
27.833333,33,7789.29172
5.791667,7,7789.436697
27.833333,33,7790.094751
27.25,33,7790.696452
27.208333,33,7791.35601
26.666667,33,7792.02293
27.25,33,7792.671069
5.833333,7,7792.834949
27.333333,33,7793.487003
27.166667,33,7794.174135
27.208333,33,7794.82038
26.916667,33,7795.46926
27.916667,33,7796.105725
2.791667,4,7796.203981
27.958333,33,7796.818344
27.375,33,7797.454533
27.916667,33,7798.103086
27.875,33,7798.734538
27.291667,33,7799.405051
27.958333,33,7800.055043
28.041667,33,7800.687211
3.541667,5,7800.80102
27.916667,33,7801.422101
27.291667,33,7802.053767
27.291667,33,7802.715559
5.791667,7,7802.872847
27.291667,33,7803.503425
27.958333,33,7804.153184
27.333333,33,7804.78935
27.875,33,7805.451258
27.666667,33,7806.096076
27.416667,33,7806.784398
9.458333,11,7807.017712
27.583333,33,7807.653344
26.666667,33,7808.317909
10.291667,12,7808.586221
27.958333,33,7809.235513
9.708333,11,7809.468916
10.375,12,7809.784061
27.375,33,7810.481583
27.375,33,7811.137269
26.666667,33,7811.783803
27.0,33,7812.43362
27.416667,33,7813.097809
27.25,33,7813.749581
2.666667,4,7813.853032
27.916667,33,7814.516735
5.75,7,7814.650022
26.875,33,7815.334224
26.0,33,7815.969334
26.75,33,7816.63712
26.708333,33,7817.285298
27.375,33,7817.915517
28.291667,33,7818.579329
27.291667,33,7819.237402
27.875,33,7819.914247
27.333333,33,7820.602211
27.666667,33,7821.212403
26.75,33,7821.868851
5.75,7,7822.01677
27.833333,33,7822.650958
27.375,33,7823.265583
5.791667,7,7823.432127
5.541667,7,7823.600503
9.625,11,7823.832189
27.125,33,7824.515341
9.583333,11,7824.769062
27.916667,33,7825.415247
28.291667,33,7826.064501
27.916667,33,7826.716203
5.75,7,7826.881819
5.833333,7,7827.019532
26.75,33,7827.64961
26.666667,33,7828.31365
5.791667,7,7828.481588
9.375,11,7828.751028
27.875,33,7830.999879
5.791667,7,7831.179306
5.833333,7,7831.333163
27.291667,33,7831.9987
5.5,7,7832.167388
5.666667,7,7832.330371
27.875,33,7832.961046
26.833333,33,7833.611845
9.666667,11,7833.852949
5.75,7,7834.000377
27.916667,33,7834.746785
27.458333,33,7835.469204
5.791667,7,7835.650239
5.75,7,7835.829958
10.583333,13,7836.116755
27.916667,33,7836.794937
27.541667,33,7837.464095
27.333333,33,7838.132672
27.208333,33,7838.764279
27.916667,33,7839.46737
27.875,33,7840.130519
5.833333,7,7840.280303
5.75,7,7840.433359
27.833333,33,7841.066663
27.958333,33,7841.732213
5.833333,7,7841.880266
27.708333,33,7842.530119
5.75,7,7842.683367
27.875,33,7843.313339
26.875,33,7843.963192
27.25,33,7844.645357
27.208333,33,7845.277758
27.333333,33,7845.946321
28.416667,33,7846.562984
5.75,7,7846.729548
26.625,33,7847.353466
5.833333,7,7847.516023
27.958333,33,7848.149076
26.958333,33,7848.812593
26.75,33,7849.462745
9.666667,11,7849.72931
28.0,33,7850.37901
26.583333,33,7851.027522
27.5,33,7851.658301
5.75,7,7851.815574
27.375,33,7852.445526
5.541667,7,7852.612195
27.416667,33,7853.245347
27.916667,33,7853.878822
27.375,33,7854.528079
27.375,33,7855.178343
27.833333,33,7855.795036
5.791667,7,7855.951403
27.083333,33,7856.611783
5.791667,7,7856.761477
27.833333,33,7857.347791
2.833333,4,7857.444941
5.833333,7,7857.611505
5.791667,7,7857.763454
27.375,33,7858.461618
28.0,33,7859.111346
27.333333,33,7859.763073
26.875,33,7860.379828
28.166667,33,7861.028389
27.916667,33,7861.679614
26.666667,33,7862.310738
27.875,33,7862.977481
10.625,12,7863.230474
9.5,12,7863.477486
27.333333,33,7864.143875
27.916667,33,7864.783501
27.916667,33,7865.424339
27.375,33,7866.097046
5.833333,7,7866.260255
26.708333,33,7866.912237
26.708333,33,7867.526966
27.333333,33,7868.145162
27.916667,33,7868.793138
9.5,11,7869.043216
27.291667,33,7869.709983
27.958333,33,7870.345064
27.458333,33,7870.976369
5.75,7,7871.126513
27.833333,33,7873.276147
2.791667,4,7873.392192
12.958333,16,7873.762582
26.791667,33,7874.412297
28.416667,33,7875.109151
27.791667,33,7875.742419
27.208333,33,7876.358984
5.791667,7,7876.508941
27.875,33,7877.158858
27.291667,33,7877.80209
9.583333,11,7878.040899
27.291667,33,7878.675493
2.791667,4,7878.775589
8.5,11,7878.997041
27.541667,33,7879.625089
5.791667,7,7879.775199
27.166667,33,7880.425304
9.208333,11,7880.658387
5.75,7,7880.827044
5.833333,7,7880.9751
10.416667,13,7881.244983
27.375,33,7881.908514
9.708333,11,7882.193634
27.916667,33,7882.861507
27.708333,33,7883.508098
5.791667,7,7883.658232
27.958333,33,7884.35799
5.708333,7,7884.507933
26.625,33,7885.191233
27.958333,33,7887.240877
27.25,33,7887.892884
27.875,33,7888.591066
27.916667,33,7889.277164
27.333333,33,7889.927181
26.708333,33,7890.558618
5.791667,7,7890.707483
27.333333,33,7891.358542
9.208333,11,7891.573833
26.666667,33,7892.207004
26.833333,33,7892.836453
27.125,33,7893.506746
9.625,11,7893.756831
27.375,33,7894.423294
2.791667,4,7894.506699
5.75,7,7894.673765
5.791667,7,7894.806592
27.375,33,7895.460974
27.291667,33,7896.140012
27.291667,33,7896.774995
27.5,33,7897.423412
27.458333,33,7898.071501
27.875,33,7898.706278
27.916667,33,7899.354409
26.833333,33,7900.022951
27.208333,33,7900.656025
26.791667,33,7901.29022
27.291667,33,7901.955548
27.375,33,7902.590201
25.708333,33,7903.24077
28.0,33,7903.905469
5.791667,7,7904.071988
27.416667,33,7904.705401
12.083333,16,7905.03855
27.25,33,7905.657239
28.458333,33,7906.305264
27.375,33,7906.95699
27.875,33,7907.586796
27.875,33,7908.221849
5.666667,7,7908.371492
27.416667,33,7909.021329
5.708333,7,7909.204789
27.875,33,7909.854802
28.041667,33,7910.521241
5.708333,7,7910.690044
28.416667,33,7911.321383
27.291667,33,7911.956373
28.333333,33,7912.6044
27.416667,33,7913.254135
5.791667,7,7913.404173
5.708333,7,7913.557206
26.875,33,7914.220689
26.75,33,7914.88676
27.958333,33,7917.073646
28.083333,33,7917.737145
26.833333,33,7918.372197
27.416667,33,7919.037075
26.291667,33,7919.686573
5.791667,7,7919.841098
27.291667,33,7920.469888
27.458333,33,7921.103155
28.208333,33,7921.755023
9.708333,11,7921.989768
5.75,7,7922.136452
26.666667,33,7922.754919
26.791667,33,7923.402971
26.708333,33,7924.071413
26.833333,33,7924.727132
27.458333,33,7925.35726
27.833333,33,7926.01912
26.708333,33,7926.652364
27.25,33,7927.285596
28.041667,33,7927.951727
27.25,33,7928.556135
27.583333,33,7929.201936
26.708333,33,7929.835473
27.333333,33,7930.471654
27.25,33,7931.101817
27.291667,33,7931.735136
27.916667,33,7932.385079
26.333333,33,7933.067657
26.708333,33,7933.70467
27.25,33,7934.357964
23.625,28,7934.934542
27.916667,33,7935.620844
27.833333,33,7936.270934
26.708333,33,7936.917803
27.333333,33,7937.554075
27.25,33,7938.18417
5.791667,7,7938.354191
27.125,33,7939.020167
27.208333,33,7939.667684
27.375,33,7940.300537
5.791667,7,7940.453624
27.333333,33,7941.133904
27.333333,33,7941.769029
26.75,33,7942.398969
27.416667,33,7943.033685
27.25,33,7943.666946
26.625,33,7944.300079
28.333333,33,7944.936546
26.208333,33,7945.604786
27.875,33,7946.2499
5.75,7,7946.399806
27.958333,33,7947.03295
27.291667,33,7947.683013
26.666667,33,7948.332311
27.291667,33,7948.949596
27.875,33,7949.582657
26.666667,33,7950.249386
28.333333,33,7950.865762
27.916667,33,7951.485702
2.75,4,7951.565796
27.458333,33,7952.222771
27.25,33,7952.815875
27.291667,33,7953.448853
26.458333,33,7954.115626
5.833333,7,7954.265338
27.25,33,7954.898883
5.791667,7,7955.065391
5.791667,7,7955.215183
27.416667,33,7955.863698
27.333333,33,7956.531291
27.166667,33,7958.731655
27.208333,33,7959.417747
27.75,33,7960.064716
27.5,33,7960.70192
27.333333,33,7961.381219
27.541667,33,7962.000806
28.166667,33,7962.664398
27.166667,33,7963.297702
27.666667,33,7963.932284
9.75,11,7964.164148
8.75,10,7964.380668
27.333333,33,7965.030721
27.75,33,7965.682522
27.166667,33,7966.33045
27.208333,33,7966.980431
5.833333,7,7967.145829
5.75,7,7967.296994
5.791667,7,7967.447018
5.791667,7,7967.596999
27.791667,33,7968.247259
27.458333,33,7968.896873
26.583333,33,7969.545364
27.791667,33,7970.200188
27.041667,33,7970.832271
2.833333,4,7970.92995
9.583333,11,7971.183041
26.75,33,7971.846496
5.75,7,7971.999035
27.833333,33,7972.662925
27.666667,33,7973.296152
27.0,33,7973.948122
5.625,7,7974.099532
27.875,33,7974.731506
28.291667,33,7975.431318
26.666667,33,7976.08401
5.75,7,7976.232768
26.625,33,7976.886121
27.75,33,7977.532313
26.458333,33,7978.182169
5.708333,7,7978.345418
2.791667,4,7978.430888
26.458333,33,7979.090606
27.208333,33,7979.728616
26.041667,33,7980.34742
26.458333,33,7980.978636
26.5,33,7981.616456
2.791667,4,7981.719519
27.791667,33,7982.378354
27.208333,33,7982.995516
26.666667,33,7983.628677
26.958333,33,7984.281659
2.791667,4,7984.380383
26.541667,33,7984.994683
26.125,33,7985.644673
27.166667,33,7986.328269
28.083333,33,7986.977903
5.833333,7,7987.127787
9.666667,11,7987.411119
5.791667,7,7987.561192
26.75,33,7988.229613
27.083333,33,7988.860867
27.875,33,7992.677585
28.208333,33,7993.396974
27.666667,33,7994.077187
28.333333,33,7994.7269
27.791667,33,7995.410494
27.791667,33,7996.043261
27.75,33,7996.680117
27.75,33,7997.329572
27.25,33,7997.97932
27.791667,33,7998.592893
28.333333,33,7999.262016
26.708333,33,7999.913954
5.833333,7,8000.059414
27.166667,33,8000.663217
27.291667,33,8001.312333
5.791667,7,8001.475843
26.416667,33,8002.175858
5.791667,7,8002.342434
5.75,7,8003.979001
27.125,33,8004.708211
26.958333,33,8005.341932
10.375,12,8005.625427
27.083333,33,8006.293995
27.791667,33,8006.925318
26.75,33,8007.541747
26.708333,33,8008.193688
9.541667,11,8008.425536
27.291667,33,8009.058294
27.75,33,8009.710253
27.416667,33,8010.341355
27.833333,33,8010.997072
27.208333,33,8011.627712
27.291667,33,8012.277653
5.833333,7,8012.457725
5.791667,7,8012.624309
5.833333,7,8012.791053
27.291667,33,8013.412559
27.25,33,8014.057531
27.125,33,8014.74092
28.166667,33,8015.340708
27.708333,33,8016.026441
26.166667,33,8016.690599
5.666667,7,8016.857124
5.75,7,8017.007436
26.666667,33,8017.657054
9.791667,12,8017.909137
5.791667,7,8018.072191
2.833333,4,8018.156987
27.333333,33,8018.806919
5.791667,7,8018.957132
26.75,33,8019.606765
11.25,13,8019.876548
27.291667,33,8020.492071
10.458333,12,8020.758739
27.166667,33,8021.406638
5.833333,7,8021.5588
26.5,33,8022.173234
26.458333,33,8022.809666
26.75,33,8023.456552
27.166667,33,8024.092641
9.541667,11,8024.322958
5.791667,7,8024.472761
5.625,7,8024.626187
27.166667,33,8025.289389
9.625,11,8025.541507
27.625,33,8026.172529
26.208333,33,8026.824541
5.791667,7,8026.972464
9.666667,11,8027.226263
26.708333,33,8027.872408
27.666667,33,8028.504188
5.791667,7,8028.659863
27.333333,33,8029.305502
27.083333,33,8029.98936
27.375,33,8030.624382
5.791667,7,8030.772209
5.833333,7,8030.922051
27.125,33,8031.549812
27.416667,33,8032.221774
27.416667,33,8032.841275
27.833333,33,8033.474915
28.166667,33,8034.108052
27.125,33,8034.738276
27.291667,33,8035.371354
5.791667,7,8035.537942
27.333333,33,8036.238102
27.333333,33,8036.909677
27.833333,33,8037.521309
9.583333,11,8037.73803
8.791667,12,8038.021006
9.625,11,8038.254439
26.916667,33,8038.904287
27.75,33,8039.589636
26.583333,33,8040.252445
27.333333,33,8040.903924
26.375,33,8041.537182
26.791667,33,8042.170526
5.75,7,8042.341648
27.916667,33,8042.992458
2.791667,4,8043.089565
9.541667,11,8043.320494
9.166667,11,8043.537043
5.833333,7,8043.705666
26.333333,33,8044.320257
27.25,33,8046.51491
26.541667,33,8047.235116
27.875,33,8047.903436
27.291667,33,8048.553027
27.333333,33,8049.219661
27.916667,33,8049.886281
27.125,33,8050.528644
26.625,33,8051.18807
27.833333,33,8051.902674
27.375,33,8052.585831
27.416667,33,8053.235736
5.75,7,8053.404375
26.625,33,8054.072072
27.291667,33,8054.722494
5.75,7,8054.868783
27.125,33,8055.51894
28.291667,33,8056.187969
5.75,7,8056.335839
27.333333,33,8056.986771
27.166667,33,8057.605605
27.416667,33,8058.250265
5.791667,7,8058.401775
26.583333,33,8059.051593
5.75,7,8059.201647
2.791667,4,8059.284987
5.416667,7,8059.435289
27.833333,33,8060.084839
26.583333,33,8060.73784
26.083333,33,8061.387736
5.833333,7,8061.534688
27.208333,33,8062.184773
5.75,7,8062.334558
27.125,33,8062.987631
27.25,33,8063.584414
27.291667,33,8064.25393
5.791667,7,8064.401059
27.541667,33,8065.067601
27.875,33,8065.750586
5.625,7,8065.934139
26.541667,33,8066.633907
27.625,33,8067.269262
27.875,33,8067.903432
26.25,33,8068.552902
26.583333,33,8069.217017
27.416667,33,8069.850371
28.041667,33,8070.466821
26.333333,33,8071.116822
5.666667,7,8071.266675
27.791667,33,8071.898595
5.791667,7,8072.050177
9.708333,11,8072.266594
27.083333,33,8072.933043
13.75,17,8073.286135
27.25,33,8073.919323
27.291667,33,8074.551646
27.208333,33,8075.206032
27.291667,33,8075.85208
26.5,33,8076.484655
9.291667,12,8076.749331
27.791667,33,8077.411598
27.958333,33,8078.049457
5.833333,7,8078.19915
9.708333,11,8078.435797
27.291667,33,8079.269326
27.625,33,8080.032491
27.208333,33,8080.71557
5.833333,7,8080.89881
5.416667,7,8081.065426
28.333333,33,8081.784085
27.791667,33,8082.468315
5.791667,7,8082.626882
27.375,33,8083.248451
27.875,33,8083.932147
5.791667,7,8084.084938
27.791667,33,8084.698232
26.75,33,8085.331578
27.791667,33,8085.981441
5.75,7,8086.148154
5.833333,7,8086.281331
27.375,33,8086.950316
27.166667,33,8087.617593
27.375,33,8089.897682
27.291667,33,8090.54742
27.583333,33,8091.250916
5.791667,7,8091.415974
25.833333,33,8092.064116
26.5,33,8092.730607
9.666667,11,8092.967036
5.666667,7,8093.13042
5.791667,7,8093.28195
26.541667,33,8093.897161
27.25,33,8094.596943
9.541667,11,8094.830369
27.166667,33,8095.470732
27.916667,33,8096.072784
2.833333,4,8096.163962
26.5,33,8096.863201
5.791667,7,8097.013735
27.333333,33,8100.462879
10.166667,13,8100.729568
2.833333,4,8100.829629
27.25,33,8101.581626
27.375,33,8102.248151
5.75,7,8102.398882
27.958333,33,8103.029727
8.666667,10,8103.245803
5.75,7,8103.414399
27.583333,33,8104.045916
26.708333,33,8104.712386
2.75,4,8104.812299
2.791667,4,8104.912682
27.333333,33,8105.562217
26.791667,33,8106.194207
27.875,33,8106.84901
27.25,33,8107.528473
27.166667,33,8108.19832
26.708333,33,8108.845002
27.333333,33,8109.495108
27.25,33,8110.211511
27.083333,33,8110.861528
5.791667,7,8111.03093
26.458333,33,8111.644862
26.583333,33,8112.311395
2.791667,4,8112.39458
26.583333,33,8113.044541
26.833333,33,8113.677986
26.625,33,8114.344621
9.583333,11,8114.577155
26.5,33,8115.229638
2.791667,4,8115.312768
27.625,33,8115.931777
26.75,33,8116.596207
26.541667,33,8117.277353
26.791667,33,8117.910641
27.541667,33,8118.579198
27.333333,33,8119.260395
5.791667,7,8119.410417
26.666667,33,8120.06383
5.833333,7,8120.212375
5.625,7,8120.40089
27.208333,33,8121.110097
26.208333,33,8121.812111
27.208333,33,8122.4267
27.458333,33,8123.093319
27.208333,33,8123.726463
27.458333,33,8124.359887
5.791667,7,8124.509588
26.5,33,8125.159592
27.333333,33,8125.809631
27.333333,33,8126.459426
27.291667,33,8127.129039
27.208333,33,8127.764492
27.166667,33,8128.40789
27.875,33,8129.092497
27.458333,33,8129.742231
27.166667,33,8130.377847
5.791667,7,8130.54382
27.25,33,8131.175496
5.791667,7,8131.345962
9.75,11,8131.575369
26.708333,33,8132.210766
27.875,33,8132.825272
27.25,33,8135.008417
9.666667,11,8135.258373
27.291667,33,8135.908332
27.75,33,8136.577228
26.541667,33,8137.256643
26.875,33,8137.87453
5.75,7,8138.041241
27.25,33,8138.693097
27.916667,33,8139.342996
27.333333,33,8140.003822
27.25,33,8140.67788
26.625,33,8141.290844
27.25,33,8141.924047
5.75,7,8142.099597
9.75,12,8142.376075
5.625,7,8142.53937
27.208333,33,8143.214107
27.25,33,8143.84061
27.708333,33,8144.507063
9.666667,11,8144.740401
27.333333,33,8145.375776
27.083333,33,8146.006929
5.625,7,8146.159565
26.625,33,8146.807184
27.166667,33,8147.471955
26.541667,33,8148.106476
26.625,33,8148.758672
26.583333,33,8149.408559
27.25,33,8150.056472
27.375,33,8150.708745
27.583333,33,8151.33955
26.583333,33,8151.9895
27.208333,33,8152.644497
27.25,33,8153.289224
27.708333,33,8153.939104
27.25,33,8154.555821
9.541667,11,8154.789031
27.75,33,8155.439062
27.208333,33,8156.091451
5.791667,7,8156.241924
2.833333,4,8156.322186
26.791667,33,8157.005325
27.291667,33,8157.655335
27.166667,33,8158.305149
27.791667,33,8158.938539
26.5,33,8159.60535
26.75,33,8160.255319
27.625,33,8160.888263
26.541667,33,8161.540211
5.791667,7,8161.705034
27.916667,33,8162.337512
9.583333,11,8162.571377
26.625,33,8163.191554
27.125,33,8163.87111
27.791667,33,8164.521623
9.75,11,8164.754325
5.833333,7,8164.907364
27.333333,33,8165.57091
27.333333,33,8166.204352
27.458333,33,8166.892334
27.875,33,8167.520866
27.5,33,8168.153989
28.041667,33,8168.80407
27.208333,33,8169.485639
27.166667,33,8170.119023
26.583333,33,8170.770597
27.375,33,8171.403955
27.916667,33,8172.023332
27.208333,33,8172.703469
27.958333,33,8173.353225
5.375,7,8173.506389
2.75,4,8173.602761
9.625,11,8173.819953
27.75,33,8174.518631
27.916667,33,8175.203256
27.375,33,8177.336436
27.875,33,8178.004603
26.625,33,8178.635916
5.791667,7,8178.802715
9.625,11,8179.036347
10.458333,12,8179.305863
2.833333,4,8179.401073
27.25,33,8180.019323
5.75,7,8180.171967
27.916667,33,8180.802509
27.791667,33,8181.470872
5.791667,7,8181.62006
27.25,33,8182.252096
9.791667,12,8182.502049
2.833333,4,8182.585938
5.75,7,8182.755037
27.541667,33,8183.402121
5.666667,7,8183.552015
27.958333,33,8184.221286
27.25,33,8184.884564
27.833333,33,8185.485063
9.5,11,8185.754875
9.583333,11,8185.985048
27.916667,33,8186.634741
5.75,7,8186.801581
27.541667,33,8187.455054
27.166667,33,8188.101616
28.083333,33,8188.758771
27.875,33,8189.403128
27.333333,33,8190.037705
27.958333,33,8190.71988
27.875,33,8191.350863
26.75,33,8191.984289
28.25,33,8192.63387
27.375,33,8193.267519
5.791667,7,8193.434013
28.416667,33,8194.067574
27.375,33,8194.732528
27.375,33,8195.387083
5.75,7,8195.550429
5.75,7,8195.71645
27.291667,33,8196.353338
27.166667,33,8197.033556
27.916667,33,8197.653297
5.75,7,8197.816736
9.375,11,8198.051975
27.75,33,8198.719712
26.625,33,8199.352873
26.583333,33,8200.018479
27.291667,33,8200.636341
5.791667,7,8200.799613
9.708333,11,8201.050163
2.791667,4,8201.150164
27.75,33,8201.783046
27.333333,33,8202.432858
26.583333,33,8205.932504
27.208333,33,8206.61705
2.75,4,8206.732286
27.208333,33,8207.435793
27.875,33,8208.132075
27.25,33,8208.781406
27.833333,33,8209.448537
27.875,33,8210.098987
26.916667,33,8210.715422
27.666667,33,8211.348287
26.666667,33,8212.031642
27.708333,33,8212.663333
27.208333,33,8213.331561
26.666667,33,8213.983195
27.25,33,8214.614821
26.916667,33,8215.247729
26.666667,33,8215.894629
27.416667,33,8216.514322
5.833333,7,8216.684092
27.25,33,8217.364072
27.375,33,8218.030226
27.208333,33,8218.682707
9.375,12,8218.947473
27.166667,33,8219.579229
27.541667,33,8220.230623
10.208333,12,8220.48035
27.833333,33,8222.713605
26.666667,33,8223.36336
27.333333,33,8223.979982
5.791667,7,8224.149699
27.375,33,8224.7799
5.791667,7,8224.94649
27.375,33,8225.55053
5.833333,7,8225.712492
26.708333,33,8226.346491
27.416667,33,8227.012844
26.625,33,8227.679483
5.791667,7,8227.829555
5.791667,7,8227.979434
27.333333,33,8228.612161
2.75,4,8228.711175
27.375,33,8229.36269
28.0,33,8229.997839
27.333333,33,8230.629396
2.791667,4,8230.712256
27.75,33,8231.362352
27.458333,33,8232.012192
5.791667,7,8232.162297
27.333333,33,8232.795376
5.791667,7,8232.964566
5.75,7,8233.115119
27.416667,33,8233.795487
27.375,33,8234.465323
5.75,7,8234.612207
5.833333,7,8234.745149
5.791667,7,8234.920398
26.583333,33,8235.628592
2.833333,4,8235.730537
5.791667,7,8235.897511
26.583333,33,8236.545238
27.333333,33,8237.194935
5.833333,7,8237.345268
27.833333,33,8238.011493
26.125,33,8238.661444
28.25,33,8239.29481
27.208333,33,8239.944624
5.75,7,8240.094501
26.791667,33,8240.744467
27.125,33,8241.394263
26.666667,33,8242.04432
27.75,33,8242.697303
28.0,33,8243.310845
27.333333,33,8243.960477
27.458333,33,8244.577276
26.458333,33,8245.210506
27.458333,33,8245.844275
27.916667,33,8246.510679
5.791667,7,8246.712524
26.791667,33,8247.413317
9.666667,11,8247.660514
5.791667,7,8247.810037
27.208333,33,8248.443236
27.916667,33,8249.129759
27.208333,33,8249.759986
9.625,11,8249.976532
26.583333,33,8250.609679
27.333333,33,8251.261603
27.875,33,8251.929288
27.125,33,8252.543111
5.75,7,8252.709577
5.75,7,8252.859422
27.25,33,8253.509445
5.583333,7,8253.662753
27.166667,33,8254.309397
27.958333,33,8254.929483
27.208333,33,8255.578944
9.333333,11,8255.825662
26.666667,33,8256.445374
27.291667,33,8257.108723
26.5,33,8257.774958
27.333333,33,8258.410745
27.333333,33,8259.058659
27.333333,33,8259.691894
27.625,33,8260.325256
27.875,33,8260.94484
26.75,33,8261.608243
27.333333,33,8262.291622
27.916667,33,8264.376719
26.583333,33,8265.093314
5.833333,7,8265.244256
5.625,7,8265.408084
27.833333,33,8266.074632
27.833333,33,8266.707853
28.291667,33,8267.340826
26.75,33,8267.991246
5.75,7,8268.160662
5.666667,7,8268.307452
27.208333,33,8268.957304
27.458333,33,8269.590548
27.333333,33,8270.242583
26.583333,33,8270.890435
27.541667,33,8271.523731
5.708333,7,8271.67358
2.625,4,8271.757259
27.416667,33,8272.407048
9.25,11,8272.640288
27.083333,33,8273.357064
27.666667,33,8274.02287
27.875,33,8274.656858
26.208333,33,8275.306521
27.291667,33,8275.923178
27.833333,33,8276.556465
27.333333,33,8277.222795
26.75,33,8277.889573
27.333333,33,8278.522809
27.291667,33,8279.206043
5.75,7,8279.372925
27.625,33,8280.005952
9.583333,11,8280.222731
26.666667,33,8280.864771
26.708333,33,8281.505761
5.583333,7,8281.655792
27.333333,33,8282.288911
5.791667,7,8282.439059
27.166667,33,8283.088864
27.416667,33,8283.772079
27.333333,33,8284.405585
5.833333,7,8284.55538
27.375,33,8285.20566
27.666667,33,8285.853623
27.416667,33,8286.479362
26.583333,33,8287.088435
5.708333,7,8287.271691
27.5,33,8287.938188
2.833333,4,8288.037652
5.791667,7,8288.188271
9.75,11,8288.454721
5.791667,7,8288.606815
5.75,7,8288.75695
26.291667,33,8289.391588
27.958333,33,8290.054572
27.833333,33,8290.674247
27.375,33,8291.306902
27.666667,33,8291.954464
27.375,33,8292.622973
27.208333,33,8293.254315
27.958333,33,8293.904426
27.75,33,8294.572673
27.25,33,8295.22052
28.333333,33,8295.837101
27.333333,33,8296.487062
10.5,12,8296.754204
5.75,7,8296.903741
9.625,11,8297.136767
27.958333,33,8297.770217
27.291667,33,8298.420218
27.833333,33,8299.138726
9.625,11,8299.386836
27.541667,33,8299.986638
27.375,33,8300.653364
26.541667,33,8301.318274
9.583333,11,8301.55617
27.666667,33,8302.21967
26.583333,33,8302.905152
5.791667,7,8303.056031
5.833333,7,8303.219593
5.791667,7,8303.372787
26.625,33,8304.03807
9.666667,11,8304.252992
26.625,33,8304.919293
27.75,33,8307.086255
27.875,33,8307.804651
28.0,33,8308.486992
28.291667,33,8309.138603
27.708333,33,8313.489347
26.583333,33,8314.268097
27.833333,33,8315.186783
25.5,33,8316.053153
27.666667,33,8316.817766
27.875,33,8317.671134
9.541667,11,8317.934472
26.5,33,8318.620602
26.958333,33,8319.250756
27.75,33,8319.867331
27.583333,33,8320.519337
27.125,33,8321.182308
27.75,33,8321.802497
27.791667,33,8322.469667
9.5,12,8322.717083
26.75,33,8323.366734
27.833333,33,8324.050201
27.958333,33,8324.735408
5.75,7,8324.898548
27.791667,33,8325.550126
5.791667,7,8325.686418
27.25,33,8326.299866
26.708333,33,8326.949801
2.791667,4,8327.049823
26.666667,33,8327.682884
27.666667,33,8328.318253
27.916667,33,8328.999535
27.875,33,8329.682764
27.208333,33,8330.315948
27.166667,33,8330.968346
27.375,33,8331.627141
27.791667,33,8332.265714
5.75,7,8332.399038
27.25,33,8333.034183
27.791667,33,8333.682166
28.333333,33,8334.350731
27.458333,33,8334.982047
27.208333,33,8335.632437
5.791667,7,8335.781899
5.75,7,8335.948608
27.541667,33,8336.581964
5.75,7,8336.731775
26.666667,33,8337.368249
27.5,33,8338.066967
27.541667,33,8338.733566
27.333333,33,8339.364779
27.5,33,8340.031437
27.5,33,8340.664571
2.791667,4,8340.74794
27.083333,33,8341.39796
27.541667,33,8342.066479
27.291667,33,8342.714226
27.875,33,8343.333025
27.375,33,8343.997919
27.75,33,8344.647495
27.416667,33,8345.271958
26.416667,33,8345.897357
5.75,7,8346.070009
5.791667,7,8346.230633
27.125,33,8346.876511
27.25,33,8347.547541
27.791667,33,8348.180337
27.25,33,8348.862984
27.708333,33,8349.497262
27.333333,33,8350.234315
27.333333,33,8350.913275
27.166667,33,8351.562077
27.833333,33,8353.729666
27.25,33,8354.429463
27.166667,33,8355.112885
26.541667,33,8355.748959
5.791667,7,8355.901761
27.166667,33,8356.503234
9.666667,11,8356.729135
27.833333,33,8357.378861
5.791667,7,8357.529183
27.291667,33,8358.162286
5.833333,7,8358.312382
27.375,33,8358.979287
27.833333,33,8359.666368
5.833333,7,8359.812377
5.666667,7,8359.962294
5.791667,7,8360.114535
27.791667,33,8360.730752
25.166667,33,8361.378462
27.458333,33,8362.011715
5.791667,7,8362.1786
26.625,33,8362.798066
5.75,7,8362.945035
19.875,25,8363.462061
27.708333,33,8364.095033
27.416667,33,8364.744979
26.791667,33,8365.380102
27.75,33,8366.044754
27.291667,33,8366.661205
27.083333,33,8367.281265
27.958333,33,8367.944445
9.625,11,8368.194402
5.833333,7,8368.364287
9.666667,11,8368.611266
27.083333,33,8369.260905
27.375,33,8369.929434
27.416667,33,8370.577464
5.791667,7,8370.727264
26.125,33,8371.365324
27.875,33,8372.016839
27.083333,33,8372.66071
27.625,33,8373.293763
9.583333,11,8373.543661
27.375,33,8374.160293
27.875,33,8374.826896
26.208333,33,8375.495306
5.791667,7,8375.643459
27.208333,33,8376.328728
2.75,4,8376.428854
5.791667,7,8376.593223
26.666667,33,8377.276448
5.791667,7,8377.430222
5.791667,7,8377.596358
2.833333,4,8377.696298
7.75,9,8377.911241
5.75,7,8378.059708
27.125,33,8378.726247
27.791667,33,8379.361524
26.625,33,8380.026143
28.041667,33,8380.647437
27.083333,33,8381.275987
26.75,33,8381.91124
9.666667,11,8382.142678
27.291667,33,8382.79448
5.75,7,8382.942472
5.75,7,8383.09431
9.708333,11,8383.325737
26.458333,33,8383.992288
27.25,33,8384.609098
9.791667,11,8384.84158
27.916667,33,8385.458783
5.625,7,8385.608608
9.666667,11,8385.84412
26.541667,33,8386.477229
26.75,33,8387.122093
27.083333,33,8387.795909
27.833333,33,8388.425072
26.5,33,8389.058216
27.333333,33,8389.724844
27.125,33,8390.37782
27.625,33,8390.991285
9.625,11,8391.223234
27.291667,33,8391.859383
27.666667,33,8392.491275
9.416667,11,8392.70781
5.75,7,8392.861162
27.25,33,8393.494012
26.833333,33,8394.144068
27.958333,33,8396.324272
27.375,33,8397.011742
27.833333,33,8397.607207
26.833333,33,8398.273174
27.333333,33,8398.962861
27.583333,33,8399.593696
27.375,33,8400.240005
2.791667,4,8400.341594
27.166667,33,8401.039996
5.791667,7,8401.173336
27.625,33,8401.773315
27.875,33,8402.4893
27.916667,33,8403.15637
10.0,12,8403.406548
9.666667,11,8403.62341
28.458333,33,8404.256163
26.625,33,8404.943984
27.958333,33,8405.58936
17.708333,22,8406.072575
26.75,33,8406.705397
26.541667,33,8407.372546
27.291667,33,8408.091178
26.666667,33,8408.739104
26.666667,33,8409.405419
27.125,33,8410.072267
27.958333,33,8410.738694
9.583333,11,8410.978721
27.375,33,8411.622202
11.083333,14,8411.94082
27.208333,33,8412.541708
27.291667,33,8413.223753
26.833333,33,8413.854995
5.833333,7,8414.025313
9.666667,11,8414.255038
2.791667,4,8414.341202
27.291667,33,8414.97183
27.166667,33,8415.638278
2.791667,4,8415.741239
26.666667,33,8416.371587
27.375,33,8420.271023
26.708333,33,8420.922672
27.708333,33,8421.656023
5.791667,7,8421.821121
27.25,33,8422.487236
27.291667,33,8423.139029
16.666667,21,8423.553677
27.916667,33,8424.220351
27.416667,33,8424.870365
27.541667,33,8425.538945
27.875,33,8426.172157
9.5,11,8426.423429
26.208333,33,8427.088661
27.375,33,8427.803323
9.708333,11,8428.055258
2.75,4,8428.136481
27.416667,33,8428.836421
5.75,7,8429.005055
2.75,4,8429.119755
27.125,33,8429.752913
9.416667,11,8429.986701
27.25,33,8430.60268
27.25,33,8431.306958
26.583333,33,8431.96956
27.75,33,8432.588378
9.208333,11,8432.823488
5.833333,7,8432.969376
27.25,33,8433.60285
26.375,33,8434.269373
27.291667,33,8434.885565
26.75,33,8435.552237
28.333333,33,8436.202327
9.458333,11,8436.420615
9.583333,11,8436.635335
27.708333,33,8437.303975
27.208333,33,8437.985306
27.125,33,8438.651745
26.916667,33,8439.301955
27.25,33,8439.968182
5.583333,7,8440.118312
2.833333,4,8440.224493
5.833333,7,8440.385172
27.541667,33,8442.575957
27.666667,33,8443.284936
27.75,33,8443.980708
27.916667,33,8444.621073
27.291667,33,8445.25368
9.208333,11,8445.484183
5.666667,7,8445.617481
5.75,7,8445.790359
10.375,12,8446.050761
27.791667,33,8446.667338
5.75,7,8446.832514
27.875,33,8447.434015
27.958333,33,8448.10049
26.791667,33,8448.784187
27.458333,33,8449.400732
28.416667,33,8450.075984
5.791667,7,8450.233496
27.833333,33,8450.916754
10.208333,13,8451.200734
27.541667,33,8451.85016
27.916667,33,8452.521585
5.791667,7,8452.683275
27.208333,33,8453.416556
27.416667,33,8454.068353
27.291667,33,8454.73148
26.625,33,8455.366251
9.625,11,8455.599533
26.25,33,8456.232932
27.291667,33,8456.88468
5.791667,7,8457.033053
9.666667,11,8457.282539
26.625,33,8457.899163
27.375,33,8458.532358
27.625,33,8459.253452
27.791667,33,8459.885506
27.208333,33,8460.515595
26.25,33,8461.168501
27.875,33,8461.818014
27.791667,33,8462.468248
27.416667,33,8463.101905
27.541667,33,8463.7479
27.541667,33,8464.38461
5.583333,7,8464.531585
26.75,33,8465.177914
27.75,33,8465.831566
27.25,33,8466.48163
27.75,33,8467.131248
9.458333,11,8467.364629
26.666667,33,8468.032738
26.833333,33,8468.697723
27.916667,33,8469.347703
27.166667,33,8469.999735
27.791667,33,8470.647501
27.875,33,8471.280235
26.666667,33,8471.930746
27.291667,33,8472.597302
5.833333,7,8472.750218
5.75,7,8472.913746
5.791667,7,8473.04718
5.791667,7,8473.197181
26.75,33,8473.880428
27.791667,33,8474.563735
5.791667,7,8474.697188
26.583333,33,8475.330173
27.458333,33,8475.946899
26.75,33,8476.615524
5.791667,7,8476.77871
9.375,11,8477.000033
9.666667,11,8477.216323
27.291667,33,8477.846676
27.208333,33,8478.550626
26.833333,33,8479.247916
5.791667,7,8479.396494
27.291667,33,8480.029558
27.708333,33,8480.665001
27.75,33,8481.30338
26.625,33,8481.92946
27.583333,33,8482.567638
5.75,7,8482.729304
5.625,7,8484.380484
5.75,7,8484.579065
9.541667,11,8484.845715
5.75,7,8485.012418
5.791667,7,8485.178924
27.333333,33,8485.828935
9.666667,11,8486.062187
27.833333,33,8486.695337
27.375,33,8487.34739
27.458333,33,8487.978658
5.75,7,8488.128556
27.333333,33,8488.794949
27.291667,33,8489.498608
27.791667,33,8490.133595
5.791667,7,8490.293773
5.625,7,8490.461071
27.416667,33,8491.094807
27.625,33,8491.737876
27.25,33,8492.344753
27.25,33,8492.980756
27.125,33,8493.627968
26.041667,33,8494.261046
27.875,33,8494.9109
27.333333,33,8495.548777
27.916667,33,8496.194522
28.166667,33,8496.844223
26.625,33,8497.479224
27.291667,33,8498.159986
26.541667,33,8498.827222
5.75,7,8498.979081
27.416667,33,8499.643871
27.291667,33,8500.293637
27.208333,33,8500.946423
27.291667,33,8501.6267
26.541667,33,8502.262102
27.833333,33,8502.942767
9.625,11,8503.169652
27.333333,33,8503.809817
26.708333,33,8504.459212
27.458333,33,8505.146318
28.208333,33,8505.777813
2.791667,4,8505.859457
9.708333,11,8506.091403
10.583333,12,8506.348471
27.25,33,8507.00928
27.125,33,8507.675908
26.666667,33,8508.292629
27.25,33,8508.943377
27.291667,33,8509.594404
27.416667,33,8510.227629
9.666667,11,8510.458958
27.291667,33,8511.125803
26.708333,33,8511.742015
26.291667,33,8512.37552
28.375,33,8513.025275
5.708333,7,8513.191414
26.75,33,8513.825208
26.625,33,8514.475099
26.666667,33,8515.124911
26.916667,33,8515.825007
27.666667,33,8516.441481
27.208333,33,8517.074754
27.208333,33,8517.724883
26.708333,33,8518.34129
5.791667,7,8518.493205
25.75,33,8519.193241
27.875,33,8519.874415
27.791667,33,8520.507602
27.291667,33,8521.139548
26.625,33,8521.790754
26.666667,33,8522.428802
26.875,33,8523.09052
5.791667,7,8525.508949
26.541667,33,8526.190223
27.291667,33,8526.890308
27.791667,33,8529.159957
27.791667,33,8529.852461
5.791667,7,8530.02316
26.458333,33,8530.689554
2.833333,4,8530.789681
27.75,33,8531.409173
26.541667,33,8532.060457
27.916667,33,8532.722605
27.791667,33,8533.356386
27.791667,33,8534.00588
5.75,7,8534.156018
27.833333,33,8534.825525
2.791667,4,8534.924859
26.666667,33,8535.575237
27.791667,33,8536.238946
10.208333,12,8536.489409
9.875,12,8536.741024
9.625,11,8536.975278
27.583333,33,8537.588836
5.791667,7,8537.755505
27.333333,33,8538.375286
27.375,33,8539.037155
27.833333,33,8539.658108
27.291667,33,8540.307015
9.541667,11,8540.538347
27.25,33,8541.186716
9.25,11,8541.421906
27.416667,33,8542.089686
27.25,33,8542.703212
28.458333,33,8543.337911
27.291667,33,8543.986568
5.75,7,8544.13768
9.666667,13,8544.387875
27.875,33,8544.988007
9.625,11,8545.204626
27.125,33,8545.854437
26.25,33,8546.47092
27.583333,33,8547.087433
26.5,33,8547.720619
26.208333,33,8548.337364
5.416667,7,8548.489329
27.291667,33,8549.155884
28.333333,33,8549.803776
27.166667,33,8550.437036
5.708333,7,8550.589007
27.833333,33,8551.220263
27.416667,33,8551.907997
27.708333,33,8552.553736
27.041667,33,8553.223237
5.75,7,8553.370065
27.208333,33,8554.0186
27.166667,33,8554.651849
2.833333,4,8554.739141
5.75,7,8554.919862
27.166667,33,8555.541239
5.791667,7,8555.721743
28.0,33,8556.369685
28.333333,33,8557.019549
5.791667,7,8557.169426
10.375,12,8557.405833
27.875,33,8558.036125
26.666667,33,8558.71965
27.875,33,8559.36927
27.083333,33,8560.019279
5.75,7,8560.189025
27.875,33,8560.822805
9.666667,11,8561.054498
28.083333,33,8561.685633
26.875,33,8562.360179
27.458333,33,8563.002127
27.125,33,8563.622063
26.541667,33,8564.272502
27.375,33,8564.905018
27.208333,33,8565.568323
27.916667,33,8566.218414
10.25,13,8566.485065
5.75,7,8566.635197
5.75,7,8566.784984
27.833333,33,8567.401604
28.333333,33,8568.034689
27.833333,33,8568.637611
27.291667,33,8569.267861
5.75,7,8570.851384
27.25,33,8571.589488
27.958333,33,8572.267584
27.791667,33,8572.867497
27.291667,33,8573.507429
5.791667,7,8573.650557
5.791667,7,8573.800693
27.708333,33,8574.433953
27.125,33,8575.065941
27.25,33,8575.674921
27.333333,33,8576.333675
27.375,33,8576.967412
2.791667,4,8577.085492
26.708333,33,8577.68351
27.833333,33,8578.316836
27.416667,33,8578.985585
27.291667,33,8579.633276
5.75,7,8579.79995
27.708333,33,8580.451768
9.458333,11,8580.699157
27.333333,33,8581.333551
27.958333,33,8581.999769
5.791667,7,8582.149345
27.166667,33,8582.78523
27.791667,33,8583.417475
5.5,7,8583.56461
27.25,33,8584.199357
27.916667,33,8584.830079
5.75,7,8584.986711
27.75,33,8585.615697
27.583333,33,8586.248896
5.791667,7,8586.398997
5.791667,7,8586.568301
27.333333,33,8587.215818
27.375,33,8587.838925
27.916667,33,8588.498658
9.375,11,8588.748618
25.583333,33,8589.398915
5.75,7,8589.548633
27.958333,33,8590.215315
26.666667,33,8590.828598
27.166667,33,8591.467894
26.541667,33,8592.09829
27.25,33,8592.748343
27.791667,33,8593.383487
27.958333,33,8594.049549
27.208333,33,8594.664674
27.208333,33,8595.332543
27.833333,33,8595.96685
27.25,33,8596.580405
27.791667,33,8597.197609
9.5,11,8597.430795
10.375,12,8597.700511
5.75,7,8597.864031
26.625,33,8598.497385
28.291667,33,8599.13118
2.75,4,8599.232587
27.875,33,8599.879615
27.375,33,8600.497101
27.75,33,8601.132366
27.291667,33,8601.778961
27.875,33,8602.430357
26.666667,33,8603.080198
5.75,7,8603.248902
26.5,33,8603.863209
27.916667,33,8604.515665
26.583333,33,8605.113341
27.791667,33,8605.746611
26.75,33,8606.378117
26.833333,33,8606.996292
27.125,33,8607.679697
10.541667,12,8607.934533
27.416667,33,8608.583504
9.708333,11,8608.812691
27.833333,33,8609.46259
27.291667,33,8610.130959
27.916667,33,8610.77938
27.958333,33,8612.878827
27.291667,33,8613.540536
26.5,33,8614.195289
27.333333,33,8614.830525
28.0,33,8615.463825
27.375,33,8616.078331
27.791667,33,8616.713711
27.291667,33,8617.37819
26.75,33,8617.978285
27.125,33,8618.661936
27.916667,33,8619.329977
5.75,7,8619.480237
5.833333,7,8619.645064
26.625,33,8620.27817
27.625,33,8620.909652
26.625,33,8621.544353
27.333333,33,8622.177956
27.333333,33,8622.8128
27.166667,33,8623.462863
9.583333,11,8623.710195
9.375,12,8623.96065
27.458333,33,8624.611141
26.583333,33,8625.243915
27.625,33,8625.910524
27.708333,33,8626.593718
9.791667,12,8626.859037
9.708333,11,8627.076853
26.666667,33,8627.69806
5.791667,7,8627.862244
27.916667,33,8631.709721
27.916667,33,8632.379827
27.333333,33,8633.126295
26.708333,33,8633.776106
27.333333,33,8634.442808
27.333333,33,8635.076173
27.916667,33,8635.7279
14.125,18,8636.091091
5.75,7,8636.225862
27.916667,33,8636.859115
27.916667,33,8637.493767
27.375,33,8638.092227
26.416667,33,8638.742054
5.75,7,8638.907537
27.333333,33,8639.560603
26.666667,33,8640.237051
27.416667,33,8640.875247
9.583333,11,8641.091814
27.833333,33,8641.725061
5.833333,7,8641.875034
24.5,31,8642.474901
9.583333,11,8642.708499
5.833333,7,8642.875036
27.166667,33,8643.508156
25.458333,33,8644.157005
27.25,33,8644.791361
5.791667,7,8644.941166
27.291667,33,8645.591215
27.291667,33,8646.226444
5.833333,7,8646.377417
27.333333,33,8647.028143
27.291667,33,8647.64106
27.875,33,8648.276176
27.791667,33,8648.925601
27.166667,33,8649.595662
27.791667,33,8650.259255
27.791667,33,8650.923732
27.291667,33,8651.558686
5.791667,7,8651.742465
26.583333,33,8652.424115
9.583333,11,8652.690276
27.875,33,8653.340549
27.291667,33,8653.989998
27.291667,33,8654.62339
5.791667,7,8654.792403
27.208333,33,8655.441449
5.833333,7,8655.591918
27.875,33,8657.62331
27.125,33,8658.421459
26.375,33,8659.092786
27.041667,33,8659.725138
27.333333,33,8660.355932
26.625,33,8661.007859
5.458333,7,8661.172444
26.666667,33,8661.789034
26.541667,33,8662.454119
26.625,33,8663.107542
28.333333,33,8663.738712
26.666667,33,8664.372265
27.25,33,8665.023969
27.25,33,8665.655353
27.333333,33,8666.29292
26.583333,33,8666.93856
26.583333,33,8667.571556
27.75,33,8668.207891
27.083333,33,8668.833093
9.625,11,8669.071463
9.666667,11,8669.304651
27.291667,33,8669.957842
27.041667,33,8670.623144
26.166667,33,8671.286273
5.833333,7,8671.437903
27.25,33,8672.087849
28.375,33,8672.720938
27.125,33,8673.34357
5.833333,7,8673.506115
26.666667,33,8674.154147
27.291667,33,8674.756025
27.291667,33,8675.405943
26.708333,33,8676.070574
26.291667,33,8676.687077
27.25,33,8677.337336
27.875,33,8678.007627
28.416667,33,8678.65682
5.791667,7,8678.820235
2.791667,4,8678.90385
5.791667,7,8679.053617
27.791667,33,8679.70343
5.791667,7,8679.871079
9.666667,11,8680.105377
27.375,33,8680.763425
26.708333,33,8681.369819
5.791667,7,8681.519797
27.25,33,8682.184982
27.916667,33,8682.822624
9.625,11,8683.053246
27.833333,33,8683.719467
27.916667,33,8684.40501
26.625,33,8685.072517
28.291667,33,8685.685842
26.625,33,8686.33582
26.708333,33,8686.988811
27.375,33,8687.639632
27.416667,33,8688.290017
27.291667,33,8688.938484
5.791667,7,8689.102763
27.125,33,8689.752013
27.25,33,8690.418538
28.416667,33,8691.069534
27.416667,33,8691.703878
27.875,33,8692.335043
27.416667,33,8693.0037
2.791667,4,8693.084865
27.791667,33,8693.73512
27.291667,33,8694.35138
28.458333,33,8694.999999
27.791667,33,8695.617937
9.416667,11,8695.851195
27.333333,33,8696.467865
27.416667,33,8697.084487
2.75,4,8697.184561
27.875,33,8697.850986
5.791667,7,8698.001378
27.833333,33,8700.186951
5.791667,7,8700.350725
27.041667,33,8701.000533
27.875,33,8701.629629
5.791667,7,8701.787119
5.791667,7,8701.950369
26.666667,33,8702.566982
28.166667,33,8703.186715
5.625,7,8703.333597
9.541667,11,8703.583559
27.375,33,8704.237794
9.666667,11,8704.46982
9.625,11,8704.698861
5.791667,7,8704.852263
9.583333,11,8705.083426
9.625,11,8705.319918
27.916667,33,8705.985215
5.833333,7,8706.135164
27.041667,33,8706.749959
26.916667,33,8707.399779
27.833333,33,8708.033109
26.75,33,8708.666318
27.375,33,8709.332997
5.833333,7,8709.48625
27.333333,33,8710.216121
26.208333,33,8710.901177
27.875,33,8711.49924
27.416667,33,8712.132668
26.5,33,8712.802147
26.541667,33,8713.432912
27.25,33,8714.069322
27.875,33,8714.698752
27.833333,33,8715.315299
27.291667,33,8715.948452
27.791667,33,8716.584365
27.75,33,8717.248258
27.25,33,8717.881607
5.75,7,8718.031601
27.125,33,8718.658602
26.791667,33,8719.314967
26.666667,33,8719.98431
5.75,7,8720.13157
27.333333,33,8720.734345
27.75,33,8721.38122
27.416667,33,8722.031194
26.208333,33,8722.648886
26.666667,33,8723.317357
26.75,33,8723.980839
9.625,11,8724.214134
27.916667,33,8724.814121
27.791667,33,8725.450379
27.375,33,8726.114219
27.166667,33,8726.731011
26.5,33,8727.382583
27.625,33,8728.047064
28.416667,33,8728.715623
26.625,33,8729.365544
9.541667,11,8729.596842
27.583333,33,8730.213625
27.166667,33,8730.880438
26.625,33,8731.513543
2.791667,4,8731.615201
5.791667,7,8731.782922
27.375,33,8732.434222
9.458333,11,8732.663256
27.333333,33,8733.313131
27.875,33,8736.295955
26.666667,33,8736.998281
27.416667,33,8737.662407
27.708333,33,8738.312181
27.333333,33,8738.965439
26.625,33,8739.631505
27.833333,33,8740.266569
5.583333,7,8740.428771
27.333333,33,8741.095248
27.333333,33,8741.712018
27.291667,33,8742.357387
27.291667,33,8744.565021
26.666667,33,8745.211379
26.666667,33,8745.844596
9.291667,11,8746.094531
27.375,33,8746.727879
9.708333,11,8746.978251
27.916667,33,8747.644483
5.666667,7,8747.811107
5.5,7,8747.963897
27.291667,33,8748.644318
26.791667,33,8749.292823
27.333333,33,8749.960881
27.375,33,8750.593866
26.583333,33,8751.226779
5.791667,7,8751.379286
27.125,33,8752.028639
27.833333,33,8752.643828
5.625,7,8752.812481
27.333333,33,8753.47565
9.666667,11,8753.712307
9.541667,11,8753.96175
27.291667,33,8754.610453
28.416667,33,8755.2436
27.25,33,8755.893402
26.75,33,8756.560312
28.166667,33,8757.193137
5.791667,7,8757.343354
9.5,12,8757.609875
5.791667,7,8757.776441
27.208333,33,8758.42941
2.75,4,8758.524987
27.875,33,8759.142999
27.375,33,8759.759468
27.916667,33,8760.41606
27.375,33,8761.092733
27.791667,33,8761.7759
26.5,33,8762.442438
27.25,33,8763.09241
5.791667,7,8763.242489
27.333333,33,8763.85895
5.75,7,8764.012807
27.333333,33,8764.675563
26.625,33,8765.358759
10.541667,12,8765.608593
27.333333,33,8766.258691
27.25,33,8766.92719
5.75,7,8767.075291
27.875,33,8767.710467
9.583333,11,8767.943725
27.916667,33,8768.59595
27.291667,33,8769.274377
27.25,33,8769.924282
27.333333,33,8770.558187
27.25,33,8771.224824
27.25,33,8771.874527
27.833333,33,8772.491379
27.291667,33,8773.174461
5.791667,7,8773.325959
26.75,33,8773.98317
27.208333,33,8774.627305
10.541667,12,8774.864817
9.166667,12,8775.14472
9.666667,11,8775.390782
27.833333,33,8776.027277
5.75,7,8776.176234
27.375,33,8776.842637
27.333333,33,8777.557617
27.333333,33,8778.239017
5.75,7,8778.390522
27.916667,33,8779.006923
27.291667,33,8779.690374
27.333333,33,8780.327776
5.75,7,8780.490177
5.791667,7,8780.623398
26.833333,33,8781.276372
27.875,33,8781.940037
5.75,7,8782.106634
27.333333,33,8782.75647
27.75,33,8783.356444
27.291667,33,8784.006287
26.833333,33,8784.658277
27.916667,33,8786.922682
5.791667,7,8787.123041
5.791667,7,8787.291253
27.916667,33,8787.939249
27.291667,33,8788.624475
27.125,33,8789.272416
28.041667,33,8789.888776
5.75,7,8790.055993
27.125,33,8790.718791
5.458333,7,8790.872131
27.916667,33,8791.538651
26.5,33,8792.188452
5.625,7,8792.338461
27.125,33,8792.988437
27.916667,33,8793.638352
27.916667,33,8794.303441
5.791667,7,8794.456396
9.583333,11,8794.688138
5.75,7,8794.8383
5.75,7,8794.991296
5.625,7,8795.138125
28.291667,33,8795.824465
27.25,33,8796.488297
5.75,7,8796.638041
9.625,11,8796.890009
27.083333,33,8797.541252
27.875,33,8798.171057
27.333333,33,8798.806389
5.833333,7,8798.973022
27.333333,33,8799.637061
27.291667,33,8800.288067
27.333333,33,8800.939406
27.208333,33,8801.604145
27.5,33,8802.220807
5.75,7,8802.370658
5.75,7,8802.520535
27.333333,33,8803.170406
26.291667,33,8803.839066
27.875,33,8804.490775
5.791667,7,8804.63746
28.416667,33,8805.238898
27.791667,33,8805.903426
27.791667,33,8806.553394
27.208333,33,8807.172785
26.75,33,8807.838975
27.916667,33,8808.487933
27.416667,33,8809.11983
2.791667,4,8809.221671
28.0,33,8809.86972
5.75,7,8810.019792
27.416667,33,8810.688076
27.916667,33,8811.336165
28.458333,33,8811.969307
27.291667,33,8812.63592
5.833333,7,8812.787996
5.75,7,8812.952482
11.166667,14,8813.269103
5.791667,7,8813.437777
27.333333,33,8814.102726
27.916667,33,8814.752217
27.916667,33,8815.368904
5.791667,7,8815.518902
26.916667,33,8816.152079
27.375,33,8816.818665
9.708333,13,8817.084057
27.25,33,8817.735496
27.291667,33,8818.374039
27.875,33,8819.051622
27.125,33,8819.701826
5.833333,7,8819.851567
9.583333,11,8820.068212
25.916667,33,8820.734782
27.166667,33,8821.420613
27.291667,33,8822.071352
27.375,33,8822.694687
27.833333,33,8823.317791
26.708333,33,8823.987653
27.291667,33,8824.617676
27.208333,33,8825.26805
26.916667,33,8825.952998
27.291667,33,8826.602753
28.0,33,8827.252588
9.625,11,8828.950895
26.958333,33,8829.683989
27.666667,33,8830.333593
26.541667,33,8830.968619
5.791667,7,8831.132902
27.666667,33,8831.787223
5.833333,7,8831.933218
27.291667,33,8832.583417
2.833333,4,8832.683479
5.833333,7,8832.833257
27.166667,33,8833.466393
27.875,33,8834.133153
27.333333,33,8834.78649
26.625,33,8835.482895
5.75,7,8835.652482
27.291667,33,8836.318125
27.291667,33,8836.966141
2.791667,4,8837.071096
5.75,7,8837.215931
26.708333,33,8837.865671
2.833333,4,8837.966003
27.416667,33,8838.632574
26.666667,33,8839.315859
5.75,7,8839.478066
27.375,33,8840.099105
2.833333,4,8840.199004
27.916667,33,8843.617229
5.791667,7,8843.76496
5.75,7,8843.916953
27.791667,33,8844.634145
27.375,33,8845.298169
27.958333,33,8845.948286
27.333333,33,8846.533446
9.125,11,8846.781425
27.416667,33,8847.433323
27.25,33,8848.047942
5.791667,7,8848.197941
9.583333,11,8848.431229
9.583333,11,8848.66752
27.083333,33,8849.317315
5.791667,7,8849.464587
5.75,7,8849.614557
27.166667,33,8850.249483
5.833333,7,8850.412887
27.291667,33,8851.049605
27.75,33,8851.730738
5.833333,7,8851.883654
27.666667,33,8852.522846
5.625,7,8852.664046
26.875,33,8853.324993
27.333333,33,8853.964038
26.25,33,8854.613876
27.208333,33,8855.263798
26.291667,33,8855.948963
27.416667,33,8856.580103
28.0,33,8857.213679
5.833333,7,8857.374047
26.833333,33,8858.01642
27.208333,33,8858.647064
9.625,11,8858.883183
27.333333,33,8859.496579
27.166667,33,8860.14866
27.333333,33,8860.779714
26.666667,33,8861.429573
26.583333,33,8862.101124
27.833333,33,8862.733189
26.625,33,8863.357701
5.791667,7,8863.498933
5.75,7,8863.64565
9.291667,12,8863.917859
5.75,7,8864.062586
27.375,33,8864.782658
5.791667,7,8864.934225
5.75,7,8865.080975
5.625,7,8865.245773
27.125,33,8865.878792
26.208333,33,8866.545474
27.458333,33,8867.214098
27.416667,33,8867.843778
27.208333,33,8868.463849
27.291667,33,8869.128559
27.791667,33,8869.778368
26.333333,33,8870.415856
26.583333,33,8871.061385
5.833333,7,8871.22813
27.333333,33,8871.844836
27.416667,33,8872.496125
27.458333,33,8874.71083
5.791667,7,8874.87779
27.291667,33,8875.527632
27.833333,33,8876.131713
5.791667,7,8876.277597
27.25,33,8876.927815
27.375,33,8877.56065
27.291667,33,8878.210595
5.75,7,8878.360622
5.791667,7,8878.509164
27.333333,33,8879.177204
27.875,33,8879.826939
5.833333,7,8879.979115
9.625,11,8880.213271
26.708333,33,8880.842351
27.875,33,8881.496324
9.625,11,8881.743961
27.25,33,8882.39524
27.416667,33,8883.010013
27.833333,33,8883.643105
27.916667,33,8884.309738
5.75,7,8884.459653
27.416667,33,8885.095011
27.541667,33,8885.779875
26.25,33,8886.411928
9.375,11,8886.659861
26.208333,33,8887.29295
27.333333,33,8887.94268
27.375,33,8888.578975
5.75,7,8888.725786
27.875,33,8889.392445
9.75,12,8889.628663
27.333333,33,8890.32761
27.916667,33,8890.992352
27.416667,33,8891.608756
5.833333,7,8891.761092
27.333333,33,8892.409008
5.791667,7,8892.575268
27.791667,33,8893.241898
27.875,33,8893.875162
28.041667,33,8894.508566
27.333333,33,8895.175014
26.541667,33,8895.791843
27.291667,33,8896.461162
26.583333,33,8897.091475
26.666667,33,8897.741559
27.375,33,8898.391463
2.666667,4,8898.491303
5.833333,7,8898.643688
9.583333,12,8898.924455
5.791667,7,8899.077086
9.541667,11,8899.307844
5.75,7,8899.457739
9.625,11,8899.693083
26.833333,33,8900.356204
27.875,33,8901.007037
27.333333,33,8901.624208
26.25,33,8902.274066
27.25,33,8902.963536
27.291667,33,8903.624105
27.791667,33,8904.274171
28.291667,33,8904.890615
27.291667,33,8905.573741
27.375,33,8906.20877
9.625,11,8906.440516
26.208333,33,8907.073425
27.291667,33,8907.723182
9.208333,11,8907.973401
27.375,33,8908.628502
5.791667,7,8908.789877
12.25,14,8909.089921
9.666667,11,8909.325785
27.916667,33,8909.956471
9.583333,11,8910.204917
27.291667,33,8910.808326
27.291667,33,8911.43953
27.916667,33,8912.139366
27.291667,33,8912.789347
26.875,33,8913.424642
27.75,33,8914.106128
26.666667,33,8914.757214
27.833333,33,8917.088858
28.125,33,8917.738856
5.75,7,8917.888712
9.541667,11,8918.123999
26.458333,33,8918.803986
8.708333,10,8919.023968
27.25,33,8919.655363
26.791667,33,8920.304452
27.208333,33,8920.954977
9.541667,11,8921.18828
26.333333,33,8921.805159
27.208333,33,8922.454795
5.75,7,8922.621569
9.583333,11,8922.870835
27.75,33,8923.490459
26.875,33,8924.154781
27.333333,33,8924.776924
26.583333,33,8925.424277
27.833333,33,8926.056536
27.833333,33,8926.706788
27.25,33,8927.370884
10.125,12,8927.621046
27.375,33,8928.287417
27.75,33,8928.902375
27.25,33,8929.57057
9.666667,11,8929.806248
5.791667,7,8929.970552
5.625,7,8930.139072
27.25,33,8930.753605
26.625,33,8931.406259
26.666667,33,8932.036826
5.791667,7,8932.222077
5.791667,7,8932.390429
27.958333,33,8933.005414
26.875,33,8933.653213
26.333333,33,8934.355268
27.375,33,8935.021798
26.375,33,8935.688837
27.333333,33,8936.338392
27.958333,33,8936.97193
9.625,11,8937.224664
26.708333,33,8937.872529
28.208333,33,8938.502559
9.375,12,8938.769341
27.625,33,8939.403084
5.75,7,8939.552825
27.833333,33,8940.204502
26.583333,33,8940.83571
27.25,33,8941.452211
9.625,11,8941.685493
27.25,33,8942.472858
27.791667,33,8943.118638
5.791667,7,8943.268688
28.208333,33,8943.885312
27.166667,33,8944.535471
26.875,33,8945.185163
5.75,7,8945.335001
2.75,4,8945.418384
5.75,7,8945.569458
27.333333,33,8948.01804
26.541667,33,8948.674079
27.208333,33,8949.418225
9.625,11,8949.699859
26.625,33,8950.38462
27.541667,33,8951.055647
5.833333,7,8951.201405
27.833333,33,8951.884168
26.708333,33,8952.617557
28.0,33,8953.285755
26.875,33,8953.900608
5.791667,7,8954.050646
27.375,33,8954.717641
28.041667,33,8955.39915
27.375,33,8956.035653
26.75,33,8956.667037
27.333333,33,8957.333595
27.875,33,8957.967127
27.166667,33,8958.600058
26.583333,33,8959.233424
27.416667,33,8961.432989
2.791667,4,8961.530854
5.791667,7,8961.688311
27.333333,33,8962.349646
27.875,33,8962.968124
5.833333,7,8963.116193
2.791667,4,8963.216117
10.5,14,8963.498855
27.875,33,8964.149307
27.833333,33,8964.784413
27.375,33,8965.415844
5.75,7,8965.582546
27.416667,33,8966.216437
26.541667,33,8966.832274
27.333333,33,8967.532073
26.375,33,8968.215385
9.75,11,8968.448718
27.083333,33,8969.110399
27.291667,33,8969.748511
27.125,33,8970.381914
26.625,33,8971.016954
27.25,33,8971.664964
26.25,33,8972.298867
28.208333,33,8972.964789
26.291667,33,8973.598085
5.791667,7,8973.750007
27.333333,33,8974.401428
27.333333,33,8975.031375
26.75,33,8975.66452
27.25,33,8976.331532
27.291667,33,8976.986266
27.208333,33,8977.630883
2.833333,4,8977.729312
27.958333,33,8978.364579
9.666667,11,8978.597312
27.916667,33,8979.2339
27.333333,33,8979.897224
5.75,7,8980.03038
26.708333,33,8980.66375
27.833333,33,8981.297135
27.75,33,8981.949418
9.625,11,8982.169291
27.25,33,8982.813492
26.791667,33,8983.480227
26.541667,33,8984.130079
26.875,33,8984.745039
27.291667,33,8985.382545
26.791667,33,8986.029753
27.416667,33,8986.696785
28.208333,33,8987.346224
27.375,33,8987.998233
9.458333,11,8988.246628
5.791667,7,8988.386156
28.375,33,8989.029549
2.75,4,8989.129307
27.208333,33,8989.77326
26.875,33,8990.446033
9.625,11,8990.681106
27.125,33,8991.312534
27.791667,33,8991.94594
27.375,33,8992.600229
27.25,33,8993.245332
5.791667,7,8993.44573
27.375,33,8994.095337
9.541667,11,8994.344784
26.666667,33,8994.978011
5.791667,7,8995.128507
27.833333,33,8995.761714
27.916667,33,8996.411702
27.291667,33,8997.045003
27.208333,33,8997.695178
2.833333,4,8997.796176
27.875,33,8998.411425
27.833333,33,8999.047827
27.541667,33,8999.680274
27.208333,33,9000.327931
2.791667,4,9000.411223
27.291667,33,9001.077975
27.291667,33,9003.361076
26.375,33,9004.044486
26.583333,33,9004.677264
9.666667,11,9004.914925
9.666667,11,9005.160582
27.416667,33,9005.820503
27.25,33,9006.476493
26.625,33,9007.160465
27.208333,33,9007.810336
9.583333,11,9008.060312
26.666667,33,9008.676948
9.625,11,9008.893359
28.166667,33,9009.55213
27.916667,33,9010.246467
27.75,33,9010.893102
9.25,11,9011.126563
26.166667,33,9011.776496
26.625,33,9012.426188
27.833333,33,9013.076241
27.958333,33,9013.72605
5.791667,7,9013.879807
27.875,33,9014.509323
9.708333,11,9014.745801
27.291667,33,9015.378814
27.208333,33,9016.028287
5.791667,7,9016.175842
27.375,33,9016.842452
27.958333,33,9017.509139
5.791667,7,9017.694142
27.166667,33,9018.342193
26.125,33,9018.975674
2.75,4,9019.080181
27.25,33,9019.861631
5.75,7,9020.032794
26.666667,33,9020.71543
5.833333,7,9020.877668
27.166667,33,9021.525033
27.208333,33,9022.158272
27.208333,33,9022.824789
26.666667,33,9023.424704
27.708333,33,9024.007916
26.708333,33,9024.60788
27.791667,33,9025.207803
27.25,33,9025.809464
26.291667,33,9026.424279
27.291667,33,9027.040831
10.583333,12,9027.281952
9.666667,11,9027.491067
27.833333,33,9028.140729
28.416667,33,9028.74075
5.791667,7,9028.90981
2.791667,4,9028.992574
5.791667,7,9029.140623
26.083333,33,9029.740478
5.75,7,9029.876223
26.625,33,9030.473707
27.208333,33,9031.107031
26.833333,33,9031.707004
27.791667,33,9032.323597
27.875,33,9032.975438
5.75,7,9033.124811
26.583333,33,9033.758033
27.291667,33,9034.356163
27.333333,33,9034.939805
9.666667,11,9035.156432
27.958333,33,9035.788608
27.291667,33,9036.422949
27.833333,33,9037.022805
26.666667,33,9037.639513
27.208333,33,9038.239457
27.416667,33,9038.839278
27.333333,33,9039.422653
26.541667,33,9040.039081
27.791667,33,9040.624432
27.375,33,9041.239048
27.416667,33,9041.856897
9.625,11,9042.074193
27.916667,33,9044.138733
27.333333,33,9044.838476
27.041667,33,9045.440194
27.375,33,9046.051452
27.208333,33,9046.673533
9.625,11,9046.888233
27.291667,33,9047.507125
26.583333,33,9048.107407
26.583333,33,9048.704787
27.25,33,9049.321925
27.25,33,9049.904507
26.708333,33,9053.520695
27.25,33,9054.122783
27.833333,33,9054.806232
27.291667,33,9055.457782
5.75,7,9055.607172
27.333333,33,9056.22037
27.875,33,9056.824
27.666667,33,9057.453612
27.791667,33,9058.073679
27.875,33,9058.70334
27.791667,33,9059.32005
27.791667,33,9059.938631
27.25,33,9060.553231
5.791667,7,9060.703169
27.291667,33,9061.326304
27.333333,33,9061.956199
27.916667,33,9062.556481
5.75,7,9062.719437
5.75,7,9062.890007
27.916667,33,9063.536046
9.583333,11,9063.772643
5.75,7,9063.922283
5.625,7,9064.085976
27.375,33,9064.689151
5.75,7,9064.839323
27.833333,33,9065.452472
9.625,11,9065.685719
27.875,33,9066.318936
27.416667,33,9066.985742
28.375,33,9067.598222
27.375,33,9068.235514
27.375,33,9068.852034
26.875,33,9069.451946
27.208333,33,9070.118588
27.833333,33,9070.751782
27.416667,33,9071.385089
27.375,33,9071.985012
26.625,33,9072.621619
26.708333,33,9073.245828
5.5,7,9073.387043
26.583333,33,9074.001356
26.75,33,9074.619123
27.208333,33,9075.247922
27.625,33,9075.854401
9.458333,11,9076.067763
26.583333,33,9076.717684
27.291667,33,9077.337112
5.833333,7,9077.484269
27.333333,33,9078.10084
27.333333,33,9078.720665
28.375,33,9079.339993
26.583333,33,9079.945746
27.208333,33,9080.520804
27.375,33,9081.141503
27.583333,33,9081.736601
2.791667,4,9081.82039
26.666667,33,9082.40024
27.416667,33,9083.016885
5.791667,7,9083.153498
2.791667,4,9083.253564
26.291667,33,9083.853503
9.708333,11,9084.071581
27.291667,33,9084.665297
2.75,4,9084.749958
5.791667,7,9084.886974
27.916667,33,9085.503192
27.333333,33,9087.545991
27.291667,33,9088.219649
27.291667,33,9088.81605
27.291667,33,9089.439441
26.166667,33,9090.049284
26.25,33,9090.64917
27.666667,33,9091.254154
28.208333,33,9091.868999
27.916667,33,9092.465579
27.208333,33,9093.085547
27.541667,33,9093.729637
27.291667,33,9094.368694
5.75,7,9094.519038
27.875,33,9095.115382
27.125,33,9095.73525
5.75,7,9095.886484
27.291667,33,9096.531738
5.791667,7,9096.685502
5.291667,7,9096.835734
27.375,33,9097.551678
26.375,33,9098.201847
2.791667,4,9098.301562
10.333333,14,9098.56834
2.791667,4,9098.664823
27.583333,33,9099.24803
27.0,33,9099.83488
27.333333,33,9100.451283
5.791667,7,9100.59789
27.291667,33,9101.218206
27.291667,33,9101.817945
28.0,33,9102.40098
27.333333,33,9103.017829
27.375,33,9103.617479
5.375,7,9103.780512
5.75,7,9103.931914
5.791667,7,9104.080683
5.791667,7,9104.23032
27.333333,33,9104.832694
5.625,7,9104.982773
27.791667,33,9105.597183
27.458333,33,9106.230424
5.75,7,9106.36919
9.625,11,9106.582097
27.25,33,9107.213685
10.083333,12,9107.446963
27.375,33,9108.067025
26.541667,33,9108.71502
27.333333,33,9109.330022
5.666667,7,9109.468418
27.666667,33,9110.066652
5.708333,7,9110.229931
27.458333,33,9110.846513
28.416667,33,9111.449855
27.791667,33,9112.048309
5.75,7,9112.196418
27.25,33,9112.801533
27.25,33,9113.412982
26.333333,33,9114.032724
26.5,33,9114.618184
26.708333,33,9115.216053
27.333333,33,9115.83254
5.791667,7,9115.979787
27.833333,33,9116.599035
27.791667,33,9117.179131
26.583333,33,9117.798072
27.333333,33,9118.410783
27.291667,33,9118.99877
5.625,7,9119.148571
5.791667,7,9119.29717
5.791667,7,9119.432284
27.125,33,9120.048653
27.333333,33,9120.648604
9.666667,11,9120.878515
5.791667,7,9121.01195
26.416667,33,9121.615068
27.25,33,9122.228607
28.0,33,9122.815098
27.208333,33,9123.444949
11.5,14,9123.74662
5.791667,7,9123.895712
5.75,7,9124.034031
27.916667,33,9124.661418
5.75,7,9124.814853
27.291667,33,9125.461381
27.75,33,9127.514751
27.333333,33,9128.169837
27.375,33,9128.79503
5.75,7,9128.932688
27.958333,33,9129.544254
27.333333,33,9130.147311
5.75,7,9130.302843
5.75,7,9130.443994
27.875,33,9131.047578
27.833333,33,9131.64375
27.333333,33,9132.230459
27.333333,33,9132.827134
27.333333,33,9133.463814
5.791667,7,9133.616609
26.791667,33,9134.203302
27.25,33,9134.797285
27.166667,33,9135.443907
2.791667,4,9135.526578
27.166667,33,9136.113316
27.958333,33,9136.709832
26.583333,33,9137.343042
27.916667,33,9137.962978
5.708333,7,9138.111537
27.208333,33,9138.71282
26.875,33,9139.329754
27.875,33,9139.946236
5.75,7,9140.093562
27.958333,33,9140.676017
27.75,33,9141.259169
26.708333,33,9141.891136
26.666667,33,9142.496214
27.875,33,9143.110449
27.291667,33,9143.725095
27.291667,33,9144.328902
26.166667,33,9144.958921
9.625,11,9145.175289
26.333333,33,9145.811858
5.75,7,9145.962469
27.333333,33,9146.578717
27.416667,33,9147.178536
27.291667,33,9147.778643
5.666667,7,9147.925041
27.25,33,9148.591665
2.75,4,9148.676965
27.833333,33,9149.291425
27.75,33,9149.878287
27.25,33,9153.140971
27.541667,33,9153.829143
5.791667,7,9153.990872
27.916667,33,9154.697013
27.875,33,9155.325974
27.291667,33,9155.943994
27.333333,33,9156.541858
27.25,33,9157.193674
27.166667,33,9157.827693
26.708333,33,9158.429347
9.625,11,9158.660218
28.333333,33,9159.295372
26.625,33,9159.908808
27.25,33,9160.525343
27.375,33,9161.156685
9.583333,11,9161.376402
5.791667,7,9161.525067
27.875,33,9162.123152
26.416667,33,9162.738548
27.333333,33,9163.341261
27.166667,33,9163.989115
27.375,33,9164.589415
27.333333,33,9165.178069
5.833333,7,9165.32601
28.25,33,9165.95599
27.458333,33,9166.576123
27.916667,33,9167.155877
27.875,33,9167.792501
26.416667,33,9168.409178
28.208333,33,9170.508833
5.75,7,9170.675328
27.375,33,9171.293902
27.166667,33,9171.923736
27.958333,33,9172.505078
27.875,33,9173.125691
5.791667,7,9173.271639
27.375,33,9173.882488
2.791667,4,9173.975087
26.75,33,9174.588179
27.375,33,9175.18804
26.666667,33,9175.80468
26.583333,33,9176.408169
26.791667,33,9177.007811
27.791667,33,9177.604465
27.958333,33,9178.21371
9.583333,11,9178.440976
28.416667,33,9179.106261
9.625,11,9179.337573
27.25,33,9179.987419
27.333333,33,9180.620664
10.083333,12,9180.857484
27.333333,33,9181.487333
26.25,33,9182.105715
9.583333,11,9182.307178
27.166667,33,9182.955442
5.833333,7,9183.107004
27.416667,33,9183.737128
27.916667,33,9184.371721
27.416667,33,9185.003549
5.791667,7,9185.153426
5.791667,7,9185.306784
26.625,33,9185.930166
26.166667,33,9186.531793
27.083333,33,9187.153137
27.333333,33,9187.774871
5.791667,7,9187.919847
27.458333,33,9188.538492
27.916667,33,9189.191775
9.666667,11,9189.422881
27.208333,33,9190.022887
26.708333,33,9190.636082
8.458333,10,9190.839355
5.833333,7,9190.991976
5.666667,7,9191.135925
26.791667,33,9191.772475
27.291667,33,9192.35313
27.875,33,9192.952456
9.708333,11,9193.169072
27.875,33,9193.818968
27.166667,33,9194.451792
26.666667,33,9195.055623
5.791667,7,9195.18876
5.541667,7,9195.31872
26.666667,33,9195.943179
27.5,33,9196.551124
5.708333,7,9196.70202
9.666667,11,9196.917241
27.333333,33,9197.501918
27.291667,33,9198.148162
27.083333,33,9198.773819
26.666667,33,9199.354942
5.75,7,9199.503394
27.333333,33,9200.121445
27.208333,33,9200.720262
27.166667,33,9201.348553
2.833333,4,9201.435638
27.333333,33,9202.038365
27.375,33,9202.667717
9.666667,11,9202.93633
27.958333,33,9203.550978
9.625,11,9203.784372
9.666667,11,9204.000994
27.25,33,9204.617536
27.0,33,9205.245049
27.375,33,9205.850715
26.25,33,9206.450631
27.25,33,9207.050594
5.791667,7,9207.200427
27.375,33,9207.852246
27.291667,33,9208.467028
27.416667,33,9210.55007
9.291667,11,9210.804611
5.625,7,9210.966738
27.291667,33,9211.566627
28.125,33,9212.166553
9.75,11,9212.416076
27.916667,33,9213.027972
27.166667,33,9213.651634
26.708333,33,9214.299593
27.416667,33,9214.899081
9.625,11,9215.116178
26.791667,33,9215.749776
27.166667,33,9216.349263
27.875,33,9216.969404
26.625,33,9217.599775
27.375,33,9218.224328
10.25,12,9218.465288
27.333333,33,9219.048919
27.375,33,9219.682208
27.375,33,9220.285877
27.5,33,9220.914234
5.75,7,9221.052428
27.916667,33,9221.649402
27.291667,33,9222.284775
27.375,33,9222.915185
28.0,33,9223.531724
26.625,33,9224.164931
27.333333,33,9224.798231
27.291667,33,9225.415088
27.916667,33,9226.035733
5.791667,7,9226.181396
27.791667,33,9226.764639
27.291667,33,9227.397918
26.666667,33,9228.033097
27.416667,33,9228.664414
5.75,7,9228.81768
27.875,33,9229.432993
9.541667,11,9229.657753
27.333333,33,9230.284128
27.791667,33,9230.905167
27.291667,33,9231.512914
27.458333,33,9232.102854
5.75,7,9232.247216
27.333333,33,9232.867347
5.791667,7,9233.030612
26.583333,33,9233.650545
27.25,33,9234.266936
5.75,7,9234.413694
27.875,33,9235.030174
5.791667,7,9235.233604
27.958333,33,9235.846776
27.916667,33,9236.462876
9.916667,12,9236.70149
26.666667,33,9237.333198
27.916667,33,9237.933467
27.291667,33,9238.546469
27.375,33,9239.179741
27.416667,33,9239.782974
5.791667,7,9239.929552
27.333333,33,9240.564782
26.666667,33,9241.163259
5.791667,7,9241.312705
27.291667,33,9241.935859
26.375,33,9242.544546
27.333333,33,9243.162736
27.375,33,9243.799053
26.666667,33,9244.480883
27.291667,33,9245.101558
27.208333,33,9245.728781
2.708333,4,9245.828857
10.833333,14,9246.115448
9.666667,11,9246.332228
27.208333,33,9246.930616
27.333333,33,9247.566365
27.125,33,9248.204829
27.333333,33,9248.815072
27.416667,33,9250.904674
27.916667,33,9251.548045
5.791667,7,9251.728015
27.333333,33,9252.377891
5.75,7,9254.653768
2.791667,4,9254.746685
27.875,33,9255.36411
27.291667,33,9256.048984
27.5,33,9256.714109
9.708333,11,9256.935913
27.333333,33,9257.543967
26.166667,33,9258.148937
26.208333,33,9258.778805
27.333333,33,9259.403019
27.166667,33,9260.002472
27.875,33,9260.606286
9.541667,11,9260.843472
5.791667,7,9260.992133
5.708333,7,9261.126742
10.125,13,9261.38022
27.416667,33,9262.046699
27.333333,33,9262.663226
27.791667,33,9263.309873
27.541667,33,9264.159321
26.541667,33,9264.806843
26.541667,33,9265.526266
27.416667,33,9266.208726
9.625,11,9266.431279
27.291667,33,9267.025983
27.958333,33,9267.645846
27.333333,33,9268.259219
5.75,7,9268.409139
27.833333,33,9269.025719
27.375,33,9269.659178
27.875,33,9270.277575
5.791667,7,9270.425496
27.125,33,9271.008772
5.791667,7,9271.162459
28.041667,33,9271.780751
27.333333,33,9272.408626
27.25,33,9273.025303
26.666667,33,9273.645292
27.208333,33,9274.311793
26.625,33,9274.961643
27.25,33,9275.574835
2.708333,4,9275.67356
26.333333,33,9276.311607
26.75,33,9276.928144
27.166667,33,9277.55806
26.333333,33,9278.241176
27.291667,33,9278.874518
26.458333,33,9279.509482
26.75,33,9280.124278
5.833333,7,9280.27429
5.791667,7,9280.427559
26.541667,33,9281.078019
26.583333,33,9281.694742
27.333333,33,9282.311056
26.791667,33,9282.941168
5.75,7,9283.077373
26.166667,33,9283.707182
27.875,33,9284.310427
26.708333,33,9284.943617
28.041667,33,9285.556849
27.791667,33,9286.159921
26.708333,33,9286.791878
27.916667,33,9287.410037
27.916667,33,9288.026664
27.333333,33,9288.60861
9.75,11,9288.862343
27.875,33,9289.489797
9.666667,11,9289.77184
5.75,7,9289.926516
27.75,33,9290.559603
9.291667,11,9290.772922
27.333333,33,9291.422913
5.791667,7,9291.576437
27.458333,33,9292.17647
9.791667,12,9292.422623
27.125,33,9294.555681
27.833333,33,9295.188946
27.416667,33,9295.825909
26.208333,33,9296.438874
26.583333,33,9297.042126
26.708333,33,9297.675164
27.25,33,9298.288601
26.708333,33,9298.921804
9.541667,11,9299.155059
27.833333,33,9299.773903
26.875,33,9300.411464
27.083333,33,9301.004749
27.833333,33,9301.604832
26.583333,33,9302.237926
9.666667,11,9302.471292
5.666667,7,9302.624768
27.208333,33,9303.224598
27.958333,33,9303.837948
27.916667,33,9304.491112
27.333333,33,9305.140968
27.875,33,9305.770499
27.458333,33,9306.420899
7.75,9,9306.607749
27.375,33,9307.279226
5.75,7,9307.423878
5.833333,7,9307.574175
27.916667,33,9308.205942
9.375,11,9308.45736
26.916667,33,9309.10724
27.25,33,9309.770378
27.291667,33,9310.432176
27.208333,33,9311.053503
27.208333,33,9311.657066
27.916667,33,9312.258861
5.791667,7,9312.403346
27.25,33,9313.040065
26.25,33,9313.653225
27.916667,33,9314.273254
27.958333,33,9314.875196
27.25,33,9315.503054
27.791667,33,9316.104772
5.75,7,9316.251706
5.666667,7,9316.389466
26.291667,33,9317.00748
27.208333,33,9317.669381
27.333333,33,9318.303252
27.875,33,9318.939268
2.833333,4,9319.019243
27.333333,33,9319.655817
27.333333,33,9320.269056
5.833333,7,9320.419004
27.416667,33,9321.018866
27.375,33,9321.635416
5.833333,7,9321.787486
27.291667,33,9322.405043
27.333333,33,9323.022052
5.833333,7,9323.153018
5.625,7,9323.305247
26.458333,33,9324.020713
27.5,33,9324.718396
27.75,33,9325.318261
5.791667,7,9325.468259
26.666667,33,9326.101595
27.416667,33,9326.684833
27.375,33,9327.284685
27.791667,33,9327.884593
27.916667,33,9328.50306
9.583333,11,9328.737485
5.583333,7,9328.871292
28.416667,33,9329.471071
27.833333,33,9330.084451
2.833333,4,9330.172323
27.291667,33,9330.800988
27.375,33,9331.384233
28.291667,33,9332.038073
26.708333,33,9332.667301
27.208333,33,9334.767257
27.833333,33,9335.487142
26.791667,33,9336.104046
9.666667,11,9336.316939
27.291667,33,9336.966418
27.541667,33,9337.551916
27.916667,33,9338.203374
27.166667,33,9338.833863
27.333333,33,9339.448075
5.75,7,9339.591716
5.75,7,9339.746974
2.791667,4,9339.839991
5.625,7,9339.986458
5.791667,7,9340.132651
27.958333,33,9340.716322
28.166667,33,9341.349561
26.291667,33,9341.949547
26.625,33,9342.548605
26.875,33,9343.198076
5.75,7,9343.366103
5.666667,7,9343.533487
27.208333,33,9344.165931
5.791667,7,9344.31585
27.833333,33,9344.915737
27.375,33,9345.582357
2.75,4,9345.682421
5.75,7,9345.831892
2.75,4,9345.915588
27.083333,33,9346.538031
27.291667,33,9347.136191
5.791667,7,9347.284896
27.875,33,9347.902
27.875,33,9348.498578
5.666667,7,9348.648523
26.75,33,9349.265337
27.875,33,9349.888885
28.333333,33,9350.515021
5.75,7,9350.663801
26.75,33,9351.251629
5.75,7,9351.401582
27.166667,33,9352.04039
27.416667,33,9352.638177
28.0,33,9353.239809
26.625,33,9356.584219
5.791667,7,9356.733348
5.75,7,9356.884201
10.666667,13,9357.147436
5.791667,7,9357.282744
5.75,7,9357.430693
26.208333,33,9358.150892
27.833333,33,9358.797275
2.833333,4,9358.897249
27.25,33,9359.517021
5.75,7,9359.663835
26.833333,33,9360.285007
27.208333,33,9360.880363
27.166667,33,9361.51353
9.541667,11,9361.730267
28.375,33,9362.330195
27.333333,33,9362.969487
27.75,33,9363.56327
5.375,7,9363.714908
26.916667,33,9364.313158
5.75,7,9364.465075
5.791667,7,9364.613585
27.291667,33,9365.279715
27.458333,33,9365.896289
5.75,7,9366.046922
26.708333,33,9366.633227
27.166667,33,9367.279485
28.25,33,9367.896031
27.916667,33,9368.546088
27.375,33,9369.195954
9.666667,11,9369.412826
26.625,33,9370.032583
27.291667,33,9370.632351
27.125,33,9371.245685
27.125,33,9371.898918
27.875,33,9372.515423
26.666667,33,9373.162069
5.375,7,9373.309761
5.75,7,9373.445423
9.541667,11,9373.678653
27.333333,33,9374.311938
28.333333,33,9374.911324
27.875,33,9375.515046
9.75,12,9375.776418
27.208333,33,9376.428299
26.583333,33,9378.661361
27.291667,33,9379.314563
27.791667,33,9379.927967
26.166667,33,9380.531014
27.916667,33,9381.120219
27.458333,33,9381.71084
27.208333,33,9382.344177
27.458333,33,9382.927463
5.791667,7,9383.080788
27.375,33,9383.694749
9.625,11,9383.925756
27.291667,33,9384.543836
26.708333,33,9385.160481
27.375,33,9385.763768
27.375,33,9386.37693
26.625,33,9387.005
10.5,13,9387.246927
26.625,33,9387.842198
21.583333,27,9388.343398
27.833333,33,9388.978726
27.333333,33,9389.595058
9.708333,12,9389.831792
9.5,11,9390.059883
2.791667,4,9390.146271
26.708333,33,9390.759699
26.666667,33,9391.376279
27.291667,33,9391.976231
9.708333,12,9392.226244
9.75,11,9392.446271
27.666667,33,9393.058179
5.833333,7,9393.202612
27.833333,33,9393.817908
27.208333,33,9394.42952
5.458333,7,9394.575956
5.833333,7,9394.714314
26.708333,33,9395.362337
27.333333,33,9395.991992
20.041667,25,9396.465494
2.75,4,9396.542365
26.208333,33,9397.15951
28.291667,33,9397.758885
27.375,33,9398.412109
27.375,33,9399.042008
26.125,33,9399.728665
27.708333,33,9400.361891
5.708333,7,9400.508509
27.208333,33,9401.108344
5.791667,7,9401.258313
27.916667,33,9401.875543
5.791667,7,9402.024946
10.958333,13,9402.291482
5.708333,7,9402.426496
27.333333,33,9403.041402
27.916667,33,9403.661533
5.833333,7,9403.807988
5.791667,7,9403.958144
5.833333,7,9404.12493
28.333333,33,9404.728073
27.916667,33,9405.341234
27.291667,33,9405.962963
27.791667,33,9406.578369
27.375,33,9407.191323
9.458333,11,9407.407502
27.25,33,9408.039523
2.791667,4,9408.12765
28.25,33,9408.757539
28.0,33,9409.392236
27.833333,33,9409.993865
27.291667,33,9410.640412
27.458333,33,9411.225326
27.166667,33,9411.840285
5.458333,7,9411.989232
2.791667,4,9412.080564
27.916667,33,9412.706831
26.625,33,9413.326768
27.625,33,9413.939971
27.875,33,9414.562358
27.333333,33,9415.173161
27.666667,33,9415.789781
10.125,13,9416.043672
27.416667,33,9416.656413
26.708333,33,9418.863116
9.75,11,9419.1227
27.375,33,9419.755546
26.791667,33,9420.372501
2.791667,4,9420.472515
5.75,7,9420.609237
5.791667,7,9420.75577
26.166667,33,9421.389015
28.208333,33,9421.992478
27.875,33,9422.592059
27.375,33,9423.205495
28.041667,33,9423.855522
9.625,11,9424.081359
26.708333,33,9424.688187
27.333333,33,9425.325849
5.75,7,9425.491993
26.75,33,9426.125555
26.791667,33,9426.725341
26.666667,33,9427.38825
26.833333,33,9428.008003
5.5,7,9428.171392
5.833333,7,9428.340224
9.75,11,9428.574904
27.166667,33,9429.204801
27.916667,33,9429.821241
27.833333,33,9430.441097
27.583333,33,9431.041094
27.875,33,9431.654413
27.833333,33,9432.254254
5.75,7,9432.40488
26.625,33,9433.007612
27.333333,33,9433.640656
27.375,33,9434.257855
26.625,33,9434.876283
5.833333,7,9435.03719
5.791667,7,9435.173932
9.625,11,9435.437292
27.333333,33,9436.037062
27.875,33,9436.688898
27.333333,33,9437.303708
26.583333,33,9437.929814
27.166667,33,9438.786845
9.666667,11,9439.041994
27.125,33,9439.705057
27.833333,33,9440.423311
27.25,33,9441.073135
26.666667,33,9441.703089
27.333333,33,9442.301587
28.0,33,9442.904726
5.75,7,9443.052828
27.375,33,9443.671193
26.583333,33,9444.286132
9.291667,11,9444.506092
5.541667,7,9444.656268
27.833333,33,9445.272563
2.75,4,9445.356225
27.208333,33,9445.952458
5.75,7,9446.109267
9.666667,11,9446.319239
5.791667,7,9446.472668
28.375,33,9447.069007
27.25,33,9447.685472
27.25,33,9448.287624
27.125,33,9448.905506
27.333333,33,9449.550189
26.791667,33,9450.151862
26.791667,33,9450.751898
27.208333,33,9451.370967
27.833333,33,9451.971855
28.375,33,9452.571632
9.625,12,9452.802797
27.25,33,9453.386706
9.75,12,9453.651443
27.875,33,9454.251486
27.916667,33,9454.901328
26.666667,33,9457.77943
27.875,33,9458.434965
9.583333,11,9458.72097
9.583333,11,9458.967401
9.666667,11,9459.200331
26.916667,33,9459.824584
27.333333,33,9461.932365
5.458333,7,9462.134465
9.625,11,9462.383667
9.625,11,9462.618942
27.333333,33,9463.233166
27.333333,33,9463.816875
27.208333,33,9464.443896
27.25,33,9465.049898
26.333333,33,9465.649859
26.666667,33,9466.249773
5.833333,7,9466.403287
27.875,33,9467.016368
27.25,33,9467.643768
27.875,33,9468.249502
2.833333,4,9468.346715
27.458333,33,9468.973665
27.833333,33,9469.602743
26.708333,33,9470.215907
27.208333,33,9470.798523
27.25,33,9471.415792
27.833333,33,9471.999033
26.666667,33,9472.615571
5.791667,7,9472.765209
26.916667,33,9473.386996
5.583333,7,9473.548774
27.208333,33,9474.15039
27.333333,33,9474.748645
27.375,33,9475.365878
27.208333,33,9475.968551
26.791667,33,9476.598401
27.166667,33,9477.198404
27.666667,33,9477.818322
27.416667,33,9478.431544
26.583333,33,9479.048103
27.041667,33,9479.668046
5.833333,7,9479.81467
28.208333,33,9480.431771
27.25,33,9481.047913
9.666667,11,9481.267924
26.208333,33,9481.983015
27.166667,33,9482.614388
27.416667,33,9483.216232
5.458333,7,9483.364205
27.916667,33,9483.980764
5.791667,7,9484.134853
26.083333,33,9484.76398
27.083333,33,9485.363994
9.625,11,9485.596862
26.666667,33,9486.247154
27.166667,33,9486.863797
5.625,7,9487.00039
5.75,7,9487.147144
27.25,33,9487.763247
2.666667,4,9487.846933
27.958333,33,9488.513578
27.125,33,9489.130111
5.833333,7,9489.280098
27.458333,33,9489.879935
26.833333,33,9490.499971
27.291667,33,9491.128578
27.833333,33,9491.722428
2.75,4,9491.796446
27.333333,33,9492.416658
27.875,33,9493.066337
27.791667,33,9493.679526
28.375,33,9494.279417
9.458333,11,9494.496054
28.041667,33,9495.146004
27.166667,33,9495.745884
5.75,7,9495.895868
27.833333,33,9496.495873
26.666667,33,9497.117934
9.75,11,9497.338759
5.708333,7,9497.479078
26.125,33,9498.095596
27.375,33,9498.733895
26.75,33,9499.361718
5.75,7,9499.512071
27.875,33,9500.12729
27.416667,33,9502.182336
27.5,33,9502.85391
5.791667,7,9503.016403
27.166667,33,9503.681443
26.333333,33,9504.311449
5.791667,7,9504.461426
27.208333,33,9505.064771
26.791667,33,9505.664624
5.708333,7,9505.831408
22.291667,28,9506.368169
27.875,33,9506.969969
27.875,33,9507.54436
26.583333,33,9508.198122
5.75,7,9508.327556
27.291667,33,9508.944199
25.708333,33,9509.610892
27.125,33,9510.227387
27.25,33,9510.844551
9.166667,11,9511.061225
9.583333,11,9511.27904
27.291667,33,9511.87719
2.75,4,9511.977096
27.875,33,9512.585128
27.25,33,9513.192269
11.083333,14,9513.460214
27.958333,33,9514.06364
27.291667,33,9514.680079
27.291667,33,9515.343396
5.791667,7,9515.476707
5.791667,7,9515.629951
5.75,7,9515.776545
5.833333,7,9515.95157
27.875,33,9516.576596
5.791667,7,9516.730123
27.125,33,9517.329735
27.875,33,9517.942964
5.791667,7,9518.092578
27.333333,33,9518.759479
27.416667,33,9519.379494
27.833333,33,9519.979363
26.791667,33,9520.576037
26.666667,33,9521.205444
9.583333,11,9521.425471
27.208333,33,9522.014714
27.875,33,9522.60122
26.541667,33,9523.225617
27.333333,33,9523.844132
2.75,4,9523.929541
27.375,33,9524.542174
26.833333,33,9525.142139
27.791667,33,9525.745249
27.833333,33,9526.361933
26.583333,33,9526.978594
27.25,33,9527.59169
27.375,33,9528.228471
9.666667,11,9528.441565
27.375,33,9529.058179
27.875,33,9529.691382
27.25,33,9530.324665
26.583333,33,9530.928023
5.75,7,9531.058119
26.75,33,9531.674612
26.708333,33,9532.311012
27.875,33,9532.924394
27.208333,33,9533.50768
27.875,33,9534.158647
27.375,33,9534.760592
5.625,7,9534.910598
5.666667,7,9535.062518
27.833333,33,9535.645861
5.833333,7,9535.796774
28.416667,33,9536.427295
27.875,33,9537.074219
5.625,7,9537.225782
9.75,12,9537.473787
27.25,33,9538.093747
10.583333,12,9538.343712
5.791667,7,9538.493696
27.875,33,9539.090276
27.291667,33,9539.708689
27.791667,33,9540.341687
5.75,7,9540.490021
27.875,33,9542.624955
7.541667,9,9542.83976
5.791667,7,9543.008789
27.958333,33,9543.60629
28.333333,33,9544.255091
27.458333,33,9544.872742
27.5,33,9545.485935
27.833333,33,9546.108034
26.75,33,9546.757734
9.916667,12,9547.005865
27.291667,33,9547.622427
28.291667,33,9548.20785
27.916667,33,9548.856591
26.833333,33,9549.505551
5.708333,7,9549.699569
27.916667,33,9550.305459
27.25,33,9550.927525
27.333333,33,9551.521859
5.666667,7,9551.705256
27.458333,33,9552.371826
2.75,4,9552.455185
27.625,33,9553.071695
26.625,33,9553.710843
27.208333,33,9554.341591
27.875,33,9554.954751
27.375,33,9555.570988
26.958333,33,9556.204589
9.916667,12,9556.437912
27.291667,33,9559.157901
28.083333,33,9559.757919
10.833333,13,9560.037044
27.208333,33,9560.756714
27.5,33,9561.387366
27.125,33,9562.0045
26.208333,33,9562.623727
28.208333,33,9563.220407
27.791667,33,9563.85367
27.333333,33,9564.490545
27.791667,33,9565.124423
27.208333,33,9565.758316
5.75,7,9565.906654
5.791667,7,9566.056706
26.833333,33,9566.669879
27.416667,33,9567.270028
27.208333,33,9567.869806
26.791667,33,9568.486347
27.375,33,9569.089024
9.583333,11,9569.306195
26.25,33,9569.908281
27.333333,33,9570.536029
27.208333,33,9571.176185
27.625,33,9571.777462
9.583333,11,9571.989186
9.625,11,9572.202508
27.333333,33,9572.8061
27.208333,33,9573.402343
27.375,33,9574.005598
27.875,33,9574.607399
26.625,33,9575.218929
26.666667,33,9575.818706
26.958333,33,9576.445209
26.25,33,9577.068165
26.708333,33,9577.688298
26.708333,33,9578.268372
28.375,33,9578.888465
26.75,33,9579.521675
9.625,11,9579.751511
27.25,33,9580.353633
26.75,33,9580.936527
10.125,12,9581.167892
27.791667,33,9581.771289
27.333333,33,9582.384481
26.208333,33,9582.967739
5.791667,7,9583.117701
27.25,33,9585.304444
27.291667,33,9585.93894
27.166667,33,9586.542951
27.916667,33,9587.117211
27.875,33,9587.683792
5.75,7,9587.834642
27.291667,33,9588.449999
27.916667,33,9589.049878
27.125,33,9589.633584
5.75,7,9589.766823
5.583333,7,9589.937462
9.666667,11,9590.168769
2.833333,4,9590.267464
27.791667,33,9590.851585
26.583333,33,9591.448225
26.583333,33,9592.049883
27.833333,33,9592.649889
27.25,33,9593.249813
27.583333,33,9593.853106
5.75,7,9593.999693
9.541667,11,9594.229285
28.333333,33,9594.816252
26.666667,33,9595.416162
25.416667,32,9596.019406
27.833333,33,9596.599288
27.25,33,9597.219676
27.375,33,9597.81895
2.791667,4,9597.899377
26.541667,33,9598.515729
27.541667,33,9599.115692
27.875,33,9599.734076
27.25,33,9600.317114
27.333333,33,9600.915387
28.208333,33,9601.518915
27.291667,33,9602.115333
26.833333,33,9602.715168
26.708333,33,9603.331768
28.125,33,9603.931734
27.291667,33,9604.53491
9.541667,11,9604.746794
27.333333,33,9605.348131
27.708333,33,9605.959163
26.208333,33,9606.581335
9.791667,12,9606.83345
27.25,33,9607.464146
26.166667,33,9608.084493
26.666667,33,9608.681055
5.833333,7,9608.847668
2.625,4,9608.952361
26.625,33,9609.600001
27.958333,33,9610.266221
26.541667,33,9610.847461
28.083333,33,9611.452855
28.291667,33,9612.063885
26.791667,33,9612.700528
10.541667,12,9612.946781
27.333333,33,9613.547058
27.541667,33,9614.163646
9.75,12,9614.413719
27.916667,33,9615.01745
27.125,33,9615.600167
26.75,33,9616.213359
27.916667,33,9616.802171
28.333333,33,9617.399007
27.541667,33,9618.013146
28.416667,33,9618.613108
5.75,7,9618.76174
2.75,4,9618.84627
5.791667,7,9618.996313
27.833333,33,9619.616319
28.166667,33,9620.212879
26.625,33,9620.862939
5.833333,7,9621.012727
27.916667,33,9621.603683
27.291667,33,9622.195935
27.0,33,9622.829156
5.833333,7,9624.412414
27.166667,33,9625.128862
26.125,33,9625.728806
28.25,33,9626.345382
27.375,33,9626.951037
27.333333,33,9627.548492
26.541667,33,9628.145143
9.75,12,9628.380495
5.791667,7,9628.528468
27.791667,33,9629.130325
26.666667,33,9629.748012
27.25,33,9630.33152
26.541667,33,9630.91134
10.708333,14,9631.184576
5.833333,7,9631.34478
27.583333,33,9631.961388
27.875,33,9632.547516
27.25,33,9633.16351
27.208333,33,9633.777899
5.583333,7,9633.93038
26.5,33,9634.527778
27.958333,33,9635.101168
27.333333,33,9635.707072
5.75,7,9635.846264
2.75,4,9635.92743
26.583333,33,9636.527356
27.791667,33,9637.160642
5.75,7,9637.310576
10.458333,12,9637.545578
5.583333,7,9637.698827
27.166667,33,9638.304735
11.5,14,9638.577201
9.916667,12,9638.827061
27.75,33,9639.510329
27.333333,33,9640.197504
27.833333,33,9640.86762
26.833333,33,9641.476793
2.75,4,9641.576729
28.25,33,9642.169473
27.041667,33,9642.770766
27.875,33,9643.343142
26.583333,33,9643.959753
26.583333,33,9644.546262
28.208333,33,9645.146341
9.625,11,9645.36296
26.208333,33,9645.962801
26.791667,33,9646.605607
27.541667,33,9647.20932
3.5,5,9647.326014
26.625,33,9647.911319
2.833333,4,9648.010814
9.583333,11,9648.226483
2.791667,4,9648.309124
27.25,33,9648.925776
27.208333,33,9649.542298
27.041667,33,9650.127316
5.666667,7,9650.279002
27.166667,33,9650.902246
27.291667,33,9651.497462
11.083333,13,9651.762062
27.791667,33,9652.345304
27.416667,33,9652.958668
5.625,7,9653.108549
26.625,33,9653.728493
26.875,33,9654.325049
26.583333,33,9654.92493
27.25,33,9658.15784
27.833333,33,9658.757797
27.916667,33,9659.444381
26.666667,33,9660.090572
28.166667,33,9660.690827
27.875,33,9661.290816
2.791667,4,9661.377965
28.416667,33,9661.973981
28.125,33,9662.573954
2.791667,4,9662.660587
27.083333,33,9663.273858
27.25,33,9663.893853
27.916667,33,9664.507123
5.791667,7,9664.640827
26.166667,33,9665.240368
26.583333,33,9667.523393
13.291667,16,9667.845895
26.708333,33,9668.468051
27.125,33,9669.106391
28.208333,33,9669.706388
26.666667,33,9670.338296
26.625,33,9670.952224
9.333333,11,9671.156189
5.458333,7,9671.307826
27.958333,33,9671.922737
27.875,33,9672.489494
5.75,7,9672.655617
26.75,33,9673.242699
28.208333,33,9673.892572
5.791667,7,9674.03916
27.833333,33,9674.687648
26.541667,33,9675.292217
26.125,33,9675.892298
9.583333,11,9676.108963
27.875,33,9676.722121
27.291667,33,9677.338647
26.666667,33,9677.957668
9.541667,11,9678.17192
27.083333,33,9678.777438
27.25,33,9679.408472
26.875,33,9680.024889
27.25,33,9680.621717
5.791667,7,9680.778346
2.833333,4,9680.871677
5.75,7,9681.02211
27.291667,33,9681.621471
28.25,33,9682.222972
26.666667,33,9682.806652
27.125,33,9683.437932
5.625,7,9683.571217
5.75,7,9683.726414
28.291667,33,9684.341158
26.666667,33,9684.941073
27.208333,33,9685.554293
27.083333,33,9686.174236
27.125,33,9686.756179
26.666667,33,9687.372468
5.75,7,9687.525059
26.875,33,9688.140816
28.333333,33,9688.772208
27.25,33,9689.386716
5.833333,7,9689.522039
2.75,4,9689.607067
27.833333,33,9690.223973
5.791667,7,9690.37366
10.583333,12,9690.608982
27.208333,33,9691.206513
26.666667,33,9691.803512
26.541667,33,9692.409839
27.75,33,9692.990195
27.916667,33,9693.586642
5.625,7,9693.719904
26.625,33,9694.406403
5.708333,7,9694.553137
19.541667,25,9695.053639
5.666667,7,9695.189697
27.041667,33,9695.786322
27.166667,33,9696.389538
27.166667,33,9696.992205
9.5,12,9697.252736
27.041667,33,9697.869325
26.5,33,9698.491021
2.666667,4,9698.584531
26.166667,33,9699.219144
27.541667,33,9699.835744
5.583333,7,9699.970106
27.333333,33,9700.589008
27.375,33,9701.221085
27.25,33,9701.818817
26.666667,33,9702.418774
27.791667,33,9703.034931
26.458333,33,9703.622693
25.666667,33,9704.251853
27.208333,33,9704.846369
5.75,7,9705.004166
27.791667,33,9707.0681
27.916667,33,9707.718016
9.708333,11,9707.935505
5.75,7,9708.069891
27.125,33,9708.70317
5.75,7,9708.84459
27.875,33,9709.457127
27.208333,33,9710.058311
27.875,33,9710.683871
27.25,33,9711.271019
27.291667,33,9711.887654
5.791667,7,9712.035159
26.791667,33,9712.617346
26.791667,33,9713.250529
27.291667,33,9713.850559
26.583333,33,9714.451107
27.333333,33,9715.053714
27.333333,33,9715.637479
26.541667,33,9716.270901
27.875,33,9716.850095
11.916667,15,9717.15009
27.291667,33,9717.753364
27.333333,33,9718.366577
26.833333,33,9718.966612
10.708333,13,9719.233992
5.75,7,9719.366522
5.708333,7,9719.515179
27.708333,33,9720.134947
27.125,33,9720.73386
27.916667,33,9721.316217
5.791667,7,9721.449535
9.625,11,9721.666171
27.25,33,9722.340623
26.666667,33,9722.940624
26.625,33,9723.540509
27.166667,33,9724.138478
26.541667,33,9724.739346
5.75,7,9724.88239
2.625,4,9724.969083
27.25,33,9725.585696
9.625,11,9725.798956
27.25,33,9726.3985
5.791667,7,9726.547593
27.208333,33,9727.143044
27.875,33,9727.783982
5.75,7,9727.932016
5.541667,7,9728.06539
26.541667,33,9728.665149
27.291667,33,9729.330463
26.5,33,9729.948529
26.708333,33,9730.585042
27.833333,33,9731.216982
26.625,33,9731.814832
28.166667,33,9732.418564
26.708333,33,9733.048248
5.541667,7,9733.218455
5.791667,7,9733.384828
5.75,7,9733.531324
26.208333,33,9734.131203
27.25,33,9734.752902
27.833333,33,9735.36788
27.375,33,9735.984412
2.75,4,9736.067787
26.583333,33,9736.667761
5.583333,7,9736.817749
27.166667,33,9737.447553
27.125,33,9738.082396
5.791667,7,9738.230263
27.291667,33,9738.850618
26.541667,33,9739.449179
5.541667,7,9739.613867
9.666667,11,9739.847274
9.583333,11,9740.083857
5.75,7,9740.234007
26.583333,33,9740.866955
27.25,33,9741.480222
27.291667,33,9742.113529
27.166667,33,9742.730095
27.333333,33,9743.366823
27.333333,33,9744.012118
5.708333,7,9744.163322
9.5,11,9744.398391
5.75,7,9744.545306
5.791667,7,9744.684868
27.625,33,9745.286109
5.833333,7,9745.433384
9.625,11,9747.062792
26.666667,33,9747.762767
27.958333,33,9748.396007
28.208333,33,9749.01593
26.708333,33,9749.662512
5.75,7,9749.818208
27.208333,33,9750.461226
27.333333,33,9751.077605
26.625,33,9751.678813
27.666667,33,9752.282215
27.25,33,9752.897263
27.291667,33,9753.532217
26.291667,33,9754.131881
27.5,33,9754.728563
26.541667,33,9755.361884
26.583333,33,9755.961719
5.208333,7,9756.111761
27.333333,33,9756.723447
27.291667,33,9758.81538
28.291667,33,9759.496473
27.291667,33,9760.161181
27.125,33,9760.793959
9.666667,11,9761.014399
28.291667,33,9761.627601
27.708333,33,9762.245789
27.958333,33,9762.847397
27.833333,33,9763.464064
27.375,33,9764.080885
27.291667,33,9764.712472
28.208333,33,9765.313924
25.625,33,9765.927158
9.625,12,9766.176964
27.791667,33,9766.760366
26.583333,33,9767.415199
27.208333,33,9768.026753
26.791667,33,9768.628946
5.791667,7,9768.780047
5.583333,7,9768.927865
10.791667,14,9769.21343
26.208333,33,9769.840487
5.375,7,9770.006094
5.666667,7,9770.159373
26.541667,33,9770.768223
5.708333,7,9770.913364
26.458333,33,9771.542527
28.333333,33,9772.163051
9.666667,11,9772.395731
27.166667,33,9773.000767
9.75,12,9773.246025
27.25,33,9773.842659
27.166667,33,9774.458876
5.75,7,9774.607377
5.75,7,9774.745864
26.5,33,9775.347472
5.791667,7,9775.492007
27.125,33,9776.108395
26.625,33,9776.783531
27.208333,33,9777.412113
26.166667,33,9778.029214
27.291667,33,9778.642011
26.833333,33,9779.26378
26.5,33,9779.861603
27.875,33,9780.462042
5.833333,7,9780.608406
5.791667,7,9780.745324
2.666667,5,9780.861708
27.833333,33,9781.458477
27.25,33,9782.094912
28.166667,33,9782.691105
27.958333,33,9783.308114
5.75,7,9783.463259
27.333333,33,9784.097066
27.166667,33,9784.694613
27.833333,33,9785.307855
26.75,33,9785.924414
27.791667,33,9786.524417
27.833333,33,9787.142692
26.666667,33,9789.323992
26.25,33,9789.977611
27.208333,33,9790.607141
27.875,33,9791.193739
27.125,33,9791.828724
27.791667,33,9792.443534
28.375,33,9793.073494
5.375,7,9793.212042
27.25,33,9793.843254
28.25,33,9794.488604
5.75,7,9794.632331
27.833333,33,9795.239914
27.958333,33,9795.843207
27.25,33,9796.476687
26.791667,33,9797.076625
9.666667,11,9797.322497
11.708333,14,9797.606211
5.416667,7,9797.759549
5.791667,7,9797.907738
5.75,7,9798.060004
26.708333,33,9798.726217
9.5,11,9798.942677
26.875,33,9799.559366
27.25,33,9800.174928
26.125,33,9800.811032
26.625,33,9801.425822
5.541667,7,9801.572457
9.708333,12,9801.825649
27.625,33,9802.455532
26.625,33,9803.122139
2.75,4,9803.225321
27.083333,33,9803.922087
27.125,33,9804.558644
27.416667,33,9805.1904
5.666667,7,9805.341911
27.25,33,9805.943756
27.208333,33,9806.57232
5.75,7,9806.724426
5.5,7,9806.871659
27.166667,33,9807.491552
26.666667,33,9808.108269
5.75,7,9808.260027
27.166667,33,9808.88038
26.333333,33,9809.52128
26.625,33,9810.124634
27.083333,33,9810.721208
5.75,7,9810.871092
23.958333,30,9811.454496
9.625,11,9811.689484
26.25,33,9812.304243
27.291667,33,9812.904579
26.666667,33,9813.53743
27.041667,33,9814.141346
27.208333,33,9814.740309
26.75,33,9815.369108
28.375,33,9816.007078
26.583333,33,9816.623832
27.333333,33,9817.223795
27.791667,33,9817.853592
28.208333,33,9818.504002
9.166667,11,9818.740136
27.416667,33,9819.370025
27.416667,33,9820.022043
27.291667,33,9820.639826
26.291667,33,9821.252714
27.416667,33,9821.855185
2.708333,4,9821.956024
27.875,33,9822.57611
27.291667,33,9823.189616
27.833333,33,9823.786095
27.375,33,9824.436109
27.416667,33,9825.072674
27.166667,33,9825.656039
9.791667,12,9825.902449
5.625,7,9826.039286
26.75,33,9826.705738
27.291667,33,9827.335543
5.791667,7,9827.505699
27.208333,33,9829.552034
27.166667,33,9830.251911
27.291667,33,9830.885191
2.75,4,9830.985189
27.25,33,9831.64293
26.666667,33,9832.284946
26.625,33,9832.90166
5.708333,7,9833.053457
27.291667,33,9833.683448
27.791667,33,9834.28463
10.458333,12,9834.535285
28.333333,33,9835.149428
26.541667,33,9835.738477
2.833333,4,9835.82313
14.125,18,9836.187753
27.875,33,9836.784373
5.75,7,9836.93824
27.291667,33,9837.567718
26.208333,33,9838.200894
26.5,33,9838.83909
5.791667,7,9838.987437
27.458333,33,9839.587456
9.625,11,9839.824944
10.541667,12,9840.067261
27.916667,33,9840.653796
9.666667,11,9840.871311
27.083333,33,9841.470547
27.25,33,9842.083743
21.333333,27,9842.600318
27.75,33,9843.203638
27.166667,33,9843.836949
9.875,12,9844.08342
27.25,33,9844.666652
28.25,33,9845.283945
5.791667,7,9845.416632
5.75,7,9845.56658
9.583333,11,9845.786282
27.875,33,9846.38753
9.625,11,9846.616487
5.75,7,9846.76824
27.916667,33,9847.366301
26.625,33,9847.991743
27.208333,33,9848.645055
27.208333,33,9849.266089
10.458333,12,9849.518163
5.75,7,9849.686222
26.625,33,9850.338466
2.75,4,9850.431435
27.25,33,9851.082497
27.083333,33,9851.684417
27.666667,33,9852.36568
5.75,7,9852.515651
28.041667,33,9853.115537
26.666667,33,9853.717675
9.583333,11,9853.933794
9.583333,11,9854.169002
26.666667,33,9854.798668
27.291667,33,9855.416924
27.916667,33,9856.015764
5.75,7,9856.151881
28.291667,33,9859.465034
27.833333,33,9860.116826
26.666667,33,9860.814658
27.416667,33,9861.497795
27.833333,33,9862.133459
27.25,33,9862.768026
27.291667,33,9863.397653
5.458333,7,9863.547616
5.791667,7,9863.697694
5.791667,7,9863.849381
27.833333,33,9864.464043
28.041667,33,9865.130227
27.833333,33,9865.764071
27.333333,33,9866.380382
9.708333,12,9866.649935
27.208333,33,9867.280398
27.333333,33,9867.913589
5.791667,7,9868.063535
26.666667,33,9868.696856
26.666667,33,9869.313391
27.833333,33,9869.946265
27.791667,33,9870.596568
26.5,33,9871.229813
27.541667,33,9873.446322
5.791667,7,9873.612922
27.375,33,9874.262781
27.25,33,9874.897168
9.666667,11,9875.129591
26.333333,33,9875.72927
27.166667,33,9876.394562
27.333333,33,9877.012421
26.5,33,9877.645745
27.375,33,9878.264994
26.708333,33,9878.963218
27.0,33,9879.612301
2.791667,4,9879.712062
27.833333,33,9880.33962
5.75,7,9880.494704
26.75,33,9881.108631
27.25,33,9881.706363
27.166667,33,9882.314389
5.75,7,9882.460559
5.791667,7,9882.60799
9.583333,11,9882.828347
27.333333,33,9883.445026
28.0,33,9884.045177
27.208333,33,9884.631388
26.833333,33,9885.261343
27.666667,33,9885.861271
27.291667,33,9886.527853
27.25,33,9887.14634
26.833333,33,9887.800362
9.958333,12,9888.04439
9.666667,11,9888.260998
2.791667,4,9888.360947
27.125,33,9888.962975
5.625,7,9889.130578
27.208333,33,9889.744152
9.625,11,9889.960285
5.75,7,9890.112596
27.291667,33,9890.713937
27.166667,33,9891.410569
27.833333,33,9892.060469
27.375,33,9892.662301
27.333333,33,9893.276964
27.25,33,9893.932454
9.541667,11,9894.162796
27.25,33,9894.781622
5.708333,7,9894.935247
5.791667,7,9895.076701
10.583333,12,9895.313376
9.666667,11,9895.526695
27.833333,33,9896.159506
27.791667,33,9896.763271
5.791667,7,9896.915478
9.791667,12,9897.158703
9.791667,12,9897.396922
27.916667,33,9898.003884
27.25,33,9898.61033
26.541667,33,9899.20949
5.833333,7,9899.36137
15.083333,19,9899.726146
27.708333,33,9900.342779
26.25,33,9900.945986
9.625,11,9901.162617
26.833333,33,9901.76249
27.916667,33,9902.375756
27.458333,33,9902.975678
27.833333,33,9903.575583
27.208333,33,9904.198169
27.083333,33,9904.827342
27.75,33,9905.445225
5.708333,7,9905.580664
9.75,11,9905.811305
27.791667,33,9906.425204
27.333333,33,9907.045156
27.833333,33,9907.645159
27.291667,33,9908.276901
27.208333,33,9908.958333
27.083333,33,9909.591386
10.625,13,9909.891386
27.166667,33,9910.541524
26.75,33,9911.173588
2.75,4,9911.259842
27.166667,33,9911.85783
2.625,4,9911.957894
26.541667,33,9914.194078
27.833333,33,9914.874211
27.833333,33,9915.50738
27.125,33,9916.110693
27.333333,33,9916.72386
5.791667,7,9916.873813
27.375,33,9917.507172
9.625,11,9917.745764
27.291667,33,9918.380816
27.833333,33,9919.008387
26.75,33,9919.62356
5.708333,7,9919.773106
27.291667,33,9920.36006
27.875,33,9920.97293
9.708333,11,9921.189935
27.333333,33,9921.816777
27.875,33,9922.423173
27.083333,33,9923.03971
27.125,33,9923.63964
26.916667,33,9924.276585
26.25,33,9924.88946
27.291667,33,9925.50474
27.208333,33,9926.126271
26.583333,33,9926.757761
27.916667,33,9927.359219
27.083333,33,9927.959211
27.208333,33,9928.589566
5.708333,7,9928.739036
27.291667,33,9929.355544
27.291667,33,9929.958808
5.75,7,9930.108975
5.75,7,9930.253527
26.708333,33,9930.875909
27.25,33,9931.475018
27.375,33,9932.089496
26.833333,33,9932.721742
27.25,33,9933.338322
26.708333,33,9933.938248
9.541667,11,9934.171394
26.333333,33,9934.790045
27.375,33,9935.391585
27.791667,33,9935.991491
27.833333,33,9936.608485
26.583333,33,9937.225018
9.208333,11,9937.440988
26.625,33,9938.069897
5.708333,7,9938.204366
5.791667,7,9938.359622
27.458333,33,9939.004853
9.583333,11,9939.254238
5.75,7,9939.404248
9.458333,12,9939.65796
5.625,7,9939.807582
27.083333,33,9940.407434
27.208333,33,9941.007316
5.75,7,9941.172644
9.625,11,9941.420636
27.833333,33,9942.053867
27.333333,33,9942.670531
28.375,33,9943.27313
27.25,33,9943.886951
27.25,33,9944.50354
27.375,33,9945.119761
26.166667,33,9945.753412
27.291667,33,9946.37517
27.208333,33,9946.986544
27.583333,33,9947.594473
26.75,33,9948.252681
5.791667,7,9948.390157
5.75,7,9948.544314
26.625,33,9949.169621
5.333333,7,9949.336264
27.708333,33,9949.952846
27.791667,33,9950.572762
25.708333,33,9951.202645
27.291667,33,9951.802578
5.708333,7,9951.954897
27.208333,33,9952.590958
27.25,33,9954.752329
28.25,33,9955.372148
27.208333,33,9955.988692
27.166667,33,9956.605942
26.625,33,9957.223558
27.833333,33,9957.837085
9.541667,11,9958.05187
5.75,7,9958.185109
27.875,33,9958.801745
9.458333,11,9959.051783
26.666667,33,9961.977139
26.666667,33,9962.587579
26.333333,33,9963.267699
27.208333,33,9963.946733
27.833333,33,9964.554454
28.041667,33,9965.150802
27.291667,33,9965.7674
28.166667,33,9966.369501
28.041667,33,9966.987382
26.625,33,9967.617149
26.125,33,9968.244586
26.75,33,9968.900403
5.75,7,9969.055471
26.166667,33,9969.720497
28.125,33,9970.334333
27.208333,33,9970.916731
27.75,33,9971.542326
26.5,33,9972.169725
27.416667,33,9972.771964
26.291667,33,9973.383102
27.791667,33,9973.999728
27.208333,33,9974.609622
27.291667,33,9975.21628
27.291667,33,9975.816178
27.041667,33,9976.431488
27.208333,33,9977.049286
27.5,33,9977.639322
27.833333,33,9978.26581
26.625,33,9978.899153
5.583333,7,9979.044256
27.75,33,9979.63513
27.875,33,9980.22182
27.208333,33,9980.815492
25.625,33,9981.40057
27.25,33,9982.037187
9.583333,11,9982.251087
26.75,33,9982.865378
27.25,33,9983.465072
9.583333,11,9983.685486
5.625,7,9983.831761
27.666667,33,9984.426965
9.625,11,9984.648255
26.375,33,9985.248181
26.875,33,9985.831611
9.666667,11,9986.064733
27.375,33,9986.667192
26.75,33,9987.281271
28.125,33,9987.866782
26.708333,33,9988.467846
27.833333,33,9989.114363
2.791667,4,9989.19764
28.208333,33,9989.799236
9.625,11,9990.020333
5.625,7,9990.164267
27.125,33,9990.750835
2.75,4,9990.850767
5.791667,7,9991.000774
27.416667,33,9991.614026
27.916667,33,9992.197259
5.75,7,9992.347235
27.208333,33,9992.947159
27.208333,33,9993.547114
27.25,33,9994.180403
9.708333,11,9994.380308
26.666667,33,9994.981554
5.5,7,9995.130215
26.666667,33,9997.346657
5.75,7,9997.515742
27.291667,33,9998.146463
5.75,7,9998.279855
9.625,11,9998.496426
5.75,7,9998.647959
26.791667,33,9999.267811
12.291667,15,9999.58921
5.708333,7,9999.746326
27.166667,33,10000.346272
27.25,33,10000.979502
9.583333,11,10001.181178
27.375,33,10001.779926
27.75,33,10002.395964
27.791667,33,10002.995795
2.75,4,10003.095815
27.083333,33,10003.679218
28.375,33,10004.298262
5.458333,7,10004.445303
9.708333,11,10004.665959
10.625,13,10004.918393
26.75,33,10005.512179
27.166667,33,10006.131205
27.875,33,10006.745402
2.791667,4,10006.828717
5.791667,7,10007.005205
5.708333,7,10007.145272
5.75,7,10007.280683
27.291667,33,10007.861793
25.75,33,10008.511834
9.458333,11,10008.728431
26.583333,33,10009.345067
27.291667,33,10009.928299
9.583333,11,10010.144966
9.375,12,10010.378264
27.833333,33,10011.001715
27.875,33,10011.600639
27.75,33,10012.178005
27.333333,33,10012.777964
9.666667,11,10012.998718
27.291667,33,10013.577797
27.916667,33,10014.197264
27.791667,33,10014.775243
27.375,33,10015.36087
27.25,33,10015.960855
27.75,33,10016.531464
27.791667,33,10017.144097
9.416667,11,10017.360712
5.791667,7,10017.508378
15.875,20,10017.877313
27.875,33,10018.512613
27.208333,33,10019.142577
14.333333,18,10019.479883
9.583333,11,10019.710409
5.583333,7,10019.843659
27.958333,33,10020.431238
2.75,4,10020.514266
9.666667,11,10020.726864
5.708333,7,10020.861835
27.875,33,10021.460176
27.791667,33,10022.06003
27.333333,33,10022.643251
2.791667,4,10022.726563
5.583333,7,10022.876674
26.583333,33,10023.462495
27.25,33,10024.159742
5.75,7,10024.308882
5.625,7,10024.443076
27.833333,33,10025.027934
26.666667,33,10025.643014
26.583333,33,10026.25976
5.458333,7,10026.409437
27.833333,33,10026.976061
27.375,33,10027.575906
27.75,33,10028.204377
28.166667,33,10028.792117
27.916667,33,10029.405392
27.875,33,10030.025642
5.791667,7,10030.177578
2.75,4,10030.274405
27.875,33,10030.842249
26.791667,33,10031.4437
5.333333,7,10031.592148
5.666667,7,10031.742026
26.708333,33,10032.375403
8.5,10,10032.577805
27.541667,33,10033.192028
27.208333,33,10033.790463
26.625,33,10034.425113
27.833333,33,10035.024942
5.75,7,10036.743339
5.833333,7,10036.908137
26.958333,33,10037.558009
27.416667,33,10038.207866
27.125,33,10038.8284
26.166667,33,10039.474021
27.333333,33,10040.057826
27.5,33,10040.674319
5.541667,7,10040.824295
27.833333,33,10041.440837
5.791667,7,10041.590832
27.25,33,10042.166861
27.875,33,10042.75732
5.708333,7,10042.907849
9.666667,11,10043.12583
26.708333,33,10043.74046
27.291667,33,10044.357115
26.625,33,10044.940329
27.083333,33,10045.573253
27.458333,33,10046.156851
5.75,7,10046.306836
27.25,33,10046.923399
27.375,33,10047.540016
27.375,33,10048.150718
27.833333,33,10048.756467
27.166667,33,10049.373264
5.708333,7,10049.523602
5.791667,7,10049.67505
27.166667,33,10050.27302
26.75,33,10050.873112
5.666667,7,10051.006176
26.791667,33,10051.672873
27.791667,33,10052.306029
27.583333,33,10052.905901
9.625,11,10053.122611
27.791667,33,10053.75801
26.25,33,10054.389175
26.791667,33,10054.987651
27.375,33,10055.588939
28.416667,33,10056.20616
9.625,11,10056.440927
2.75,4,10056.539411
26.708333,33,10057.122074
9.666667,11,10057.355361
9.625,11,10057.572058
27.875,33,10058.186989
26.666667,33,10060.985864
27.708333,33,10061.621451
9.458333,12,10061.854731
28.208333,33,10062.554763
9.916667,12,10062.804699
27.375,33,10063.440828
10.416667,12,10063.70452
27.375,33,10064.304622
27.25,33,10064.92112
26.5,33,10065.556268
26.291667,33,10066.170875
5.75,7,10066.304204
28.375,33,10066.9208
27.708333,33,10067.520717
5.791667,7,10067.671156
27.875,33,10068.287339
27.25,33,10068.920497
27.25,33,10069.553782
27.791667,33,10070.155277
27.833333,33,10070.753622
26.25,33,10071.386895
27.291667,33,10071.986814
27.291667,33,10072.58673
9.5,11,10072.803312
26.25,33,10073.420056
27.958333,33,10074.053197
25.75,33,10074.689234
27.291667,33,10075.27618
5.75,7,10075.434235
26.708333,33,10076.038186
5.75,7,10076.185208
27.166667,33,10076.769435
27.791667,33,10077.386144
27.791667,33,10079.652455
27.291667,33,10080.286019
27.291667,33,10080.894172
5.708333,7,10081.035558
27.458333,33,10081.635602
27.208333,33,10082.250229
27.291667,33,10082.852005
27.291667,33,10083.485357
10.166667,12,10083.718673
9.5,11,10083.948052
5.791667,7,10084.087302
26.583333,33,10084.685202
27.958333,33,10085.2723
27.958333,33,10085.868239
27.75,33,10086.48381
26.291667,33,10087.084766
26.333333,33,10087.684676
27.916667,33,10088.268005
5.541667,7,10088.417605
27.125,33,10089.051359
5.75,7,10089.184498
27.375,33,10089.801067
27.833333,33,10090.417765
27.333333,33,10091.040141
26.708333,33,10091.642146
27.333333,33,10092.21752
28.208333,33,10092.850799
27.166667,33,10093.450636
26.666667,33,10094.067207
2.833333,4,10094.167215
27.833333,33,10094.750516
26.666667,33,10095.367065
27.166667,33,10095.966971
27.833333,33,10096.587342
27.25,33,10097.183534
2.791667,4,10097.283488
27.125,33,10097.900109
27.166667,33,10098.539247
26.75,33,10099.168471
27.416667,33,10099.78316
9.375,12,10100.033044
2.791667,4,10100.116385
27.958333,33,10100.716316
27.208333,33,10101.316861
26.208333,33,10101.940722
26.666667,33,10102.51614
9.75,11,10102.749446
28.208333,33,10103.354091
5.625,7,10103.515974
5.375,7,10103.68269
27.333333,33,10104.29948
27.25,33,10104.89909
5.333333,7,10105.049117
26.625,33,10105.635252
5.75,7,10105.778496
27.291667,33,10106.398883
27.791667,33,10107.048791
27.25,33,10107.665489
27.291667,33,10108.269484
27.208333,33,10108.900785
26.708333,33,10109.533673
5.75,7,10109.681794
5.75,7,10109.815115
5.75,7,10109.964884
9.666667,11,10110.18367
27.875,33,10110.7816
26.208333,33,10111.403372
28.166667,33,10112.031503
26.625,33,10112.664857
5.583333,7,10112.817782
27.375,33,10113.419361
27.708333,33,10114.020631
2.75,4,10114.116621
27.25,33,10114.731166
27.166667,33,10115.347703
26.791667,33,10115.964379
9.625,11,10116.168094
26.708333,33,10116.780861
28.375,33,10117.380878
27.0,33,10119.54721
27.291667,33,10120.197134
27.791667,33,10120.83033
27.208333,33,10121.448861
26.666667,33,10122.063522
27.291667,33,10122.663443
2.75,4,10122.748754
26.791667,33,10123.380584
27.291667,33,10123.996596
26.666667,33,10124.613251
27.333333,33,10125.213221
27.833333,33,10125.8526
27.291667,33,10126.453723
5.75,7,10126.596301
27.375,33,10127.214398
5.791667,7,10127.34624
27.166667,33,10127.979511
28.208333,33,10128.629542
9.625,11,10128.86262
26.25,33,10129.495865
9.625,11,10129.7141
27.291667,33,10130.345775
9.666667,11,10130.545828
28.208333,33,10131.162479
26.625,33,10131.762637
26.625,33,10132.395541
27.833333,33,10132.978788
27.791667,33,10133.578629
27.791667,33,10134.21598
26.583333,33,10134.865622
27.833333,33,10135.445152
26.875,33,10136.045067
26.291667,33,10136.665526
12.458333,15,10136.944883
27.125,33,10137.561524
27.208333,33,10138.178128
5.75,7,10138.331456
27.875,33,10138.961313
27.208333,33,10139.563075
9.666667,11,10139.794102
2.75,4,10139.890187
27.833333,33,10140.494731
27.291667,33,10141.097217
9.5,11,10141.310961
8.708333,10,10141.509167
27.791667,33,10142.127628
2.791667,4,10142.211011
5.833333,7,10142.360825
27.875,33,10142.992753
27.833333,33,10143.577285
5.75,7,10143.743077
27.291667,33,10144.345551
27.208333,33,10144.943807
27.875,33,10145.563847
5.708333,7,10145.711104
2.625,4,10145.810366
26.625,33,10146.410304
5.75,7,10146.543649
2.791667,4,10146.643587
9.625,11,10146.860297
26.75,33,10147.500425
27.125,33,10148.104244
27.25,33,10148.713321
27.416667,33,10149.326768
27.75,33,10150.009415
26.583333,33,10150.659347
27.291667,33,10151.263131
27.916667,33,10151.926348
27.875,33,10152.543037
2.75,4,10152.644598
27.875,33,10153.262765
5.75,7,10153.411452
27.833333,33,10154.042713
26.375,33,10154.642506
26.208333,33,10155.293174
27.25,33,10155.931266
9.666667,11,10156.16246
9.916667,12,10156.400249
27.291667,33,10157.007154
27.458333,33,10157.606996
27.625,33,10159.808722
5.791667,7,10159.982388
5.791667,7,10162.895102
26.916667,33,10163.511327
26.625,33,10164.209584
27.25,33,10164.860339
27.208333,33,10165.509645
26.625,33,10166.107764
26.708333,33,10166.757274
26.75,33,10167.377797
27.416667,33,10168.00758
27.375,33,10168.645821
28.208333,33,10169.290689
27.375,33,10169.923926
27.833333,33,10170.558959
5.333333,7,10170.707442
10.458333,12,10170.973749
27.541667,33,10171.590361
27.291667,33,10172.207055
5.791667,7,10172.35688
10.125,13,10172.62353
5.75,7,10172.776852
27.875,33,10173.390088
28.083333,33,10174.040219
27.333333,33,10174.640032
27.333333,33,10175.273221
28.125,33,10175.893331
9.5,11,10176.140353
2.75,4,10176.224977
27.208333,33,10176.823047
27.833333,33,10177.456292
5.75,7,10177.609146
27.291667,33,10178.226506
27.291667,33,10178.838138
27.333333,33,10179.449514
9.625,11,10179.676305
5.458333,7,10179.825983
26.25,33,10180.472648
9.583333,11,10180.709454
27.958333,33,10181.339051
27.166667,33,10181.972432
5.75,7,10182.128505
5.791667,7,10182.275893
9.625,11,10182.492268
27.333333,33,10183.105608
5.75,7,10183.255126
27.541667,33,10183.873055
27.916667,33,10184.492173
27.75,33,10185.08855
27.916667,33,10185.691945
26.666667,33,10186.325164
27.291667,33,10186.940064
5.791667,7,10187.091701
5.708333,7,10187.241701
9.666667,11,10187.454908
26.625,33,10188.054437
26.625,33,10188.695946
27.833333,33,10189.358352
5.833333,7,10189.509472
27.291667,33,10190.121305
27.916667,33,10190.757844
5.416667,7,10190.906586
27.375,33,10191.524718
26.958333,33,10192.124292
5.75,7,10192.270989
26.791667,33,10192.89094
5.75,7,10193.046392
2.75,4,10193.137474
27.125,33,10193.754149
27.083333,33,10194.353999
9.375,12,10194.603924
27.125,33,10195.270149
27.916667,33,10195.842315
5.583333,7,10195.990491
5.75,7,10196.137155
27.375,33,10196.740521
27.208333,33,10197.390602
27.291667,33,10198.018948
27.875,33,10198.653502
5.75,7,10198.803451
26.583333,33,10199.420063
27.291667,33,10200.040195
26.625,33,10200.668538
26.583333,33,10201.289859
27.25,33,10203.402777
27.25,33,10204.052805
26.75,33,10204.672898
27.208333,33,10205.28951
27.166667,33,10205.91916
26.791667,33,10206.569147
9.583333,11,10206.789139
27.291667,33,10207.402345
27.041667,33,10208.021119
27.25,33,10208.65749
27.333333,33,10209.268138
26.666667,33,10209.952057
27.25,33,10210.618616
5.75,7,10210.774039
26.583333,33,10211.418409
5.791667,7,10211.555089
5.458333,7,10211.688377
27.833333,33,10212.318387
27.791667,33,10212.955241
27.333333,33,10213.571567
5.75,7,10213.713823
27.916667,33,10214.333649
28.333333,33,10214.948129
5.833333,7,10215.084718
26.75,33,10215.701426
27.291667,33,10216.351637
26.583333,33,10216.98434
27.041667,33,10217.600571
26.666667,33,10218.184183
27.291667,33,10218.827479
27.041667,33,10219.470817
27.291667,33,10220.07071
5.625,7,10220.220599
27.166667,33,10220.850537
27.25,33,10221.465743
27.125,33,10222.050433
27.833333,33,10222.666958
27.833333,33,10223.300262
27.375,33,10223.933129
2.833333,4,10224.016988
27.333333,33,10224.645393
5.791667,7,10224.783331
27.833333,33,10225.483228
27.375,33,10226.183215
5.791667,7,10226.346125
27.166667,33,10226.953001
9.625,11,10227.179428
9.583333,11,10227.411722
2.791667,4,10227.503044
2.833333,4,10227.586432
9.625,11,10227.816321
5.75,7,10227.970912
27.208333,33,10228.59949
26.708333,33,10229.21943
27.375,33,10229.846275
27.333333,33,10230.486012
27.25,33,10231.099333
26.291667,33,10231.719057
26.75,33,10232.345209
27.833333,33,10232.963821
27.375,33,10233.64635
26.625,33,10234.283922
26.541667,33,10234.898622
28.333333,33,10235.502046
26.541667,33,10236.117074
27.708333,33,10236.770251
5.791667,7,10236.931934
26.791667,33,10237.533593
5.75,7,10237.681639
27.791667,33,10238.298391
5.791667,7,10238.448333
5.708333,7,10238.602511
27.333333,33,10239.231517
27.291667,33,10239.851243
27.333333,33,10240.484685
27.25,33,10241.134675
5.75,7,10241.284579
27.458333,33,10241.914451
5.75,7,10242.067604
27.166667,33,10244.414088
26.625,33,10245.080725
27.25,33,10245.713901
28.333333,33,10246.313899
26.625,33,10246.94709
27.333333,33,10247.56738
27.291667,33,10248.183696
26.625,33,10248.852381
9.208333,12,10249.133724
26.833333,33,10249.796765
5.791667,7,10249.950255
27.875,33,10250.566799
27.166667,33,10251.179881
27.125,33,10251.866526
27.125,33,10252.529842
27.25,33,10253.179621
27.791667,33,10253.783502
5.75,7,10253.946346
5.708333,7,10254.096303
2.75,4,10254.196165
26.791667,33,10254.799589
27.208333,33,10255.416351
26.625,33,10256.051309
27.833333,33,10256.647814
27.166667,33,10257.249143
27.833333,33,10257.866169
27.916667,33,10258.478959
27.083333,33,10259.095522
27.166667,33,10259.728782
26.708333,33,10260.348774
28.25,33,10260.948635
9.625,11,10261.165774
5.416667,7,10261.315301
26.75,33,10261.931782
8.916667,11,10265.227998
27.541667,33,10265.847984
27.375,33,10266.544663
27.333333,33,10267.206457
27.375,33,10267.831186
5.75,7,10267.97789
27.5,33,10268.610922
27.583333,33,10269.247859
27.208333,33,10269.860808
2.75,4,10269.94944
27.208333,33,10270.579949
27.208333,33,10271.313932
27.333333,33,10271.910504
26.791667,33,10272.536392
5.791667,7,10272.701407
27.25,33,10273.305529
26.5,33,10273.926844
27.666667,33,10274.532
26.666667,33,10275.146925
26.666667,33,10275.760062
5.75,7,10275.915045
28.0,33,10276.511895
26.541667,33,10277.143181
9.666667,11,10277.36285
27.916667,33,10277.979802
27.458333,33,10278.57587
27.208333,33,10279.209547
27.958333,33,10279.84287
5.5,7,10279.994671
27.791667,33,10280.596409
27.333333,33,10281.203448
27.708333,33,10281.829076
5.791667,7,10281.975456
5.791667,7,10282.109165
26.583333,33,10282.72869
27.291667,33,10283.347223
26.666667,33,10283.991845
9.375,11,10284.212314
11.333333,14,10284.498107
5.791667,7,10284.645681
26.125,33,10285.277179
27.375,33,10285.893415
26.25,33,10288.010448
27.375,33,10288.707852
5.791667,7,10288.858436
26.25,33,10289.511538
26.833333,33,10290.141445
27.333333,33,10290.761065
27.333333,33,10291.395298
5.791667,7,10291.544631
27.333333,33,10292.161134
26.791667,33,10292.798611
27.208333,33,10293.424256
5.791667,7,10293.574276
28.0,33,10294.206334
26.541667,33,10294.840847
5.708333,7,10295.011001
27.333333,33,10295.640817
27.791667,33,10296.262875
26.916667,33,10296.893873
26.708333,33,10297.510556
26.791667,33,10298.127128
27.291667,33,10298.829483
27.916667,33,10299.460171
5.75,7,10299.606943
26.75,33,10300.225647
2.791667,4,10300.323083
27.541667,33,10300.943826
27.833333,33,10301.605335
5.791667,7,10301.756578
2.791667,4,10301.845325
9.833333,12,10302.093191
9.625,11,10302.306802
26.708333,33,10302.926574
5.75,7,10303.073139
26.583333,33,10303.722955
26.916667,33,10304.322956
5.791667,7,10304.489091
27.791667,33,10305.109477
26.708333,33,10305.739338
5.75,7,10305.876034
27.25,33,10306.492764
9.666667,11,10306.709301
27.25,33,10307.322505
9.666667,11,10307.555837
26.666667,33,10308.189032
26.583333,33,10308.822339
9.625,11,10309.038867
27.458333,33,10309.709504
27.375,33,10310.358659
5.625,7,10310.508822
27.208333,33,10311.155419
5.791667,7,10311.30525
27.291667,33,10311.958753
5.791667,7,10312.125292
27.875,33,10312.738529
27.291667,33,10313.338397
26.083333,33,10313.958535
9.625,11,10314.188257
26.541667,33,10314.82162
2.75,4,10314.908383
27.875,33,10315.508167
28.25,33,10316.136765
27.875,33,10316.741347
5.708333,7,10316.891232
27.25,33,10317.506513
28.375,33,10318.127641
27.25,33,10318.771023
27.416667,33,10319.406134
27.375,33,10320.055007
27.416667,33,10320.674204
26.916667,33,10321.287278
26.416667,33,10321.904148
27.916667,33,10322.533733
5.75,7,10322.69057
27.25,33,10323.320541
26.625,33,10323.970323
5.75,7,10324.122906
27.333333,33,10324.725534
27.166667,33,10325.373513
9.666667,11,10325.602831
27.333333,33,10326.285489
9.708333,11,10326.503284
27.375,33,10327.156813
9.75,11,10327.369864
27.291667,33,10329.536275
27.208333,33,10330.169481
5.791667,7,10330.32292
27.958333,33,10330.92286
26.708333,33,10331.569468
26.583333,33,10332.205993
9.625,11,10332.422574
27.333333,33,10333.057861
27.375,33,10333.672636
27.458333,33,10334.318912
5.75,7,10334.457587
26.583333,33,10335.102224
10.541667,12,10335.335067
26.583333,33,10335.960493
27.75,33,10336.573921
26.333333,33,10337.185212
9.708333,11,10337.405256
27.833333,33,10338.001786
27.875,33,10338.605182
5.75,7,10338.771919
5.75,7,10338.901647
5.666667,7,10339.057164
27.166667,33,10339.690264
27.916667,33,10340.3216
26.875,33,10340.95144
2.75,4,10341.038597
27.125,33,10341.651338
26.666667,33,10342.28807
5.75,7,10342.438407
27.166667,33,10343.041426
5.375,7,10343.188007
26.666667,33,10343.801084
28.0,33,10344.450512
27.291667,33,10345.067629
26.666667,33,10345.654063
9.25,11,10345.867408
9.583333,11,10346.102567
27.416667,33,10346.720886
26.583333,33,10347.343744
5.708333,7,10347.487193
26.875,33,10348.087193
27.75,33,10348.703947
27.166667,33,10349.341525
27.833333,33,10349.916887
27.291667,33,10350.546263
9.583333,11,10350.770226
26.833333,33,10351.503177
5.666667,7,10351.68331
26.833333,33,10352.45009
27.416667,33,10353.23275
5.625,7,10353.403378
27.416667,33,10354.103082
5.791667,7,10354.253416
26.333333,33,10354.88309
5.5,7,10355.036764
26.291667,33,10355.652915
9.208333,11,10355.870294
26.75,33,10356.65276
5.75,7,10356.837537
9.208333,11,10357.102801
5.791667,7,10357.265865
27.958333,33,10357.899231
2.833333,4,10357.985865
27.791667,33,10358.621225
9.708333,11,10358.841032
26.708333,33,10359.465242
2.791667,4,10359.552345
28.333333,33,10360.165163
26.916667,33,10360.782195
26.583333,33,10361.398789
27.125,33,10362.052063
27.291667,33,10362.685295
27.458333,33,10363.298555
27.25,33,10363.915184
26.958333,33,10364.584964
26.708333,33,10367.446678
5.708333,7,10367.599901
26.791667,33,10368.201152
5.75,7,10368.404591
27.375,33,10369.11995
27.875,33,10369.764322
2.75,4,10369.866834
27.125,33,10370.51801
2.791667,4,10370.618039
2.75,4,10370.713753
27.75,33,10371.334446
26.583333,33,10373.463427
27.375,33,10374.097107
26.75,33,10374.734024
27.833333,33,10375.330213
27.833333,33,10375.933881
27.166667,33,10376.546702
27.916667,33,10377.180044
26.458333,33,10377.799889
9.666667,11,10378.016729
26.333333,33,10378.646502
27.208333,33,10379.279744
27.708333,33,10379.901405
27.333333,33,10380.561098
27.291667,33,10381.20104
5.375,7,10381.349501
5.791667,7,10381.512757
27.916667,33,10382.103906
27.375,33,10382.7292
5.75,7,10382.884537
27.208333,33,10383.516016
28.25,33,10384.132463
5.625,7,10384.264296
27.375,33,10384.878996
27.375,33,10385.514282
27.291667,33,10386.12887
5.75,7,10386.278762
9.583333,11,10386.517619
5.791667,7,10386.662013
26.583333,33,10387.248755
5.75,7,10387.407172
5.791667,7,10387.556571
5.75,7,10387.709894
26.625,33,10388.328565
27.833333,33,10388.978051
9.625,11,10389.198909
27.75,33,10389.778388
26.75,33,10390.426549
27.833333,33,10391.044932
27.291667,33,10391.648167
26.625,33,10392.326651
27.25,33,10393.031889
27.25,33,10393.664639
5.791667,7,10393.810665
27.166667,33,10394.408577
28.25,33,10395.025903
27.208333,33,10395.643016
27.333333,33,10396.25608
9.583333,11,10396.480866
9.541667,11,10396.710733
27.125,33,10397.347305
27.25,33,10397.944003
27.125,33,10398.532916
9.625,11,10398.76563
9.5,11,10398.982226
27.166667,33,10399.611979
26.25,33,10400.227034
26.75,33,10400.84703
27.458333,33,10401.426793
26.583333,33,10402.026694
5.708333,7,10402.164878
26.583333,33,10402.776635
27.375,33,10403.379876
26.666667,33,10404.043099
27.541667,33,10404.661268
2.791667,4,10404.743086
27.166667,33,10405.358271
2.791667,4,10405.442857
5.75,7,10405.598783
27.583333,33,10406.204704
27.166667,33,10406.798564
27.416667,33,10407.41098
26.75,33,10408.046186
5.791667,7,10408.206414
9.541667,11,10408.425972
27.25,33,10409.062656
27.208333,33,10409.679081
27.25,33,10410.295204
5.791667,7,10410.428907
27.125,33,10411.04426
27.25,33,10411.675485
27.916667,33,10413.82858
27.208333,33,10414.461718
27.833333,33,10415.09122
27.333333,33,10415.680304
27.291667,33,10416.311524
26.541667,33,10416.911556
27.291667,33,10417.49456
5.791667,7,10417.644701
27.875,33,10418.360138
5.791667,7,10418.524506
5.75,7,10418.679059
27.875,33,10419.29108
26.666667,33,10419.890989
26.625,33,10420.509407
27.875,33,10421.124986
26.208333,33,10421.72745
27.833333,33,10422.39084
27.916667,33,10423.023973
27.333333,33,10423.607169
27.291667,33,10424.237257
26.583333,33,10424.843684
27.166667,33,10425.443853
27.125,33,10426.045411
2.791667,4,10426.126947
26.541667,33,10426.74366
5.708333,7,10426.906393
5.75,7,10427.045495
26.625,33,10427.646542
26.625,33,10428.24779
26.666667,33,10428.873356
27.333333,33,10429.489726
27.833333,33,10430.143023
27.375,33,10430.756414
9.291667,11,10430.976992
27.416667,33,10431.592973
26.625,33,10432.192762
27.291667,33,10432.776249
5.75,7,10432.926025
27.875,33,10433.539372
27.333333,33,10434.176112
9.583333,11,10434.392464
26.833333,33,10434.994226
27.375,33,10435.644566
27.833333,33,10436.255572
25.666667,33,10436.875513
26.541667,33,10437.473608
9.708333,11,10437.708759
26.583333,33,10438.308663
27.916667,33,10438.9052
27.875,33,10439.505103
27.333333,33,10440.175385
9.625,11,10440.389697
27.5,33,10440.991663
27.916667,33,10441.590171
27.25,33,10442.223513
26.625,33,10442.825114
26.708333,33,10443.424604
27.375,33,10444.054443
27.125,33,10444.671067
26.541667,33,10445.286429
27.166667,33,10445.871018
27.291667,33,10446.490358
27.166667,33,10447.09099
26.666667,33,10447.687414
9.666667,11,10447.936296
26.75,33,10448.572407
27.291667,33,10449.20717
5.75,7,10449.357452
27.25,33,10450.020448
27.083333,33,10450.653733
5.5,7,10450.803589
27.166667,33,10451.406871
27.333333,33,10454.06981
5.75,7,10454.269912
27.291667,33,10454.957952
26.708333,33,10455.636986
2.833333,4,10455.722719
27.333333,33,10456.336203
28.0,33,10456.92143
28.208333,33,10457.569547
27.333333,33,10458.186022
26.75,33,10458.802589
5.708333,7,10458.951497
27.833333,33,10459.585752
26.583333,33,10460.235707
5.833333,7,10460.385732
26.833333,33,10461.004195
19.916667,25,10461.488955
5.791667,7,10461.655828
26.541667,33,10462.255448
27.416667,33,10462.852006
5.791667,7,10463.002012
27.375,33,10463.670582
27.875,33,10464.305174
28.0,33,10464.889388
2.75,4,10464.972058
2.75,4,10465.053795
27.208333,33,10465.654931
5.75,7,10465.806799
5.791667,7,10465.95159
27.875,33,10466.568215
27.25,33,10467.189667
26.666667,33,10469.087911
27.333333,33,10469.684611
27.291667,33,10470.401103
27.291667,33,10471.044251
26.666667,33,10471.650917
26.375,33,10472.291342
26.75,33,10472.884055
5.791667,7,10473.050963
26.583333,33,10473.654126
5.791667,7,10473.837802
27.375,33,10474.500642
27.0,33,10475.139694
27.291667,33,10475.720644
26.833333,33,10476.349503
28.333333,33,10476.972339
27.25,33,10477.58673
9.666667,11,10477.805172
27.833333,33,10478.401978
27.75,33,10479.04014
27.208333,33,10479.653333
26.75,33,10480.251457
27.916667,33,10480.849677
27.25,33,10481.482989
27.25,33,10482.099545
27.25,33,10482.699528
26.333333,33,10483.349317
27.25,33,10483.967972
26.708333,33,10484.599167
27.833333,33,10485.20046
27.291667,33,10485.824189
26.541667,33,10486.435215
5.791667,7,10486.582219
27.333333,33,10487.218806
27.291667,33,10487.848769
2.75,4,10487.947468
27.833333,33,10488.550615
5.791667,7,10488.698597
26.625,33,10489.33519
27.208333,33,10489.998416
27.333333,33,10490.681718
26.708333,33,10491.314532
26.25,33,10491.931623
26.625,33,10492.565032
27.416667,33,10493.181409
27.25,33,10493.799862
27.25,33,10494.414602
5.75,7,10495.947646
27.916667,33,10496.646351
27.75,33,10497.250849
27.791667,33,10497.849294
26.541667,33,10498.467567
27.375,33,10499.069146
28.166667,33,10499.671186
5.75,7,10499.81398
27.333333,33,10500.447076
27.083333,33,10501.067192
27.208333,33,10501.682165
27.375,33,10502.280157
26.041667,33,10502.882161
27.166667,33,10503.50191
16.458333,21,10503.915902
28.25,33,10504.533125
27.25,33,10505.149892
27.833333,33,10505.779715
27.291667,33,10506.465392
26.791667,33,10507.096308
26.875,33,10507.729462
9.625,11,10507.963423
26.625,33,10508.562678
27.791667,33,10509.211404
27.333333,33,10509.882629
28.375,33,10510.530928
27.333333,33,10511.149107
27.208333,33,10511.77895
5.708333,7,10511.932752
5.75,7,10512.082273
27.791667,33,10512.678781
26.666667,33,10513.347213
27.125,33,10513.982028
5.791667,7,10514.132071
9.625,11,10514.350645
27.291667,33,10514.944807
27.375,33,10515.530559
2.791667,4,10515.632097
26.708333,33,10516.23178
27.291667,33,10516.831623
26.666667,33,10517.433474
26.583333,33,10518.111593
9.583333,11,10518.344799
5.833333,7,10518.516789
27.208333,33,10519.131277
9.625,11,10519.346529
27.333333,33,10519.961153
27.791667,33,10520.60232
5.791667,7,10520.737251
27.291667,33,10521.331186
26.666667,33,10521.944288
27.791667,33,10522.565717
27.333333,33,10523.14407
26.625,33,10523.777441
27.833333,33,10524.378787
2.75,4,10524.477404
26.666667,33,10525.063891
5.833333,7,10525.210035
26.5,33,10525.825288
27.25,33,10526.430279
27.208333,33,10527.043582
27.875,33,10527.631913
27.791667,33,10528.22714
5.75,7,10528.378686
2.75,4,10528.47563
27.333333,33,10529.113467
27.916667,33,10529.713238
27.833333,33,10530.326508
27.208333,33,10530.943132
9.625,11,10531.16877
5.75,7,10531.312993
9.791667,12,10531.569657
27.875,33,10532.15859
26.541667,33,10532.759578
28.333333,33,10533.362884
5.75,7,10533.526476
27.333333,33,10534.128107
26.208333,33,10536.308486
5.708333,7,10536.475765
5.333333,7,10536.642371
27.291667,33,10537.264384
26.833333,33,10537.875497
27.375,33,10538.494345
5.791667,7,10538.642113
27.125,33,10539.25864
26.625,33,10539.891929
27.291667,33,10540.491826
26.583333,33,10541.091887
5.791667,7,10541.241777
9.375,12,10541.475024
27.625,33,10542.230495
26.541667,33,10543.008107
5.75,7,10543.174817
27.25,33,10543.874815
27.208333,33,10544.591262
27.083333,33,10545.207907
26.458333,33,10545.857782
26.75,33,10546.507742
27.25,33,10547.107599
27.291667,33,10547.709383
5.791667,7,10547.856358
27.083333,33,10548.474216
26.541667,33,10549.109409
27.208333,33,10549.70726
5.75,7,10549.861237
26.625,33,10550.509593
27.791667,33,10551.123715
27.958333,33,10551.740221
27.25,33,10552.372589
5.75,7,10552.526132
5.75,7,10552.673563
26.666667,33,10553.273539
25.166667,33,10553.873432
27.333333,33,10554.475026
27.166667,33,10555.073266
5.791667,7,10555.223206
26.541667,33,10555.823129
27.208333,33,10556.427375
9.625,11,10556.656367
27.541667,33,10557.272989
27.75,33,10557.872919
27.291667,33,10558.472809
26.75,33,10559.106168
27.166667,33,10559.722667
27.25,33,10560.322588
27.041667,33,10560.958062
5.541667,7,10561.108386
27.333333,33,10561.722404
5.5,7,10561.863948
26.541667,33,10562.465808
26.0,33,10563.06769
26.583333,33,10563.672133
27.291667,33,10564.288721
5.75,7,10564.424226
27.375,33,10565.038652
5.833333,7,10565.17377
2.75,4,10565.272554
5.75,7,10565.414347
27.875,33,10566.055194
27.791667,33,10566.638457
27.791667,33,10570.304594
5.708333,7,10570.454581
5.791667,7,10570.606605
27.25,33,10571.290923
26.75,33,10571.987665
9.541667,11,10572.220985
13.375,17,10572.570923
5.625,7,10572.737551
26.208333,33,10573.354172
27.125,33,10574.020746
27.291667,33,10574.653994
27.75,33,10575.253932
27.25,33,10575.870487
9.833333,12,10576.122415
26.625,33,10576.753388
27.625,33,10577.353635
27.416667,33,10577.936911
27.333333,33,10578.570186
26.666667,33,10580.819454
25.791667,33,10581.436507
27.041667,33,10582.05303
26.625,33,10582.654517
9.625,11,10582.871439
26.625,33,10583.502846
27.125,33,10584.119493
26.666667,33,10584.736091
5.541667,7,10584.869338
27.708333,33,10585.48589
27.333333,33,10586.104405
27.458333,33,10586.685779
26.875,33,10587.335641
26.666667,33,10587.943271
27.875,33,10588.535548
26.541667,33,10589.168758
9.625,11,10589.404784
5.75,7,10589.552089
26.833333,33,10590.170693
27.291667,33,10590.801996
27.833333,33,10591.385152
9.458333,11,10591.618521
27.666667,33,10592.237089
26.708333,33,10592.838959
27.833333,33,10593.422124
5.75,7,10593.568206
5.75,7,10593.718226
27.833333,33,10594.348621
5.75,7,10594.484846
27.416667,33,10595.103666
26.625,33,10595.684621
27.25,33,10596.317875
5.75,7,10596.451154
27.541667,33,10597.051143
9.666667,11,10597.284352
27.833333,33,10597.886943
26.5,33,10598.500836
5.791667,7,10598.650905
26.958333,33,10599.300784
27.291667,33,10599.941929
26.5,33,10600.552384
5.75,7,10600.700553
9.625,11,10600.935814
27.958333,33,10601.517135
27.333333,33,10602.117131
27.333333,33,10602.766977
9.5,11,10603.000378
9.583333,11,10603.216854
5.75,7,10603.383546
5.791667,7,10603.546421
9.75,11,10603.78348
27.5,33,10604.400128
27.5,33,10605.000058
5.75,7,10605.150041
26.25,33,10605.749968
2.75,4,10605.842175
26.833333,33,10606.443051
27.333333,33,10607.066464
5.75,7,10607.266379
27.125,33,10607.866433
26.25,33,10608.484773
5.791667,7,10608.628705
27.166667,33,10609.266135
27.916667,33,10609.869495
5.625,7,10610.016869
5.75,7,10610.166004
26.625,33,10610.814826
9.625,11,10611.049391
26.75,33,10611.682494
26.583333,33,10612.265719
5.791667,7,10612.418303
26.625,33,10612.998954
27.166667,33,10613.615533
9.458333,11,10613.844156
5.708333,7,10613.998945
27.375,33,10614.598855
5.791667,7,10614.748717
27.125,33,10615.381987
27.333333,33,10615.998204
26.583333,33,10616.581897
27.375,33,10617.181755
27.875,33,10617.79837
9.458333,11,10618.015023
27.166667,33,10618.614894
27.208333,33,10620.814584
28.291667,33,10621.447918
26.541667,33,10622.083488
27.791667,33,10622.697642
26.541667,33,10623.280961
9.708333,11,10623.51424
27.208333,33,10624.130938
26.583333,33,10624.73076
26.625,33,10625.330652
2.791667,4,10625.414093
10.458333,12,10625.663927
27.25,33,10626.265776
5.791667,7,10626.413885
26.333333,33,10627.115647
27.208333,33,10627.713777
26.791667,33,10628.33043
27.25,33,10628.963562
27.166667,33,10629.580163
27.333333,33,10630.179615
26.666667,33,10630.796649
27.333333,33,10631.41704
27.125,33,10632.013204
26.291667,33,10632.634406
27.458333,33,10633.248433
26.625,33,10633.879614
27.291667,33,10634.496121
27.25,33,10635.144932
27.833333,33,10635.779678
27.208333,33,10636.381264
27.208333,33,10636.994551
5.791667,7,10637.145792
26.5,33,10637.762358
26.583333,33,10638.362276
5.791667,7,10638.512277
27.208333,33,10639.139537
27.958333,33,10639.74542
26.75,33,10640.378898
5.791667,7,10640.530285
5.791667,7,10640.694196
27.875,33,10641.302716
9.583333,11,10641.544841
27.208333,33,10642.131051
27.333333,33,10642.732701
5.791667,7,10642.88043
27.791667,33,10643.506796
27.166667,33,10644.128134
27.333333,33,10644.728106
5.791667,7,10644.878322
26.208333,33,10645.463311
26.166667,33,10646.0955
27.875,33,10646.695335
9.708333,11,10646.911246
27.166667,33,10647.511157
27.166667,33,10648.148889
26.583333,33,10648.744338
5.791667,7,10648.904166
5.791667,7,10649.044172
26.625,33,10649.627493
27.333333,33,10650.244042
27.208333,33,10650.860637
9.625,11,10651.077298
27.25,33,10651.67728
27.25,33,10652.293423
5.75,7,10652.427173
5.75,7,10652.577184
27.333333,33,10653.194601
27.875,33,10653.802613
27.416667,33,10654.4103
27.333333,33,10655.079354
27.208333,33,10655.699251
26.541667,33,10656.305146
12.666667,16,10656.626572
27.833333,33,10657.243164
5.708333,7,10657.394009
26.583333,33,10658.00525
27.791667,33,10658.599994
9.458333,11,10658.828057
27.166667,33,10660.978002
5.791667,7,10661.142652
27.208333,33,10661.758092
5.791667,7,10661.900387
27.25,33,10662.493375
5.791667,7,10662.625798
5.791667,7,10662.775822
5.791667,7,10662.925725
9.625,11,10663.159082
27.25,33,10663.797631
5.625,7,10663.958481
5.75,7,10664.108906
26.875,33,10664.742145
27.291667,33,10665.37533
27.291667,33,10665.976974
27.166667,33,10666.575323
27.083333,33,10667.191846
27.166667,33,10667.810969
5.708333,7,10667.958441
2.791667,4,10668.041851
26.708333,33,10668.658358
27.833333,33,10669.274885
5.791667,7,10672.527402
27.875,33,10673.124424
27.791667,33,10673.80878
26.541667,33,10674.474311
26.666667,33,10675.074101
9.625,11,10675.307419
26.541667,33,10675.907406
27.708333,33,10676.540582
27.25,33,10677.157228
9.708333,11,10677.390471
27.25,33,10677.994189
26.708333,33,10678.627691
27.333333,33,10679.256967
9.583333,11,10679.473569
27.833333,33,10680.090117
27.291667,33,10680.706805
27.166667,33,10681.340011
9.583333,11,10681.606702
27.291667,33,10682.22318
5.708333,7,10682.373135
27.333333,33,10683.00638
9.916667,12,10683.239693
27.291667,33,10683.863306
26.625,33,10684.471564
27.125,33,10685.090149
26.583333,33,10685.689458
5.75,7,10685.840966
9.666667,11,10686.05663
5.75,7,10686.189352
2.75,4,10686.274587
27.208333,33,10686.972633
27.875,33,10687.605801
27.916667,33,10688.222411
26.625,33,10688.857476
26.791667,33,10689.490503
27.916667,33,10690.090819
27.166667,33,10690.68877
27.75,33,10691.305459
27.875,33,10691.938628
27.208333,33,10692.521919
5.791667,7,10692.691526
27.083333,33,10693.321934
27.291667,33,10693.95491
27.125,33,10694.605399
28.25,33,10695.221845
9.5,11,10695.454385
5.833333,7,10695.604823
27.791667,33,10696.224268
5.791667,7,10696.371502
27.375,33,10696.988019
27.041667,33,10697.603273
5.75,7,10697.754571
27.375,33,10698.354409
27.208333,33,10698.954372
26.625,33,10699.57094
26.625,33,10700.2064
2.625,5,10700.320918
26.25,33,10700.970677
27.291667,33,10701.591327
27.291667,33,10702.203985
27.791667,33,10704.390393
27.75,33,10705.086839
27.333333,33,10705.703479
27.375,33,10706.317246
5.75,7,10706.470057
27.833333,33,10707.06995
27.208333,33,10707.686517
9.625,11,10707.90309
27.25,33,10708.539719
27.25,33,10709.20303
27.166667,33,10709.835812
27.291667,33,10710.453299
27.25,33,10711.086048
28.0,33,10711.702923
27.291667,33,10712.334953
27.333333,33,10712.954609
27.875,33,10713.552416
5.791667,7,10713.701015
25.583333,33,10714.30239
26.791667,33,10714.918898
27.875,33,10715.522098
26.583333,33,10716.134329
5.666667,7,10716.270555
27.041667,33,10716.885315
27.291667,33,10717.501562
27.333333,33,10718.101822
5.5,7,10718.251771
28.25,33,10718.818307
5.75,7,10718.972911
19.708333,25,10719.451682
5.791667,7,10719.60162
5.791667,7,10719.751631
26.75,33,10720.351547
27.666667,33,10720.968019
26.708333,33,10721.601399
26.5,33,10722.218006
26.333333,33,10722.836488
27.25,33,10723.417774
9.625,11,10723.656781
5.791667,7,10723.81775
26.75,33,10724.46769
27.25,33,10725.084207
27.833333,33,10725.684118
5.75,7,10725.84102
26.875,33,10726.452639
28.083333,33,10727.05072
27.375,33,10727.700606
26.666667,33,10728.335676
27.291667,33,10728.945603
2.791667,4,10729.018862
26.666667,33,10729.643629
10.5,12,10729.868736
27.166667,33,10730.483562
26.791667,33,10731.13746
2.75,4,10731.216837
5.791667,7,10731.370865
27.291667,33,10731.96675
27.208333,33,10732.583211
26.666667,33,10733.185017
27.791667,33,10733.783133
26.625,33,10734.38302
27.083333,33,10734.999637
9.541667,11,10735.240715
27.791667,33,10735.846636
26.166667,33,10736.440629
26.583333,33,10737.049375
28.25,33,10737.73752
27.25,33,10738.333379
26.25,33,10738.94906
27.291667,33,10739.565665
27.208333,33,10740.198918
27.291667,33,10740.798805
27.833333,33,10741.432097
5.75,7,10741.565373
2.75,4,10741.665359
27.25,33,10742.29762
26.666667,33,10742.90021
6.791667,8,10744.581825
5.791667,7,10744.748432
27.125,33,10745.414835
5.75,7,10745.566731
27.166667,33,10746.181462
27.083333,33,10746.798016
26.625,33,10747.398003
28.208333,33,10748.014614
27.875,33,10748.614437
27.958333,33,10749.231099
27.208333,33,10749.914356
27.875,33,10750.534775
9.583333,11,10750.747564
5.75,7,10750.897469
5.75,7,10751.047506
9.541667,11,10751.282588
27.25,33,10751.936879
27.25,33,10752.550545
26.791667,33,10753.163951
26.583333,33,10753.765626
5.791667,7,10753.913749
27.291667,33,10754.59883
5.791667,7,10754.747015
5.791667,7,10754.896991
27.291667,33,10755.53014
26.625,33,10756.153366
2.75,4,10756.24721
9.625,11,10756.482093
9.583333,11,10756.713392
9.583333,11,10756.948891
27.166667,33,10757.563363
9.583333,11,10757.781262
5.666667,7,10757.946537
26.791667,33,10758.563181
27.416667,33,10759.198092
27.375,33,10759.809146
26.791667,33,10760.412894
27.333333,33,10761.079528
27.291667,33,10761.712718
26.833333,33,10762.299612
27.291667,33,10762.929248
27.916667,33,10763.579109
27.125,33,10764.179086
26.625,33,10764.785729
26.541667,33,10765.462223
27.125,33,10766.095538
16.625,21,10766.49728
27.291667,33,10767.11092
2.75,4,10767.204269
27.25,33,10767.811932
27.208333,33,10768.411831
26.625,33,10769.011823
9.583333,11,10769.24507
27.25,33,10769.845052
26.625,33,10770.46345
26.75,33,10772.944665
26.833333,33,10773.571884
26.875,33,10774.311101
5.375,7,10774.461083
9.666667,11,10774.677761
26.791667,33,10775.277591
27.208333,33,10775.902354
2.791667,4,10775.995285
26.625,33,10776.610909
27.291667,33,10777.227338
27.166667,33,10777.843977
27.291667,33,10778.46061
27.416667,33,10779.079154
27.875,33,10779.677097
26.875,33,10780.306607
27.833333,33,10780.910244
27.875,33,10781.526982
27.791667,33,10782.146779
27.25,33,10782.776619
27.375,33,10783.393039
26.625,33,10783.997203
27.333333,33,10784.64464
5.583333,7,10784.805446
26.541667,33,10785.442972
27.333333,33,10787.559383
27.833333,33,10788.161081
27.875,33,10788.759181
5.75,7,10788.925906
2.75,4,10789.0094
27.333333,33,10789.625784
27.333333,33,10790.225696
27.333333,33,10790.845687
5.833333,7,10791.025774
26.833333,33,10791.642212
5.75,7,10791.842178
27.916667,33,10792.475388
26.75,33,10793.111173
26.666667,33,10793.708607
27.166667,33,10794.325146
5.666667,7,10794.476879
5.75,7,10794.628029
2.75,4,10794.712014
27.25,33,10795.343816
27.208333,33,10795.958169
27.833333,33,10796.558187
5.75,7,10796.708078
26.5,33,10797.314391
27.291667,33,10797.941336
27.541667,33,10798.557878
27.291667,33,10799.191206
27.375,33,10799.823274
27.375,33,10800.439941
26.625,33,10801.059412
27.875,33,10801.677372
26.541667,33,10802.307368
5.75,7,10802.459206
27.166667,33,10803.073986
2.791667,4,10803.157295
27.125,33,10803.77384
26.666667,33,10804.408589
27.833333,33,10805.023699
27.333333,33,10805.640233
27.125,33,10806.262901
26.541667,33,10806.873429
2.75,4,10806.960641
27.875,33,10807.573448
27.916667,33,10808.177156
26.541667,33,10808.792042
27.75,33,10809.428242
5.791667,7,10809.593312
27.125,33,10810.256345
27.166667,33,10810.889608
26.708333,33,10811.522828
9.416667,12,10811.774884
27.166667,33,10812.389399
27.833333,33,10813.022677
27.208333,33,10813.639322
27.833333,33,10814.25584
5.791667,7,10814.405871
9.666667,11,10814.621305
27.25,33,10815.35784
5.75,7,10815.523526
27.583333,33,10816.138912
27.375,33,10816.755459
26.375,33,10817.389091
27.208333,33,10817.977112
27.083333,33,10818.575261
5.75,7,10818.725265
5.75,7,10818.857301
26.666667,33,10819.558478
5.708333,7,10819.706876
27.25,33,10820.30274
26.666667,33,10820.888272
27.291667,33,10821.558335
5.75,7,10821.707951
27.458333,33,10822.324859
27.375,33,10822.924708
27.25,33,10823.53795
5.791667,7,10823.68789
27.041667,33,10824.291437
27.375,33,10824.887785
26.625,33,10825.516906
27.791667,33,10827.502858
27.333333,33,10828.190893
5.708333,7,10828.353536
9.666667,11,10828.574082
26.291667,33,10829.189116
28.083333,33,10829.785869
26.708333,33,10830.406957
26.708333,33,10831.007055
28.083333,33,10831.640276
5.75,7,10831.770244
27.25,33,10832.42008
5.75,7,10832.570051
27.291667,33,10833.170104
26.291667,33,10833.773398
27.833333,33,10834.386514
26.625,33,10834.989965
27.875,33,10835.573055
26.666667,33,10836.169631
26.666667,33,10836.769518
5.583333,7,10836.93505
27.291667,33,10837.538204
5.791667,7,10837.686155
9.291667,11,10837.902741
27.291667,33,10838.536016
26.791667,33,10839.158266
27.833333,33,10839.759475
26.75,33,10840.339134
5.791667,7,10840.489094
28.291667,33,10841.124039
26.541667,33,10841.738946
27.125,33,10842.318777
26.5,33,10842.920539
27.25,33,10843.552112
27.875,33,10844.155205
5.791667,7,10844.300952
27.375,33,10844.901785
27.291667,33,10845.574244
26.375,33,10846.155474
9.583333,11,10846.376033
27.541667,33,10847.05104
28.333333,33,10847.668232
27.333333,33,10848.284792
27.541667,33,10848.916833
27.25,33,10849.517819
2.75,4,10849.604569
26.666667,33,10850.205089
27.375,33,10850.817738
27.083333,33,10851.500487
27.416667,33,10852.117664
9.291667,12,10852.350799
26.625,33,10852.967419
28.333333,33,10853.550648
27.291667,33,10854.187494
27.875,33,10854.767219
5.75,7,10854.920548
2.75,4,10855.004081
5.75,7,10855.146585
26.625,33,10855.743747
27.833333,33,10856.370448
2.75,4,10856.452805
5.75,7,10856.620389
27.25,33,10857.186744
27.208333,33,10857.786824
9.625,11,10858.004105
26.875,33,10858.646531
27.375,33,10859.243994
27.958333,33,10859.844083
9.666667,11,10860.066478
26.666667,33,10860.670159
26.625,33,10861.286322
5.708333,7,10861.441765
27.791667,33,10862.025373
27.375,33,10862.651225
2.75,4,10862.745692
27.291667,33,10863.350898
27.25,33,10863.966011
26.833333,33,10864.584513
27.833333,33,10865.185818
27.166667,33,10865.802425
27.333333,33,10867.864454
26.708333,33,10868.480762
28.083333,33,10869.102623
5.791667,7,10869.250425
27.625,33,10869.851893
27.166667,33,10870.465199
27.291667,33,10871.081626
26.125,33,10873.884567
27.208333,33,10874.564672
5.791667,7,10874.767945
28.375,33,10875.465519
26.583333,33,10876.130648
9.583333,11,10876.334408
26.75,33,10876.947686
26.5,33,10877.584708
5.75,7,10877.730784
27.083333,33,10878.35096
27.25,33,10878.952707
26.833333,33,10879.550622
27.333333,33,10880.180517
27.708333,33,10880.797105
5.625,7,10880.930338
27.833333,33,10881.563686
26.625,33,10882.183574
27.25,33,10882.800168
5.75,7,10882.933536
10.125,12,10883.185541
27.791667,33,10883.763403
14.416667,18,10884.136648
27.791667,33,10884.746516
27.791667,33,10885.349947
26.541667,33,10885.933157
27.833333,33,10886.549766
27.333333,33,10887.162785
27.333333,33,10887.779509
27.375,33,10888.378109
27.875,33,10888.996033
5.75,7,10889.147889
5.791667,7,10889.279256
26.708333,33,10889.898048
28.25,33,10890.497632
7.666667,9,10890.68245
26.25,33,10891.279064
26.541667,33,10891.882367
5.75,7,10892.032575
5.583333,7,10892.182426
9.75,12,10892.428851
27.333333,33,10893.062226
27.291667,33,10893.662084
27.916667,33,10894.261926
28.25,33,10894.860348
27.125,33,10895.46347
28.208333,33,10896.06175
26.791667,33,10896.661637
27.25,33,10897.27695
5.708333,7,10897.41494
27.333333,33,10898.011503
26.666667,33,10898.605596
27.291667,33,10899.211396
27.875,33,10899.827873
27.291667,33,10900.427794
28.041667,33,10901.044401
9.625,11,10901.282897
27.208333,33,10901.914118
27.291667,33,10902.51087
27.75,33,10903.127456
26.541667,33,10903.731698
27.208333,33,10904.352249
27.916667,33,10904.94388
27.208333,33,10905.560622
27.875,33,10906.201813
27.791667,33,10906.780001
26.791667,33,10907.38035
5.791667,7,10907.526539
5.75,7,10907.660287
27.25,33,10909.809904
5.5,7,10909.968303
27.125,33,10910.600011
27.291667,33,10911.209707
26.583333,33,10911.859859
27.291667,33,10912.495808
27.166667,33,10913.100736
27.875,33,10913.67607
27.791667,33,10914.276006
26.583333,33,10914.89221
27.291667,33,10915.476029
26.875,33,10916.075805
27.208333,33,10916.695225
27.166667,33,10917.299153
27.291667,33,10917.87755
2.75,4,10917.977287
5.75,7,10918.108804
26.791667,33,10918.724488
27.916667,33,10919.341623
27.375,33,10919.92535
27.833333,33,10920.508508
27.208333,33,10921.128708
27.833333,33,10921.741776
26.541667,33,10922.34156
5.5,7,10922.491599
27.291667,33,10923.110821
7.458333,9,10923.293507
26.541667,33,10923.907064
2.791667,4,10923.994749
5.75,7,10924.141451
26.541667,33,10924.741326
26.5,33,10925.361963
5.791667,7,10925.507848
27.875,33,10926.09451
28.291667,33,10926.691025
27.375,33,10927.290999
27.25,33,10927.928016
26.625,33,10928.592363
5.75,7,10928.740402
26.625,33,10929.345752
27.875,33,10929.97356
5.75,7,10930.107447
27.25,33,10930.705893
27.166667,33,10931.307164
5.75,7,10931.457085
26.541667,33,10932.073646
5.791667,7,10932.223669
27.166667,33,10932.840269
28.333333,33,10933.440226
5.791667,7,10933.573468
27.375,33,10934.222971
9.583333,11,10934.440043
27.25,33,10935.0566
2.791667,4,10935.139896
27.291667,33,10935.771931
5.75,7,10935.92313
27.875,33,10936.526505
2.75,4,10936.623149
10.416667,12,10936.856015
27.166667,33,10937.456331
27.875,33,10938.056192
27.625,33,10938.678158
27.166667,33,10939.289395
5.791667,7,10939.42484
27.833333,33,10940.026027
5.75,7,10940.157598
27.833333,33,10940.756022
27.291667,33,10941.376112
26.833333,33,10942.026153
27.291667,33,10942.639026
27.791667,33,10943.222204
26.541667,33,10943.82551
5.75,7,10943.972174
9.666667,11,10944.205478
4.666667,6,10944.338683
27.208333,33,10944.942074
5.75,7,10945.091096
2.75,4,10945.171995
5.75,7,10945.321902
26.208333,33,10945.95515
27.583333,33,10946.538503
27.958333,33,10947.158406
26.666667,33,10949.238037
5.75,7,10949.438052
5.625,7,10949.607223
9.625,11,10949.841416
27.291667,33,10950.457966
27.166667,33,10951.058115
27.333333,33,10951.674562
27.166667,33,10952.294004
27.291667,33,10952.907676
26.833333,33,10953.522623
27.458333,33,10954.154113
27.25,33,10954.754088
26.583333,33,10955.337242
27.166667,33,10956.024218
26.791667,33,10956.637133
5.75,7,10956.787088
28.25,33,10957.390357
27.833333,33,10958.020239
9.291667,11,10958.25522
27.125,33,10958.85353
26.458333,33,10959.486717
9.625,11,10959.706709
27.875,33,10960.303308
26.791667,33,10960.903208
5.791667,7,10961.055084
27.916667,33,10961.639815
5.791667,7,10961.786503
27.333333,33,10962.40299
5.75,7,10962.552611
5.333333,7,10962.68977
9.541667,11,10962.903002
5.791667,7,10963.052927
27.291667,33,10963.652885
5.75,7,10963.806423
5.75,7,10963.945624
27.25,33,10964.556346
2.75,4,10964.652704
27.25,33,10965.269316
2.75,4,10965.352726
27.833333,33,10965.987984
26.625,33,10966.602424
26.625,33,10967.23574
26.666667,33,10967.835742
27.708333,33,10968.418875
27.291667,33,10969.072073
27.166667,33,10969.68547
26.583333,33,10970.270396
27.208333,33,10973.18676
26.625,33,10973.796369
27.125,33,10974.501019
26.708333,33,10975.117966
27.708333,33,10975.721227
27.875,33,10976.351245
27.875,33,10976.951093
27.25,33,10977.551004
9.583333,11,10977.789107
9.541667,11,10978.000952
27.375,33,10978.604231
5.833333,7,10978.750936
27.958333,33,10979.366141
26.208333,33,10979.984003
27.875,33,10980.570714
27.208333,33,10981.153848
27.291667,33,10981.787329
27.083333,33,10982.404561
2.791667,4,10982.483679
27.25,33,10983.083615
26.666667,33,10983.75384
5.791667,7,10983.902202
27.291667,33,10984.520591
27.291667,33,10985.145247
27.791667,33,10985.736148
26.5,33,10986.349875
28.0,33,10986.944988
5.75,7,10987.086569
9.583333,11,10987.299787
27.458333,33,10987.899621
27.791667,33,10988.51623
13.041667,17,10988.848257
26.291667,33,10989.481432
26.708333,33,10990.071396
27.291667,33,10992.186094
27.916667,33,10992.802532
26.708333,33,10993.398989
5.75,7,10993.547049
2.75,4,10993.631881
9.625,11,10993.848896
27.375,33,10994.448849
27.041667,33,10995.070286
27.208333,33,10995.665226
5.833333,7,10995.820571
27.833333,33,10996.467125
9.625,11,10996.693292
26.666667,33,10997.301851
28.375,33,10997.914103
27.208333,33,10998.518185
27.5,33,10999.13713
9.625,11,10999.364817
5.75,7,10999.514774
5.791667,7,10999.664363
27.875,33,11000.264742
27.291667,33,11000.86457
9.208333,11,11001.101371
27.291667,33,11001.734671
10.333333,12,11001.98129
26.583333,33,11002.581129
27.875,33,11003.192169
27.25,33,11003.814211
27.875,33,11004.450841
26.333333,33,11005.067569
2.75,4,11005.14745
26.291667,33,11005.783955
27.458333,33,11006.380642
26.791667,33,11007.000621
26.75,33,11007.617353
26.583333,33,11008.230262
27.125,33,11008.845648
27.125,33,11009.430187
27.25,33,11010.063497
27.25,33,11010.683233
27.25,33,11011.346559
27.541667,33,11011.969984
27.333333,33,11012.613047
27.291667,33,11013.213026
27.333333,33,11013.846261
26.5,33,11014.479551
27.791667,33,11015.062747
5.708333,7,11015.21657
26.208333,33,11015.812617
27.875,33,11016.412651
27.125,33,11017.014412
28.0,33,11017.633024
28.333333,33,11018.22901
27.333333,33,11018.828983
26.833333,33,11019.449355
27.125,33,11020.045059
27.083333,33,11020.662053
9.166667,11,11020.878758
27.291667,33,11021.4829
27.291667,33,11022.081821
26.875,33,11022.684587
9.333333,11,11022.911713
27.125,33,11023.518545
5.75,7,11023.66157
27.833333,33,11024.280436
9.625,11,11024.509637
26.708333,33,11025.109689
9.541667,11,11025.31471
2.75,4,11025.411395
27.333333,33,11026.014647
5.75,7,11026.16136
5.666667,7,11026.31329
27.208333,33,11026.96077
27.083333,33,11027.561425
5.791667,7,11027.714053
27.916667,33,11028.298213
5.708333,7,11028.44593
5.666667,7,11028.604252
5.791667,7,11028.751673
5.833333,7,11028.894193
5.75,7,11029.030916
27.166667,33,11029.664166
5.708333,7,11029.807017
5.75,7,11029.944211
2.75,4,11030.027423
27.333333,33,11032.243903
27.375,33,11032.877165
27.291667,33,11033.465475
27.333333,33,11034.096582
26.541667,33,11034.703403
5.75,7,11034.82684
26.291667,33,11035.430167
12.541667,16,11035.746873
26.541667,33,11036.343292
28.25,33,11036.959879
5.666667,7,11037.107044
26.875,33,11037.699945
27.0,33,11038.365091
27.125,33,11038.994791
26.083333,33,11039.609533
27.125,33,11040.20945
26.75,33,11040.812601
5.791667,7,11040.96286
27.875,33,11041.545584
27.625,33,11042.142513
9.625,11,11042.375849
11.583333,15,11042.701323
27.333333,33,11043.299388
5.625,7,11043.442353
27.083333,33,11044.042249
5.75,7,11044.194123
26.791667,33,11044.808985
5.75,7,11044.962683
5.666667,7,11045.107197
26.5,33,11045.69527
27.333333,33,11046.295367
27.291667,33,11046.911982
27.833333,33,11047.508453
27.25,33,11048.129233
27.916667,33,11048.725309
28.375,33,11049.358235
5.75,7,11049.511788
27.125,33,11050.190435
9.458333,11,11050.408085
27.25,33,11051.024664
27.791667,33,11051.657967
25.541667,33,11052.357977
9.541667,11,11052.607874
27.125,33,11053.294448
5.75,7,11053.457729
26.583333,33,11054.175706
27.833333,33,11054.840896
27.25,33,11055.542866
27.083333,33,11056.172698
9.583333,11,11056.402254
3.458333,5,11056.507325
27.833333,33,11057.143922
5.708333,7,11057.293912
27.291667,33,11057.923769
27.291667,33,11058.523685
5.75,7,11058.677639
5.708333,7,11058.82362
27.708333,33,11059.456989
27.5,33,11060.090136
27.875,33,11060.689994
27.833333,33,11061.311658
5.791667,7,11061.459976
27.166667,33,11062.089972
27.791667,33,11062.739842
5.75,7,11062.889789
26.791667,33,11063.473057
27.291667,33,11064.108481
27.5,33,11064.726567
27.25,33,11065.342745
27.25,33,11065.966077
27.833333,33,11066.622608
27.125,33,11067.224426
27.25,33,11067.837752
27.25,33,11068.455736
9.625,11,11068.688991
27.416667,33,11069.392739
26.666667,33,11070.125396
5.75,7,11070.292381
27.833333,33,11073.671658
27.291667,33,11075.974891
27.25,33,11076.604718
28.083333,33,11077.226935
27.25,33,11077.860239
26.625,33,11078.471052
5.791667,7,11078.623152
5.75,7,11078.771034
27.291667,33,11079.404344
5.75,7,11079.554281
26.875,33,11080.187579
5.791667,7,11080.337484
9.666667,11,11080.554201
26.625,33,11081.154079
27.208333,33,11081.807382
5.75,7,11081.954057
27.833333,33,11082.537186
26.583333,33,11083.152706
27.791667,33,11083.755618
27.208333,33,11084.370375
9.666667,11,11084.608706
9.625,11,11084.822581
27.083333,33,11085.454179
26.0,33,11086.073264
27.125,33,11086.719604
5.75,7,11086.869935
27.875,33,11087.489988
28.25,33,11088.123219
26.916667,33,11088.719704
26.625,33,11089.323039
26.625,33,11089.971517
27.25,33,11090.586157
27.791667,33,11091.18614
27.291667,33,11091.806328
27.875,33,11092.452566
5.791667,7,11092.585886
5.791667,7,11092.735862
27.333333,33,11093.422554
9.583333,11,11093.650956
26.416667,33,11094.245761
27.375,33,11094.85565
27.208333,33,11095.452254
27.25,33,11096.054006
5.708333,7,11096.205616
9.583333,11,11096.430605
27.166667,33,11097.052016
27.833333,33,11097.647146
9.625,11,11097.8685
5.75,7,11098.018555
26.541667,33,11098.606703
27.833333,33,11099.220649
27.375,33,11099.818321
27.166667,33,11100.442854
26.625,33,11101.051486
27.083333,33,11101.654762
5.75,7,11101.789764
28.0,33,11102.384675
27.333333,33,11103.001263
27.333333,33,11103.617844
5.75,7,11103.754512
27.291667,33,11104.368864
26.916667,33,11104.972942
26.583333,33,11105.591606
27.208333,33,11106.204096
26.583333,33,11106.800728
2.791667,4,11106.90133
26.708333,33,11107.53351
10.166667,13,11107.800559
27.791667,33,11108.387575
2.791667,4,11108.48343
27.833333,33,11109.100509
27.875,33,11109.7485
5.75,7,11109.917078
27.25,33,11110.566858
5.75,7,11110.70022
27.25,33,11111.316741
5.75,7,11111.471003
27.291667,33,11112.115328
5.791667,7,11112.251554
5.791667,7,11112.385337
5.791667,7,11112.549288
26.666667,33,11113.166499
27.291667,33,11113.761641
27.916667,33,11115.815199
26.916667,33,11116.51616
27.208333,33,11117.199368
27.333333,33,11117.800849
27.333333,33,11118.399246
27.791667,33,11118.982463
27.125,33,11119.600921
27.208333,33,11120.182219
26.833333,33,11120.848921
27.875,33,11121.465359
27.166667,33,11122.031965
9.666667,11,11122.28259
5.791667,7,11122.43817
26.25,33,11123.03353
27.166667,33,11123.66519
9.208333,11,11123.900058
26.541667,33,11124.49843
9.541667,11,11124.720413
27.333333,33,11125.330378
27.333333,33,11125.914913
5.625,7,11126.064844
27.791667,33,11126.681363
27.833333,33,11127.381319
26.541667,33,11128.01458
27.291667,33,11128.632892
27.333333,33,11129.267773
28.0,33,11129.880887
26.333333,33,11130.471368
9.75,13,11130.732989
9.708333,12,11130.963787
27.291667,33,11131.56607
26.75,33,11132.166577
27.416667,33,11132.780575
9.666667,11,11132.999258
26.666667,33,11133.613837
27.25,33,11134.263917
27.25,33,11134.863841
27.833333,33,11135.546872
27.333333,33,11136.163439
27.333333,33,11136.780164
27.916667,33,11137.380019
28.25,33,11137.996551
26.291667,33,11138.596539
5.708333,7,11138.746495
5.75,7,11138.899149
27.625,33,11139.513102
27.25,33,11140.129633
27.375,33,11140.72961
27.333333,33,11141.329488
27.875,33,11141.912874
5.75,7,11142.062689
5.75,7,11142.212733
5.333333,7,11142.362633
5.416667,7,11142.511558
5.5,7,11142.64601
5.791667,7,11142.794484
27.083333,33,11143.512483
27.791667,33,11144.145917
27.125,33,11144.764354
28.083333,33,11145.37892
5.5,7,11145.52891
27.333333,33,11146.114233
2.833333,4,11146.195523
27.25,33,11146.814115
27.625,33,11147.462627
27.25,33,11148.061924
27.958333,33,11148.728546
26.583333,33,11149.345108
26.625,33,11149.946645
5.791667,7,11150.10285
5.541667,7,11150.24499
5.5,7,11150.380434
5.75,7,11150.533353
27.833333,33,11151.161556
27.875,33,11151.744777
27.291667,33,11152.395278
2.791667,4,11152.477976
26.625,33,11153.111264
26.708333,33,11153.711235
2.75,4,11153.811269
27.291667,33,11154.427754
27.333333,33,11156.498093
27.25,33,11157.11075
27.791667,33,11157.710614
27.791667,33,11158.310607
27.375,33,11158.912919
27.25,33,11159.526675
3.791667,5,11159.627125
27.25,33,11160.227017
27.875,33,11160.828517
27.833333,33,11161.400499
27.166667,33,11162.010084
28.375,33,11162.643306
9.583333,11,11162.861982
2.791667,4,11162.943239
5.791667,7,11163.09725
27.833333,33,11163.706007
27.875,33,11164.303969
5.75,7,11164.443046
27.375,33,11165.026438
27.125,33,11165.644544
27.291667,33,11166.259554
27.833333,33,11166.859464
27.25,33,11167.496611
9.458333,11,11167.699562
26.625,33,11168.306633
5.791667,7,11168.459224
27.333333,33,11169.042484
27.333333,33,11169.661103
26.5,33,11170.259026
27.208333,33,11170.87556
26.166667,33,11171.458882
26.666667,33,11172.042129
27.375,33,11174.875255
5.75,7,11175.02511
26.458333,33,11175.625057
9.541667,11,11175.96192
27.083333,33,11176.619356
27.375,33,11177.241458
26.666667,33,11177.890931
27.208333,33,11178.50757
27.333333,33,11179.124639
27.791667,33,11179.724393
28.333333,33,11180.325998
26.666667,33,11180.907677
27.166667,33,11181.540947
5.666667,7,11181.706383
27.791667,33,11182.290758
27.333333,33,11182.940667
27.291667,33,11183.574032
27.416667,33,11184.208701
10.458333,13,11184.457134
28.208333,33,11185.05664
9.416667,11,11185.275817
9.666667,11,11185.507049
27.166667,33,11186.122303
27.791667,33,11186.723507
27.416667,33,11187.325578
27.291667,33,11187.958778
27.791667,33,11188.539968
5.75,7,11188.689896
5.666667,7,11188.84812
27.875,33,11189.439842
26.791667,33,11190.073069
26.666667,33,11190.706287
5.583333,7,11190.85643
26.458333,33,11191.42293
27.958333,33,11192.05679
26.583333,33,11192.660558
27.958333,33,11193.262275
27.166667,33,11193.88939
27.125,33,11194.505828
5.75,7,11194.672447
26.833333,33,11195.267836
5.75,7,11195.405704
27.958333,33,11195.988966
27.291667,33,11198.087396
27.833333,33,11198.821947
27.916667,33,11199.423591
26.5,33,11200.021846
27.791667,33,11200.621756
9.625,11,11200.856988
27.875,33,11201.455573
9.666667,11,11201.654891
27.208333,33,11202.254782
28.333333,33,11202.921377
26.583333,33,11203.537995
26.416667,33,11204.17122
26.625,33,11204.806091
8.625,10,11205.02127
28.041667,33,11205.621
27.958333,33,11206.206433
27.375,33,11206.822442
26.708333,33,11207.470348
5.75,7,11207.620922
5.75,7,11207.787025
26.666667,33,11208.403993
26.125,33,11209.003874
27.333333,33,11209.639178
27.0,33,11210.255733
5.791667,7,11210.403694
26.666667,33,11211.003657
5.791667,7,11211.137007
27.208333,33,11211.772302
27.125,33,11212.370145
26.791667,33,11213.003392
27.875,33,11213.605317
27.958333,33,11214.236579
27.833333,33,11214.836546
27.833333,33,11215.436405
27.833333,33,11216.052598
27.791667,33,11216.638222
27.708333,33,11217.236084
26.875,33,11217.869566
26.333333,33,11218.469362
27.875,33,11219.069263
27.25,33,11219.669189
27.291667,33,11220.287755
27.333333,33,11220.918997
5.708333,7,11221.069099
27.875,33,11221.668994
27.875,33,11222.268826
27.333333,33,11222.902123
26.791667,33,11223.485265
9.25,12,11223.720648
26.791667,33,11224.351863
27.166667,33,11224.951755
27.833333,33,11225.551693
26.625,33,11226.14983
5.333333,7,11226.285009
26.583333,33,11226.918263
28.208333,33,11227.518101
27.291667,33,11228.120111
27.291667,33,11228.718036
5.833333,7,11228.868008
27.375,33,11229.467914
26.708333,33,11230.067791
5.75,7,11230.217831
28.083333,33,11230.834991
26.541667,33,11231.467664
2.75,4,11231.567588
26.541667,33,11232.184266
27.333333,33,11232.800882
27.875,33,11233.41743
27.833333,33,11234.035682
27.125,33,11234.650495
26.958333,33,11235.284209
5.625,7,11235.443818
26.625,33,11236.050369
26.583333,33,11238.216766
9.458333,11,11238.466768
10.958333,14,11238.766774
26.625,33,11239.368195
27.333333,33,11240.007389
27.5,33,11240.618421
27.25,33,11241.232583
2.791667,4,11241.318444
27.25,33,11241.931821
5.75,7,11242.06826
27.625,33,11242.71618
9.625,11,11242.950922
2.75,4,11243.045665
27.833333,33,11243.643613
26.625,33,11244.268689
26.208333,33,11244.865862
26.583333,33,11245.450779
26.666667,33,11246.069096
5.75,7,11246.224445
5.75,7,11246.365689
26.666667,33,11246.96906
5.791667,7,11247.119002
2.75,4,11247.198882
27.708333,33,11247.78217
9.541667,11,11248.016069
9.625,11,11248.237915
27.375,33,11248.863515
27.333333,33,11249.45191
27.875,33,11250.067088
27.833333,33,11250.681791
26.208333,33,11251.283849
27.833333,33,11251.881609
5.75,7,11252.031664
26.416667,33,11252.648877
27.875,33,11253.248064
27.25,33,11253.847993
27.208333,33,11254.467251
5.791667,7,11254.619031
2.75,4,11254.697977
27.208333,33,11255.301213
26.583333,33,11255.897734
5.625,7,11256.05209
27.333333,33,11256.653934
26.666667,33,11257.267655
5.75,7,11257.414266
5.708333,7,11257.564189
5.75,7,11257.71425
26.625,33,11258.29748
5.541667,7,11258.466071
27.25,33,11259.113982
26.791667,33,11259.75056
5.75,7,11259.897227
27.833333,33,11260.497135
27.291667,33,11261.095852
27.125,33,11261.716979
5.75,7,11261.850374
27.375,33,11262.463541
5.75,7,11262.6153
28.333333,33,11263.200183
5.75,7,11263.348431
27.291667,33,11263.962087
27.166667,33,11264.578793
27.791667,33,11265.163189
26.583333,33,11265.779812
27.166667,33,11266.382928
5.75,7,11266.531585
5.75,7,11266.664872
27.875,33,11267.262956
27.291667,33,11267.87968
26.666667,33,11268.529402
26.583333,33,11269.146082
26.625,33,11269.762563
27.083333,33,11270.367089
26.666667,33,11270.96251
26.666667,33,11274.628668
26.625,33,11275.245172
26.625,33,11275.911843
27.541667,33,11276.578006
27.583333,33,11277.161726
26.208333,33,11277.764151
5.75,7,11277.920306
27.25,33,11278.51671
27.208333,33,11279.12798
5.625,7,11279.265398
2.75,4,11279.34464
5.791667,7,11279.500545
28.458333,33,11281.660962
27.291667,33,11282.280935
27.5,33,11282.8982
27.0,33,11283.51612
27.291667,33,11284.127409
25.916667,33,11284.727467
27.291667,33,11285.347297
27.916667,33,11286.001637
26.583333,33,11286.600634
27.583333,33,11287.202439
27.833333,33,11287.826885
27.333333,33,11288.42684
26.958333,33,11289.026775
27.208333,33,11289.646569
26.625,33,11290.258644
27.333333,33,11290.846611
27.875,33,11291.429729
27.583333,33,11292.043116
19.291667,24,11292.525897
5.833333,7,11292.661202
27.833333,33,11293.258228
26.291667,33,11293.858278
5.5,7,11294.003699
5.375,7,11294.14492
27.958333,33,11294.745977
5.458333,7,11294.897068
27.791667,33,11295.503417
27.208333,33,11296.109075
27.291667,33,11296.725732
27.291667,33,11297.327584
27.833333,33,11297.908894
27.791667,33,11298.610388
26.208333,33,11299.211751
27.333333,33,11299.811986
27.291667,33,11300.441926
2.791667,4,11300.527163
27.833333,33,11301.125119
5.75,7,11301.278238
27.875,33,11301.861656
27.166667,33,11302.475137
27.958333,33,11303.124861
26.666667,33,11303.724861
26.541667,33,11304.361463
27.333333,33,11305.024646
25.666667,33,11305.657877
27.291667,33,11306.274081
15.875,21,11306.678255
26.333333,33,11307.307744
27.375,33,11307.92763
5.791667,7,11308.061007
27.333333,33,11308.642804
27.875,33,11309.26086
26.791667,33,11309.877687
27.291667,33,11310.492197
27.916667,33,11311.113005
26.625,33,11311.722521
17.666667,22,11312.140372
27.916667,33,11312.723676
5.75,7,11312.877096
26.75,33,11313.556853
5.75,7,11313.710177
5.791667,7,11313.856829
5.791667,7,11314.013169
5.583333,7,11314.173458
8.666667,10,11314.373353
27.75,33,11314.990043
27.208333,33,11315.61001
27.333333,33,11316.223109
27.958333,33,11316.808028
26.583333,33,11317.406319
27.958333,33,11318.038328
27.083333,33,11318.639452
5.541667,7,11318.7928
27.666667,33,11319.406138
27.208333,33,11321.589503
5.791667,7,11321.742526
26.625,33,11322.390986
2.791667,4,11322.48894
9.458333,12,11322.726279
27.916667,33,11323.322245
5.75,7,11323.457208
27.25,33,11324.073207
27.166667,33,11324.68877
27.375,33,11325.305271
9.625,11,11325.538602
27.375,33,11326.13848
2.791667,4,11326.225964
27.333333,33,11326.842172
27.75,33,11327.471661
26.666667,33,11328.089261
27.875,33,11328.738173
27.291667,33,11329.338089
27.833333,33,11329.937962
5.75,7,11330.074595
5.75,7,11330.22512
27.208333,33,11330.856302
27.875,33,11331.457836
26.666667,33,11332.054437
5.75,7,11332.187773
27.916667,33,11332.804337
26.583333,33,11333.47083
5.75,7,11333.624934
26.291667,33,11334.237376
5.75,7,11334.38736
26.708333,33,11335.004003
5.708333,7,11335.153996
27.833333,33,11335.775607
26.625,33,11336.374742
27.916667,33,11336.98694
26.583333,33,11337.605666
27.25,33,11338.220231
28.166667,33,11338.82013
27.833333,33,11339.438721
26.541667,33,11340.056751
26.791667,33,11340.656788
5.833333,7,11340.806661
27.166667,33,11341.469763
13.708333,17,11341.805116
9.625,11,11342.039948
27.333333,33,11342.656663
27.291667,33,11343.252897
27.291667,33,11343.874625
27.791667,33,11344.470836
27.125,33,11345.071748
27.416667,33,11345.684747
27.125,33,11346.301269
26.416667,33,11346.922529
10.291667,13,11347.172467
2.791667,4,11347.255903
5.791667,7,11347.402388
27.083333,33,11348.039158
26.625,33,11348.652212
26.375,33,11349.272169
26.708333,33,11349.922229
27.291667,33,11350.585434
27.875,33,11351.168622
27.375,33,11351.823807
26.291667,33,11352.522199
27.25,33,11353.164423
27.75,33,11353.768203
26.625,33,11354.363604
9.708333,11,11354.601442
27.875,33,11355.201431
27.833333,33,11355.801259
5.75,7,11355.9465
5.75,7,11356.087921
26.583333,33,11356.687996
5.75,7,11356.844445
8.666667,10,11357.046243
5.791667,7,11357.20107
27.5,33,11357.789545
5.75,7,11357.941151
27.083333,33,11358.582162
27.291667,33,11359.240991
5.75,7,11359.383718
27.833333,33,11361.467314
26.208333,33,11362.170555
27.916667,33,11362.784496
27.25,33,11363.436548
27.875,33,11364.050278
27.875,33,11364.666759
26.625,33,11365.270296
27.25,33,11365.898522
5.708333,7,11366.041119
26.75,33,11366.6481
2.791667,4,11366.739593
27.625,33,11367.340837
27.333333,33,11367.966468
5.75,7,11368.133867
5.791667,7,11368.266247
27.291667,33,11368.899527
26.625,33,11369.566202
27.375,33,11370.186176
5.75,7,11370.334596
5.375,7,11370.466004
2.75,4,11370.564291
27.291667,33,11371.171964
27.25,33,11371.782485
9.375,11,11372.002573
26.708333,33,11372.599029
27.25,33,11373.219228
26.625,33,11375.485276
27.291667,33,11376.102288
2.75,4,11376.19882
5.791667,7,11376.365205
27.958333,33,11377.098457
27.25,33,11377.698457
2.75,4,11377.801867
27.166667,33,11378.416772
27.125,33,11379.051707
27.208333,33,11379.664862
27.125,33,11380.300136
5.833333,7,11380.468447
9.458333,11,11380.714658
27.25,33,11381.314689
27.291667,33,11381.964509
27.291667,33,11382.581198
27.291667,33,11383.199645
26.708333,33,11383.833065
26.583333,33,11384.450868
27.708333,33,11385.08424
27.25,33,11385.717557
27.333333,33,11386.313985
27.875,33,11386.948893
26.75,33,11387.550382
27.791667,33,11388.199157
27.166667,33,11388.830423
27.875,33,11389.480158
9.625,11,11389.713459
27.291667,33,11390.333564
26.833333,33,11390.93609
27.833333,33,11391.546557
27.25,33,11392.179828
27.083333,33,11392.783054
26.583333,33,11393.41303
26.75,33,11394.061668
2.791667,4,11394.146204
26.666667,33,11394.762864
27.208333,33,11395.382719
27.291667,33,11396.051279
5.791667,7,11396.212733
26.75,33,11396.832712
27.375,33,11397.445822
27.541667,33,11398.08132
5.791667,7,11398.229047
26.625,33,11398.862352
27.291667,33,11399.512255
28.166667,33,11400.128776
27.916667,33,11400.747303
5.75,7,11400.894381
13.375,16,11401.210431
27.333333,33,11401.812021
27.291667,33,11403.882193
9.666667,11,11404.14844
5.75,7,11404.311578
26.625,33,11404.947994
26.125,33,11405.563198
27.083333,33,11406.161345
5.708333,7,11406.313387
27.166667,33,11406.944551
26.666667,33,11407.577862
27.625,33,11408.161143
26.75,33,11408.801488
26.583333,33,11409.416894
5.791667,7,11409.580123
28.041667,33,11410.244255
2.791667,4,11410.330998
27.25,33,11410.950871
26.875,33,11411.57731
27.916667,33,11412.19673
27.75,33,11412.813721
5.75,7,11412.960427
27.291667,33,11413.580297
27.125,33,11414.210286
5.75,7,11414.362391
5.791667,7,11414.513634
9.583333,11,11414.726877
2.791667,4,11414.810312
27.875,33,11415.501328
26.166667,33,11416.143419
5.708333,7,11416.278592
27.333333,33,11416.876527
26.625,33,11417.513255
27.875,33,11418.129671
27.208333,33,11418.72816
26.666667,33,11419.381151
28.0,33,11420.007734
27.333333,33,11420.60951
27.291667,33,11421.2296
27.333333,33,11421.84602
27.25,33,11422.475968
27.875,33,11423.077905
27.333333,33,11423.775746
27.166667,33,11424.408927
5.75,7,11424.56254
27.333333,33,11425.158811
5.791667,7,11425.312202
27.791667,33,11425.942047
27.208333,33,11426.546951
27.541667,33,11427.158527
26.666667,33,11427.778832
5.708333,7,11427.930248
26.416667,33,11428.541711
5.75,7,11428.695248
26.75,33,11429.31173
9.625,11,11429.543396
27.166667,33,11430.173455
27.125,33,11430.791325
5.625,7,11430.944808
27.166667,33,11431.574647
9.458333,11,11431.795335
26.75,33,11432.428241
26.625,33,11433.044363
26.791667,33,11433.694375
28.333333,33,11434.327551
27.375,33,11434.974154
10.541667,12,11435.229085
5.75,7,11435.374117
27.791667,33,11435.994679
27.25,33,11436.724585
27.75,33,11437.507336
5.75,7,11437.690538
5.416667,7,11437.857495
27.375,33,11438.647459
27.333333,33,11439.34047
27.291667,33,11439.977186
5.708333,7,11440.126724
27.333333,33,11440.773394
27.25,33,11441.406654
5.75,7,11441.55631
26.625,33,11442.16008
27.375,33,11442.773156
5.75,7,11442.909877
27.25,33,11443.543128
27.958333,33,11445.677519
26.666667,33,11446.306079
26.625,33,11446.939234
27.208333,33,11447.558409
27.333333,33,11448.174414
26.875,33,11448.80583
27.916667,33,11449.472282
27.875,33,11450.108964
5.75,7,11450.277405
27.166667,33,11450.925464
27.541667,33,11451.558859
2.75,4,11451.655288
28.0,33,11452.304101
27.958333,33,11452.927215
27.375,33,11453.557128
27.833333,33,11454.188469
12.416667,15,11454.504995
27.208333,33,11455.138317
27.875,33,11455.772441
27.375,33,11456.374795
27.291667,33,11457.009892
2.791667,4,11457.106375
28.25,33,11457.721205
10.208333,13,11457.991251
27.375,33,11458.62475
5.833333,7,11458.774384
5.75,7,11458.921015
5.791667,7,11459.071014
27.833333,33,11459.689338
26.291667,33,11460.306725
28.208333,33,11460.920835
5.625,7,11461.07591
5.791667,7,11461.224145
26.666667,33,11461.825926
27.333333,33,11462.419344
27.875,33,11463.024
27.291667,33,11463.690476
27.958333,33,11464.328919
9.625,11,11464.555723
27.333333,33,11465.186899
27.958333,33,11465.806975
9.666667,11,11466.040292
27.375,33,11466.636662
27.25,33,11467.27186
9.708333,11,11467.492616
27.125,33,11468.132636
5.833333,7,11468.269847
26.25,33,11468.903104
27.333333,33,11469.536304
27.333333,33,11470.154665
9.625,11,11470.371503
27.458333,33,11470.968096
9.666667,11,11471.186066
2.791667,4,11471.272725
27.25,33,11471.90627
27.291667,33,11472.524531
5.375,7,11472.685994
27.25,33,11473.302498
27.291667,33,11473.969106
26.875,33,11474.602419
27.791667,33,11477.888493
27.958333,33,11478.551831
9.625,11,11478.853777
9.625,11,11479.101823
27.291667,33,11479.755021
26.916667,33,11480.372625
27.291667,33,11480.984853
5.75,7,11481.134424
27.291667,33,11481.721403
26.708333,33,11482.338583
27.125,33,11482.937321
9.541667,11,11483.147378
5.75,7,11483.286365
27.916667,33,11483.922596
27.166667,33,11484.551104
27.791667,33,11485.154254
27.25,33,11485.770767
5.583333,7,11485.900764
27.291667,33,11486.500847
28.375,33,11488.47124
2.791667,4,11488.584071
2.791667,4,11488.687236
5.75,7,11488.86715
27.916667,33,11489.500481
26.25,33,11490.102952
27.333333,33,11490.683538
5.791667,7,11490.820268
27.375,33,11491.444357
26.416667,33,11492.050018
26.666667,33,11492.649977
27.208333,33,11493.253139
5.833333,7,11493.399924
9.625,11,11493.636011
12.291667,15,11493.91653
27.333333,33,11494.534905
26.583333,33,11495.116344
9.625,11,11495.352951
26.166667,33,11495.972305
27.291667,33,11496.569391
27.458333,33,11497.14938
26.75,33,11497.771151
9.583333,11,11498.002733
26.666667,33,11498.602646
26.958333,33,11499.202195
27.583333,33,11499.835211
23.291667,28,11500.352244
9.583333,11,11500.565598
27.833333,33,11501.165412
26.666667,33,11501.782109
26.25,33,11502.41907
5.75,7,11502.571087
27.291667,33,11503.148175
5.75,7,11503.282026
26.625,33,11503.898514
27.833333,33,11504.515034
27.333333,33,11505.115072
9.625,11,11505.331722
27.125,33,11505.984885
26.291667,33,11506.652987
27.916667,33,11507.247984
5.791667,7,11507.386544
27.166667,33,11507.997965
2.75,4,11508.081361
27.416667,33,11508.734443
27.291667,33,11509.331159
27.333333,33,11509.984423
27.125,33,11510.61431
27.333333,33,11511.21782
5.791667,7,11511.364237
27.958333,33,11511.979518
2.833333,4,11512.070933
5.75,7,11512.214012
27.291667,33,11512.833625
9.791667,12,11513.083987
27.625,33,11513.682341
26.75,33,11514.297095
5.833333,7,11514.447066
26.666667,33,11515.083771
27.208333,33,11515.681828
25.75,33,11516.296464
27.333333,33,11516.903769
27.875,33,11517.516661
28.125,33,11518.133241
5.833333,7,11518.279921
5.791667,7,11518.429845
27.333333,33,11519.053042
9.791667,12,11519.29985
26.666667,33,11519.916667
27.291667,33,11520.517997
27.375,33,11521.133003
27.375,33,11521.762836
5.583333,7,11521.914564
27.333333,33,11522.516268
26.708333,33,11523.129375
27.25,33,11523.765959
26.791667,33,11524.365737
26.666667,33,11524.979042
26.291667,33,11525.567615
27.125,33,11526.200558
5.791667,7,11526.345476
27.25,33,11526.948793
26.583333,33,11529.02843
27.666667,33,11529.631849
9.625,11,11529.845085
27.083333,33,11530.444928
9.708333,11,11530.677083
26.333333,33,11531.264748
26.958333,33,11531.878163
27.833333,33,11532.46475
27.333333,33,11533.148013
28.291667,33,11533.763041
27.375,33,11534.400341
27.833333,33,11535.007284
27.583333,33,11535.614458
11.166667,14,11535.898283
5.666667,7,11536.044173
27.333333,33,11536.644313
26.875,33,11537.245978
5.791667,7,11537.377391
9.333333,11,11537.605898
27.333333,33,11538.209052
9.666667,11,11538.42723
5.708333,7,11538.577284
5.333333,7,11538.747323
26.416667,33,11539.347132
5.791667,7,11539.482357
5.625,7,11539.627115
27.416667,33,11540.263688
27.375,33,11540.880475
26.625,33,11541.505687
27.291667,33,11542.113524
5.75,7,11542.245216
26.708333,33,11542.852992
27.958333,33,11543.480089
27.25,33,11544.109758
5.791667,7,11544.261765
18.625,24,11544.709749
2.791667,4,11544.795811
5.791667,7,11544.929928
9.666667,11,11545.170737
26.666667,33,11545.780137
5.541667,7,11545.926292
27.541667,33,11546.526276
5.666667,7,11546.675754
27.375,33,11547.259506
27.416667,33,11547.90265
9.583333,11,11548.113531
27.416667,33,11548.709219
27.791667,33,11549.325806
27.291667,33,11549.963014
5.708333,7,11550.107259
26.708333,33,11550.70417
27.25,33,11551.299987
27.875,33,11551.912416
27.291667,33,11552.495544
27.625,33,11553.113777
5.666667,7,11553.262098
27.166667,33,11553.878542
5.75,7,11554.043833
9.625,11,11554.275173
27.333333,33,11554.891817
9.625,11,11555.111842
27.958333,33,11555.693696
27.208333,33,11556.308213
27.75,33,11556.928431
28.375,33,11557.528162
28.291667,33,11558.141975
5.833333,7,11558.29464
26.25,33,11558.896847
27.916667,33,11559.526212
26.666667,33,11560.144467
5.416667,7,11560.290994
27.291667,33,11560.960913
27.291667,33,11561.557632
27.333333,33,11562.15753
27.625,33,11562.777681
28.0,33,11563.392237
28.333333,33,11564.012149
27.791667,33,11564.643794
27.875,33,11565.242384
9.666667,11,11565.473657
27.375,33,11566.042383
13.125,16,11566.356935
5.791667,7,11566.506861
5.75,7,11566.643593
26.791667,33,11568.710139
28.333333,33,11569.359953
27.875,33,11570.009915
27.833333,33,11570.649123
26.708333,33,11571.273044
26.583333,33,11571.88956
27.333333,33,11572.492745
27.416667,33,11573.092676
5.708333,7,11573.243002
5.625,7,11573.392659
26.375,33,11574.04296
27.375,33,11574.661239
26.875,33,11575.261616
9.583333,11,11575.491484
27.375,33,11578.316045
27.333333,33,11578.910236
26.666667,33,11579.590473
9.583333,11,11579.841719
2.75,4,11579.938481
27.25,33,11580.592223
28.333333,33,11581.188317
9.708333,11,11581.424895
5.791667,7,11581.558244
27.291667,33,11582.171945
27.333333,33,11582.808267
27.416667,33,11583.420069
10.833333,15,11583.704568
27.875,33,11584.337848
28.416667,33,11584.939039
27.25,33,11585.554383
27.416667,33,11586.157716
27.791667,33,11586.790967
28.25,33,11587.441466
27.333333,33,11588.070697
5.458333,7,11588.224053
9.625,11,11588.440969
5.541667,7,11588.590795
27.333333,33,11589.224051
9.541667,11,11589.455416
5.75,7,11589.603879
5.458333,7,11589.742433
27.333333,33,11590.372303
26.625,33,11591.002524
27.375,33,11591.603665
27.0,33,11592.236793
26.375,33,11592.873379
27.333333,33,11593.489981
27.375,33,11594.102859
5.833333,7,11594.253234
28.166667,33,11594.872017
27.291667,33,11595.472388
27.666667,33,11596.08629
27.208333,33,11596.656265
27.375,33,11597.286152
5.791667,7,11597.439739
27.875,33,11598.05526
25.75,33,11598.685557
26.666667,33,11599.305956
28.0,33,11599.919143
27.875,33,11600.569149
28.375,33,11601.185679
26.916667,33,11601.802239
27.375,33,11602.451766
27.166667,33,11603.01884
5.375,7,11603.168356
9.666667,11,11603.372136
27.833333,33,11604.002129
27.375,33,11604.6686
26.708333,33,11605.288475
26.5,33,11605.905089
26.333333,33,11606.533809
5.791667,7,11606.671573
26.75,33,11607.284949
27.375,33,11607.903396
5.791667,7,11608.0549
2.75,4,11608.155083
23.25,28,11608.717942
26.875,33,11609.337458
26.708333,33,11611.404427
27.916667,33,11612.054373
5.75,7,11612.202446
26.666667,33,11612.817396
27.375,33,11613.419099
9.666667,11,11613.642006
5.833333,7,11613.783973
26.833333,33,11614.39903
27.208333,33,11615.087424
27.25,33,11615.683741
5.666667,7,11615.839521
26.875,33,11616.446491
27.916667,33,11617.087033
27.333333,33,11617.686972
27.125,33,11618.270115
26.833333,33,11618.919917
27.458333,33,11619.536113
27.916667,33,11620.116117
27.291667,33,11620.716456
27.833333,33,11621.349745
10.375,12,11621.582949
26.583333,33,11622.208731
26.708333,33,11622.840861
27.333333,33,11623.441607
27.333333,33,11624.049365
5.791667,7,11624.182661
5.458333,7,11624.346483
26.666667,33,11624.949293
26.666667,33,11625.57114
27.208333,33,11626.169111
5.833333,7,11626.331984
27.958333,33,11626.931845
27.375,33,11627.520197
27.416667,33,11628.150503
5.791667,7,11628.285513
5.833333,7,11628.447484
5.666667,7,11628.585472
27.333333,33,11629.181971
27.416667,33,11629.818821
28.041667,33,11630.452147
5.791667,7,11630.615273
26.666667,33,11631.23845
28.416667,33,11631.852948
5.375,7,11632.001787
26.666667,33,11632.642168
5.833333,7,11632.781523
27.458333,33,11633.368134
5.791667,7,11633.514798
5.791667,7,11633.68134
27.25,33,11634.318184
26.333333,33,11634.931241
27.416667,33,11635.547939
27.416667,33,11636.166191
27.333333,33,11636.784594
26.625,33,11637.384356
27.708333,33,11638.013806
27.75,33,11638.630786
26.708333,33,11639.233971
27.916667,33,11639.834246
26.583333,33,11640.434009
26.625,33,11641.069216
27.875,33,11641.680327
28.291667,33,11642.330229
26.583333,33,11642.980127
27.291667,33,11643.60013
26.25,33,11644.216754
5.75,7,11644.363376
26.625,33,11644.983239
26.583333,33,11645.598526
27.208333,33,11646.198282
26.833333,33,11646.829216
27.375,33,11647.449724
26.75,33,11648.062885
27.916667,33,11648.679353
9.416667,11,11648.911168
27.25,33,11649.573206
27.208333,33,11651.745736
27.875,33,11652.384094
26.458333,33,11653.01216
27.208333,33,11653.62877
27.458333,33,11654.248447
5.666667,7,11654.401203
2.708333,4,11654.482036
27.416667,33,11655.081979
9.5,11,11655.305202
27.916667,33,11655.928478
28.291667,33,11656.518224
26.666667,33,11657.144953
27.791667,33,11657.748811
27.833333,33,11658.349833
5.791667,7,11658.509766
26.583333,33,11659.116526
27.416667,33,11659.730117
9.791667,11,11659.96135
26.583333,33,11660.601529
27.541667,33,11661.233039
28.333333,33,11661.844459
5.583333,7,11662.005306
27.208333,33,11662.626266
27.333333,33,11663.246156
26.75,33,11663.847474
27.291667,33,11664.514391
27.958333,33,11665.147223
27.333333,33,11665.744892
5.833333,7,11665.897769
26.666667,33,11666.526628
27.25,33,11667.164002
27.583333,33,11667.763623
27.375,33,11668.360167
5.375,7,11668.510254
26.625,33,11669.130024
5.791667,7,11669.280033
5.416667,7,11669.426669
26.833333,33,11670.076635
9.75,11,11670.31152
27.375,33,11670.926485
5.75,7,11671.076515
27.833333,33,11671.676445
27.333333,33,11672.295549
5.791667,7,11672.42646
27.916667,33,11673.042939
27.333333,33,11673.662743
26.25,33,11674.26447
26.666667,33,11674.875994
28.041667,33,11675.501476
26.416667,33,11678.78126
5.833333,7,11678.928483
26.375,33,11679.562171
2.791667,4,11679.642038
27.375,33,11680.385847
5.791667,7,11680.528683
27.166667,33,11681.14176
27.333333,33,11681.778692
27.416667,33,11682.411663
26.833333,33,11683.043585
2.625,4,11683.128827
27.375,33,11683.753526
27.375,33,11684.378263
11.916667,15,11684.67469
9.625,11,11684.907964
26.75,33,11685.507927
27.25,33,11686.142989
27.875,33,11686.757865
2.791667,4,11686.858083
27.875,33,11687.461738
27.25,33,11688.057449
5.791667,7,11688.212268
27.875,33,11688.840801
27.416667,33,11689.474159
27.166667,33,11690.077601
5.791667,7,11690.225932
5.791667,7,11690.390616
26.791667,33,11691.044098
27.333333,33,11691.673785
27.291667,33,11692.277052
27.666667,33,11692.906994
28.0,33,11695.076956
27.375,33,11695.693332
27.291667,33,11696.308615
9.666667,11,11696.52501
2.75,4,11696.60651
9.666667,11,11696.845343
27.416667,33,11697.527292
5.791667,7,11697.676632
9.666667,11,11697.909747
27.75,33,11698.509515
27.083333,33,11699.139437
27.416667,33,11699.761343
26.75,33,11700.372594
26.708333,33,11700.959337
5.791667,7,11701.111295
2.833333,4,11701.2112
27.833333,33,11701.822437
5.833333,7,11701.989082
26.583333,33,11702.57638
27.375,33,11703.177496
5.75,7,11703.338912
2.791667,4,11703.438856
27.208333,33,11704.055985
9.666667,11,11704.275397
5.791667,7,11704.422058
27.916667,33,11705.042752
26.625,33,11705.67192
27.291667,33,11706.320644
5.333333,7,11706.473593
28.333333,33,11707.103881
26.958333,33,11707.725394
27.875,33,11708.341581
27.916667,33,11708.957944
2.791667,4,11709.05657
27.166667,33,11709.686966
27.375,33,11710.371298
9.625,11,11710.604646
27.333333,33,11711.241341
27.333333,33,11711.887745
5.75,7,11712.054439
26.583333,33,11712.654369
28.458333,33,11713.281117
27.333333,33,11713.892825
2.625,4,11713.989404
9.666667,11,11714.207525
27.833333,33,11714.820686
2.791667,4,11714.920761
27.291667,33,11715.523923
26.708333,33,11716.137264
26.791667,33,11716.75739
12.958333,16,11717.09543
5.833333,7,11717.237079
27.291667,33,11717.857414
5.666667,7,11717.990359
27.083333,33,11718.636531
27.833333,33,11719.253612
26.416667,33,11719.903949
5.75,7,11720.057044
26.833333,33,11720.673097
26.791667,33,11721.33652
5.75,7,11721.488281
2.75,4,11721.573259
5.833333,7,11721.719804
27.583333,33,11722.338106
27.041667,33,11722.969207
27.791667,33,11723.602903
2.791667,4,11723.7029
5.791667,7,11723.852901
5.791667,7,11724.006398
9.666667,11,11724.239524
27.875,33,11724.869458
5.708333,7,11725.035712
5.791667,7,11725.236045
27.916667,33,11725.885997
27.333333,33,11726.522598
27.208333,33,11727.124206
26.875,33,11727.7461
27.291667,33,11728.368967
27.333333,33,11728.990914
2.791667,4,11729.072225
5.75,7,11729.218809
26.833333,33,11729.868744
27.333333,33,11730.4888
27.041667,33,11731.101522
2.708333,4,11731.188573
26.958333,33,11731.801796
27.333333,33,11732.441981
28.333333,33,11733.051728
27.375,33,11733.685447
27.958333,33,11735.754329
5.791667,7,11735.923237
2.791667,4,11736.021605
27.458333,33,11736.640397
28.375,33,11737.254487
9.708333,11,11737.471166
27.333333,33,11738.074133
27.375,33,11738.687712
5.541667,7,11738.847164
5.75,7,11738.987593
26.625,33,11739.600785
27.875,33,11740.200997
5.708333,7,11740.354066
27.208333,33,11740.952508
5.791667,7,11741.087249
10.375,12,11741.338781
9.625,11,11741.554064
5.416667,7,11741.687697
27.291667,33,11742.316163
27.875,33,11742.917148
5.75,7,11743.067006
5.75,7,11743.220399
27.875,33,11743.820237
27.291667,33,11744.444493
27.25,33,11745.050228
9.875,12,11745.283478
27.375,33,11745.888371
28.541667,33,11746.499929
27.0,33,11747.119823
5.791667,7,11747.272707
28.333333,33,11747.869704
27.916667,33,11748.499626
27.916667,33,11749.116235
11.416667,13,11749.403096
5.791667,7,11749.545659
27.875,33,11750.143534
5.75,7,11750.286144
26.291667,33,11750.920447
26.333333,33,11751.601376
26.75,33,11752.235383
9.666667,11,11752.46582
27.375,33,11753.049048
26.875,33,11753.743144
9.708333,12,11753.982864
5.791667,7,11754.131858
27.791667,33,11754.768852
27.5,33,11755.41536
5.583333,7,11755.582702
2.833333,4,11755.668892
9.5,11,11755.88207
27.541667,33,11756.497357
27.375,33,11757.098593
9.791667,11,11757.315108
5.791667,7,11757.468818
5.458333,7,11757.620652
27.833333,33,11758.235588
12.416667,15,11758.5521
2.833333,4,11758.64279
27.25,33,11759.251943
26.708333,33,11759.886554
5.75,7,11760.030075
26.75,33,11760.633496
26.75,33,11761.252086
26.75,33,11761.87985
5.791667,7,11762.034242
9.708333,11,11762.268327
27.416667,33,11762.886229
27.416667,33,11763.513928
26.708333,33,11764.13088
5.791667,7,11764.286705
26.833333,33,11764.914156
27.375,33,11765.517665
27.333333,33,11766.130649
27.291667,33,11766.780565
26.625,33,11767.397126
5.791667,7,11767.533942
27.791667,33,11768.145708
27.833333,33,11768.800362
5.75,7,11768.946464
5.75,7,11769.085234
5.583333,7,11769.233484
28.0,33,11769.846823
10.333333,13,11770.09684
27.375,33,11770.74539
27.458333,33,11771.363491
26.791667,33,11771.963227
27.875,33,11772.584993
5.791667,7,11772.732411
27.208333,33,11773.361789
26.875,33,11773.966327
27.208333,33,11774.582913
27.875,33,11776.712649
11.5,14,11777.018638
9.708333,11,11777.249252
27.375,33,11777.865821
26.708333,33,11778.47902
27.208333,33,11779.095439
2.708333,4,11779.183141
27.458333,33,11782.565209
27.958333,33,11783.261795
27.291667,33,11783.928314
27.333333,33,11784.561636
27.375,33,11785.195714
27.666667,33,11785.813179
27.416667,33,11786.442377
25.625,33,11787.064609
26.75,33,11787.661386
26.708333,33,11788.277885
5.791667,7,11788.431231
28.0,33,11789.04426
27.75,33,11789.664271
27.291667,33,11790.278117
27.333333,33,11790.895886
27.958333,33,11791.462421
27.291667,33,11792.09592
5.791667,7,11792.243474
26.291667,33,11792.864029
27.125,33,11793.447089
27.375,33,11794.060298
27.958333,33,11794.710215
27.958333,33,11795.342521
28.291667,33,11795.946745
27.958333,33,11796.546789
27.916667,33,11797.146636
5.75,7,11797.306047
27.875,33,11797.909048
5.791667,7,11798.061577
27.375,33,11798.649076
28.041667,33,11799.279829
27.875,33,11799.879401
27.375,33,11800.462818
27.291667,33,11801.079393
26.25,33,11801.700356
9.708333,11,11801.91341
27.375,33,11802.506382
26.625,33,11803.112432
26.875,33,11803.742335
27.875,33,11804.358984
27.208333,33,11804.95892
27.875,33,11805.575567
5.375,7,11805.727852
5.75,7,11805.875392
5.75,7,11806.025387
5.833333,7,11806.175391
26.958333,33,11806.793632
27.458333,33,11807.408156
26.375,33,11808.080414
2.75,4,11808.175068
5.75,7,11808.323934
9.791667,11,11808.545321
27.416667,33,11809.163606
27.916667,33,11809.794086
27.375,33,11810.40814
5.708333,7,11810.561483
27.416667,33,11811.161419
27.875,33,11811.824747
9.583333,11,11812.057933
27.375,33,11812.661143
27.625,33,11813.274492
27.333333,33,11813.911211
5.791667,7,11814.076027
26.583333,33,11814.67423
5.791667,7,11814.840911
26.208333,33,11815.490845
27.166667,33,11816.109078
5.833333,7,11816.257366
27.25,33,11816.907343
26.708333,33,11817.522667
27.416667,33,11819.660491
27.916667,33,11820.290032
27.458333,33,11820.908981
27.208333,33,11821.526103
27.416667,33,11822.126662
28.0,33,11822.743286
27.75,33,11823.361701
5.75,7,11823.509781
26.666667,33,11824.124976
5.75,7,11824.272972
27.791667,33,11824.889573
9.666667,11,11825.122993
10.458333,12,11825.372813
26.708333,33,11825.989425
26.75,33,11826.592768
5.791667,7,11826.739347
27.416667,33,11827.372621
26.208333,33,11828.009353
27.25,33,11828.610855
27.375,33,11829.25571
26.833333,33,11829.877344
26.583333,33,11830.472201
26.458333,32,11831.075563
27.416667,33,11831.722168
27.375,33,11832.353966
27.875,33,11832.971841
26.791667,33,11833.591704
27.916667,33,11834.221625
27.875,33,11834.837842
5.791667,7,11834.98823
27.416667,33,11835.671486
26.666667,33,11836.371551
27.458333,33,11836.991429
26.875,33,11837.591329
27.375,33,11838.204558
27.916667,33,11838.821138
9.625,11,11839.054368
5.791667,7,11839.204965
26.791667,33,11839.809265
27.458333,33,11840.420875
26.333333,33,11841.040921
5.708333,7,11841.174164
26.708333,33,11841.790879
27.875,33,11842.457538
27.458333,33,11843.055731
28.208333,33,11843.652549
26.666667,33,11844.270426
26.666667,33,11844.9244
26.458333,33,11845.552343
26.708333,33,11846.172915
27.375,33,11846.7906
27.916667,33,11847.38995
26.791667,33,11848.002122
5.791667,7,11848.139995
5.833333,7,11848.289462
5.791667,7,11848.445737
9.75,11,11848.67307
5.666667,7,11848.824776
5.666667,7,11848.969759
27.416667,33,11849.57128
28.291667,33,11850.16972
27.375,33,11850.786377
27.208333,33,11851.406137
26.375,33,11852.019348
5.791667,7,11852.173637
5.75,7,11852.319374
26.708333,33,11852.940139
27.333333,33,11853.541716
26.25,33,11854.167997
27.208333,33,11854.768993
26.75,33,11855.403909
9.75,11,11855.622216
27.875,33,11856.235026
27.333333,33,11856.82206
28.208333,33,11857.439237
28.333333,33,11858.049047
27.166667,33,11860.06827
27.333333,33,11860.669967
9.541667,12,11860.921491
5.833333,7,11861.054913
27.291667,33,11861.668193
5.791667,7,11861.818033
5.833333,7,11861.96436
26.75,33,11862.554737
26.875,33,11863.171396
5.791667,7,11863.30465
9.75,11,11863.517812
10.416667,12,11863.833507
27.916667,33,11864.442226
22.958333,28,11864.991402
27.333333,33,11865.565867
27.25,33,11866.187539
27.25,33,11866.793787
28.0,33,11867.397385
27.333333,33,11867.980017
2.791667,4,11868.070666
27.375,33,11868.667207
5.666667,7,11868.820646
27.875,33,11869.437701
26.708333,33,11870.053967
5.75,7,11870.203672
5.75,7,11870.348456
26.583333,33,11870.946447
5.791667,7,11871.102785
26.75,33,11871.70339
27.375,33,11872.350075
5.75,7,11872.503359
27.541667,33,11873.116542
5.375,7,11873.266517
27.333333,33,11873.849766
26.75,33,11874.442948
5.75,7,11874.583169
27.791667,33,11875.254762
26.708333,33,11875.847732
28.5,33,11876.449486
27.333333,33,11877.082851
26.791667,33,11877.682679
27.375,33,11878.299228
5.791667,7,11878.439404
21.25,26,11878.965838
27.416667,33,11882.418906
28.333333,33,11883.181955
27.375,33,11883.903832
2.75,4,11884.00466
9.666667,13,11884.301892
28.166667,33,11884.898649
27.75,33,11885.502349
5.791667,7,11885.652301
27.166667,33,11886.268111
26.708333,33,11886.863703
5.666667,7,11886.999916
27.875,33,11887.664696
26.708333,33,11888.284956
5.75,7,11888.431366
27.25,33,11889.047797
10.75,12,11889.281133
27.291667,33,11889.882933
27.875,33,11890.480882
28.0,33,11891.149482
2.75,4,11891.247471
27.583333,33,11891.848381
5.75,7,11892.002509
27.125,33,11892.617639
26.625,33,11893.201063
9.666667,11,11893.417798
27.416667,33,11894.017097
27.416667,33,11894.64719
2.75,4,11894.73047
26.75,33,11895.350626
9.75,11,11895.563635
9.708333,11,11895.780279
2.75,4,11895.866964
26.833333,33,11896.496872
26.416667,33,11897.096804
9.416667,12,11897.350035
5.791667,7,11897.490027
26.625,33,11898.079929
27.208333,33,11898.713212
5.583333,7,11898.863439
27.291667,33,11899.479826
26.666667,33,11900.066537
26.791667,33,11900.67959
27.333333,33,11902.762817
27.291667,33,11903.467884
26.458333,33,11904.062493
27.875,33,11904.695653
9.958333,12,11904.971021
27.416667,33,11905.618899
27.291667,33,11906.250818
26.625,33,11906.84549
27.333333,33,11907.482058
9.666667,11,11907.698212
27.375,33,11908.284079
26.708333,33,11908.915443
26.75,33,11909.545086
27.375,33,11910.144985
27.875,33,11910.750188
27.875,33,11911.37826
26.875,33,11911.981497
27.916667,33,11912.596682
27.291667,33,11913.209615
27.666667,33,11913.797399
28.291667,33,11914.405513
27.583333,33,11915.005276
5.833333,7,11915.147804
27.25,33,11915.747705
27.875,33,11916.364208
26.666667,33,11916.979004
27.208333,33,11917.582874
28.416667,33,11918.177366
9.75,11,11918.410632
5.833333,7,11918.560581
5.791667,7,11918.747721
5.625,7,11918.9106
27.875,33,11919.512334
5.791667,7,11919.663762
5.75,7,11919.801605
5.791667,7,11919.943736
26.291667,33,11920.560976
9.708333,11,11920.778767
27.208333,33,11921.415404
27.708333,33,11922.013753
27.166667,33,11922.626678
27.541667,33,11923.231934
9.666667,11,11923.459555
27.916667,33,11924.043303
5.708333,7,11924.197159
5.375,7,11924.347097
26.791667,33,11924.931515
9.708333,11,11925.146549
5.75,7,11925.292675
5.666667,7,11925.429726
27.916667,33,11926.029609
27.416667,33,11926.626265
27.833333,33,11927.226072
28.0,33,11927.827796
2.833333,4,11927.93146
27.875,33,11928.529601
27.333333,33,11929.145941
27.25,33,11929.759198
27.333333,33,11930.345751
27.875,33,11930.962733
5.75,7,11931.123814
26.708333,33,11931.712171
10.375,12,11931.942125
2.791667,4,11932.028795
27.291667,33,11932.662294
27.333333,33,11933.307279
27.375,33,11933.910371
27.375,33,11934.511718
27.208333,33,11935.093542
27.291667,33,11935.746904
26.791667,33,11936.361923
26.833333,33,11936.961547
8.708333,10,11937.1614
27.0,33,11937.794814
27.458333,33,11938.402227
5.708333,7,11938.54137
5.625,7,11938.694701
5.666667,7,11938.827993
27.833333,33,11939.444504
27.208333,33,11940.074449
28.375,33,11940.659386
27.458333,33,11942.740706
5.791667,7,11942.912893
28.208333,33,11943.544018
27.125,33,11944.177675
27.291667,33,11944.80582
27.625,33,11945.393681
26.541667,33,11946.073621
9.625,11,11946.310187
5.833333,7,11946.457027
27.875,33,11947.044096
27.208333,33,11947.672254
27.333333,33,11948.273496
2.791667,4,11948.376821
27.416667,33,11949.010484
27.375,33,11949.643162
26.708333,33,11950.276911
27.791667,33,11950.924928
27.416667,33,11951.526971
27.916667,33,11952.189591
5.833333,7,11952.339476
26.75,33,11952.989362
9.666667,11,11953.209403
28.291667,33,11953.821435
27.291667,33,11954.425928
5.75,7,11954.589301
27.208333,33,11955.221044
26.708333,33,11955.855314
27.625,33,11956.43854
9.75,11,11956.658684
27.875,33,11957.259828
26.333333,33,11957.875524
26.666667,33,11958.492073
26.75,33,11959.123794
5.833333,7,11959.275464
5.75,7,11959.42185
26.625,33,11960.041836
27.166667,33,11960.671759
27.25,33,11961.276892
27.916667,33,11961.875046
26.291667,33,11962.494426
27.416667,33,11963.154316
12.75,16,11963.488085
27.625,33,11964.121292
27.916667,33,11964.720811
26.791667,33,11965.341595
28.333333,33,11965.991184
2.791667,4,11966.087659
10.708333,13,11966.354326
2.75,4,11966.437597
27.208333,33,11967.054252
9.708333,11,11967.287673
27.916667,33,11967.935807
5.541667,7,11968.087367
25.916667,33,11968.707078
27.958333,33,11969.307374
26.625,33,11969.926031
27.25,33,11970.556513
27.791667,33,11971.173765
9.625,11,11971.390275
26.708333,33,11972.006878
26.375,33,11972.608527
27.75,33,11973.259418
27.375,33,11973.912822
27.125,33,11974.540716
5.666667,7,11974.673363
26.625,33,11975.288376
26.791667,33,11975.903116
27.291667,33,11976.523205
5.791667,7,11976.686297
26.666667,33,11977.324015
5.791667,7,11977.469612
9.666667,11,11977.686283
27.791667,33,11978.289426
27.333333,33,11978.936033
27.5,33,11979.552578
27.916667,33,11980.172559
26.166667,33,11981.956052
26.708333,33,11982.635565
28.25,33,11984.740115
5.458333,7,11984.888943
27.416667,33,11985.535736
27.375,33,11986.134663
15.75,19,11986.484976
26.875,33,11987.068213
27.583333,33,11987.718207
27.375,33,11988.337662
9.75,11,11988.555065
26.75,33,11989.154647
26.75,33,11989.784668
5.416667,7,11989.934143
27.25,33,11990.547345
26.833333,33,11991.15171
9.708333,11,11991.371205
27.833333,33,11991.984364
5.75,7,11992.136224
5.791667,7,11992.282908
27.833333,33,11992.887515
27.375,33,11993.500728
26.875,33,11994.146868
26.75,33,11994.74175
27.791667,33,11995.334687
27.875,33,11995.983799
26.708333,33,11996.603716
26.875,33,11997.202888
26.666667,33,11997.800092
27.958333,33,11998.438244
27.333333,33,11999.052077
26.791667,33,11999.640328
26.666667,33,12000.237054
27.958333,33,12000.921683
9.583333,11,12001.137949
9.708333,11,12001.351694
27.208333,33,12001.949622
27.916667,33,12002.552778
27.916667,33,12003.182899
27.5,33,12003.769495
5.75,7,12003.919641
27.875,33,12004.526463
27.25,33,12005.141486
27.916667,33,12005.74136
27.875,33,12006.334234
5.75,7,12006.470631
5.75,7,12006.616782
27.25,33,12007.268819
27.291667,33,12007.885657
26.625,33,12008.487003
27.333333,33,12009.11533
27.375,33,12009.74857
5.666667,7,12009.935427
27.458333,33,12010.568615
9.666667,11,12010.802136
26.625,33,12011.431333
27.791667,33,12012.03459
26.708333,33,12012.651652
5.75,7,12012.781506
26.708333,33,12013.418456
27.458333,33,12014.041218
26.625,33,12014.642599
26.708333,33,12015.264495
27.916667,33,12015.931144
5.708333,7,12016.096482
27.375,33,12016.686433
27.875,33,12017.297574
5.541667,7,12017.435994
27.208333,33,12018.080859
26.916667,33,12018.699022
26.708333,33,12019.317822
27.375,33,12019.950618
27.875,33,12020.550612
27.916667,33,12021.167359
27.75,33,12021.763672
9.708333,11,12021.997005
5.833333,7,12022.148892
27.375,33,12022.765603
27.208333,33,12024.918118
5.791667,7,12025.063244
27.75,33,12025.729845
27.291667,33,12026.346442
26.666667,33,12026.979724
27.916667,33,12027.633256
27.125,33,12028.266304
27.25,33,12028.981801
27.541667,33,12029.646304
27.916667,33,12030.248486
26.666667,33,12030.865906
27.791667,33,12031.465801
27.375,33,12032.065767
9.666667,11,12032.281648
27.333333,33,12032.88226
27.666667,33,12033.528757
27.833333,33,12034.144063
27.375,33,12034.763479
5.75,7,12034.915773
9.708333,11,12035.147467
5.583333,7,12035.310589
27.416667,33,12035.911846
26.875,33,12036.528379
27.083333,33,12037.144975
5.666667,7,12037.306879
27.208333,33,12037.900908
9.125,11,12038.126408
28.25,33,12038.719841
27.25,33,12039.331434
27.333333,33,12039.964864
27.333333,33,12040.581887
5.791667,7,12040.717394
27.333333,33,12041.331167
5.791667,7,12041.481309
27.291667,33,12042.106128
27.291667,33,12042.711086
26.708333,33,12043.379782
26.625,33,12044.044141
27.416667,33,12044.649363
27.333333,33,12045.244067
27.583333,33,12045.843938
26.625,33,12046.445619
5.75,7,12046.596606
26.708333,33,12047.21037
5.75,7,12047.363673
27.208333,33,12047.949157
26.583333,33,12048.578572
27.333333,33,12049.208296
26.625,33,12049.810041
5.75,7,12049.963361
5.666667,7,12050.126651
26.625,33,12050.762033
27.416667,33,12051.409944
27.25,33,12052.026505
27.25,33,12052.696913
26.625,33,12053.33035
27.291667,33,12053.959443
27.125,33,12054.576075
27.291667,33,12055.262702
2.791667,4,12055.342685
26.666667,33,12055.995355
27.708333,33,12056.611254
5.833333,7,12056.761159
26.75,33,12057.379209
5.666667,7,12057.529031
27.291667,33,12058.142265
27.375,33,12058.762365
27.333333,33,12059.384807
27.958333,33,12059.975389
27.25,33,12060.611898
26.833333,33,12061.228468
27.458333,33,12061.847897
27.333333,33,12062.476674
27.208333,33,12063.074965
27.291667,33,12065.10809
5.75,7,12065.304161
5.833333,7,12065.461545
27.291667,33,12066.107839
27.666667,33,12066.713248
26.666667,33,12067.327724
27.291667,33,12067.94425
26.708333,33,12068.572886
26.625,33,12069.177696
27.333333,33,12069.810737
26.375,33,12070.429182
5.75,7,12070.573902
27.791667,33,12071.190625
5.791667,7,12071.327003
9.666667,11,12071.555947
26.75,33,12072.173712
5.791667,7,12072.344226
26.791667,33,12072.956995
26.791667,33,12073.573578
27.375,33,12074.206731
27.375,33,12074.82342
27.416667,33,12075.457219
27.5,33,12076.073283
27.875,33,12076.706026
27.666667,33,12077.32693
27.833333,33,12078.006317
27.375,33,12078.672837
26.875,33,12079.293311
27.875,33,12079.90607
26.583333,33,12080.539358
26.666667,33,12083.403906
27.833333,33,12084.054246
9.708333,11,12084.338876
27.458333,33,12085.011025
27.291667,33,12085.655364
27.291667,33,12086.309026
27.875,33,12086.908887
5.791667,7,12087.07177
27.291667,33,12087.693391
5.791667,7,12087.841723
27.458333,33,12088.488233
9.708333,11,12088.738257
26.125,33,12089.407032
27.041667,33,12090.024487
27.875,33,12090.654279
26.291667,33,12091.272195
5.75,7,12091.424574
27.875,33,12092.037873
26.666667,33,12092.671151
9.75,11,12092.890611
27.416667,33,12093.520947
28.333333,33,12094.157773
27.333333,33,12094.770754
27.25,33,12095.407456
3.541667,5,12095.517535
27.208333,33,12096.152914
27.958333,33,12096.753886
27.416667,33,12097.37038
27.916667,33,12097.986983
27.458333,33,12098.603599
26.833333,33,12099.253539
27.333333,33,12099.883472
27.25,33,12100.523366
27.333333,33,12101.12345
26.583333,33,12101.736536
27.833333,33,12102.355134
5.666667,7,12102.503105
5.833333,7,12102.656651
5.625,7,12102.806316
27.916667,33,12103.44015
5.791667,7,12103.589619
9.583333,11,12103.806424
5.708333,7,12103.941316
27.416667,33,12104.589121
9.75,11,12104.819527
27.333333,33,12105.439711
5.666667,7,12105.58596
27.875,33,12106.187827
27.833333,33,12108.267933
9.708333,11,12108.521629
5.791667,7,12108.685745
5.791667,7,12108.852233
26.75,33,12109.469025
27.291667,33,12110.14045
27.958333,33,12110.755385
5.708333,7,12110.905325
27.416667,33,12111.523812
9.583333,11,12111.752363
5.75,7,12111.905142
5.791667,7,12112.052097
27.291667,33,12112.652429
27.25,33,12113.288249
9.583333,11,12113.518867
27.0,33,12114.184944
26.875,33,12114.784741
27.375,33,12115.417997
27.916667,33,12116.069806
27.833333,33,12116.701319
5.791667,7,12116.851199
27.375,33,12117.488009
5.75,7,12117.64627
25.791667,33,12118.271022
27.25,33,12118.884371
27.291667,33,12119.504037
26.583333,33,12120.141009
27.375,33,12120.752548
5.708333,7,12120.887411
26.291667,33,12121.536489
27.416667,33,12122.153998
27.208333,33,12122.753746
9.75,11,12122.982409
27.25,33,12123.603714
27.291667,33,12124.220257
5.833333,7,12124.37213
9.625,11,12124.603411
27.291667,33,12125.203442
5.75,7,12125.346271
27.333333,33,12125.989254
28.416667,33,12126.607276
27.375,33,12127.216615
5.666667,7,12127.369947
26.208333,33,12127.983043
26.666667,33,12128.642872
26.625,33,12129.242729
27.916667,33,12129.8367
27.208333,33,12130.448959
27.125,33,12131.065901
26.75,33,12131.682534
26.833333,33,12132.271045
5.791667,7,12132.419147
27.416667,33,12133.069158
27.25,33,12133.649035
5.75,7,12133.802384
27.208333,33,12134.415525
27.291667,33,12135.052489
27.291667,33,12135.684292
27.208333,33,12136.338594
5.5,7,12136.481899
27.75,33,12137.131902
27.5,33,12137.768418
26.708333,33,12138.382313
27.333333,33,12139.001502
5.75,7,12139.164892
27.5,33,12139.781575
27.333333,33,12140.36811
27.375,33,12140.980956
5.791667,7,12141.131416
5.75,7,12141.281336
27.375,33,12141.918063
5.791667,7,12142.051296
26.625,33,12142.66451
26.708333,33,12143.29779
26.25,33,12143.951198
26.666667,33,12144.582764
5.75,7,12144.730865
27.875,33,12145.347259
27.791667,33,12145.98059
27.25,33,12146.617664
5.75,7,12146.767268
27.208333,33,12148.870032
27.291667,33,12149.566968
27.875,33,12150.180184
26.541667,33,12150.800132
9.583333,11,12151.033408
10.5,12,12151.279992
2.75,4,12151.378666
26.625,33,12152.030029
27.291667,33,12152.666614
26.708333,33,12153.283842
26.333333,33,12153.866431
27.416667,33,12154.516545
27.291667,33,12155.146084
27.291667,33,12155.746139
27.5,33,12156.445994
27.833333,33,12157.064154
27.291667,33,12157.696843
10.458333,12,12157.929145
26.666667,33,12158.545845
27.375,33,12159.182284
9.625,11,12159.415931
27.833333,33,12160.032385
26.625,33,12160.646059
27.833333,33,12161.261951
27.958333,33,12161.845426
27.958333,33,12162.467804
27.875,33,12163.081769
27.291667,33,12163.682529
5.833333,7,12163.82835
5.791667,7,12163.963528
27.833333,33,12164.581623
5.791667,7,12164.764967
27.875,33,12165.405663
11.25,14,12165.678707
26.75,33,12166.298552
27.791667,33,12166.902487
26.541667,33,12167.531142
27.416667,33,12168.146238
27.375,33,12168.744411
27.875,33,12169.360983
27.375,33,12169.966215
5.75,7,12170.114387
27.833333,33,12170.732322
5.833333,7,12170.877464
9.708333,11,12171.103889
26.791667,33,12171.710598
5.791667,7,12171.847329
5.791667,7,12172.005004
26.75,33,12172.613753
27.333333,33,12173.210437
27.333333,33,12173.843703
27.958333,33,12174.513589
27.416667,33,12175.130242
27.291667,33,12175.732631
26.666667,33,12176.394223
5.708333,7,12176.543381
5.791667,7,12176.676602
27.666667,33,12177.296134
5.75,7,12177.448617
27.416667,33,12178.059837
26.666667,33,12178.680541
26.708333,33,12179.300849
5.75,7,12179.442947
26.875,33,12180.043407
5.708333,7,12180.206748
27.166667,33,12180.809401
5.791667,7,12180.964937
27.333333,33,12181.565732
26.666667,33,12184.329058
26.333333,33,12184.955409
26.791667,33,12185.675513
26.666667,33,12186.312052
27.916667,33,12186.925377
5.75,7,12187.075336
27.333333,33,12187.708569
9.583333,11,12187.928607
27.375,33,12188.54511
27.333333,33,12189.178454
26.75,33,12189.793327
2.75,4,12189.878463
28.25,33,12192.091297
26.708333,33,12192.727594
26.916667,33,12193.361447
27.291667,33,12194.007698
27.375,33,12194.610781
27.375,33,12195.244877
9.75,11,12195.490956
28.333333,33,12196.107379
26.791667,33,12196.712695
26.625,33,12197.34237
10.125,13,12197.616196
27.958333,33,12198.223817
28.041667,33,12198.810466
27.916667,33,12199.407109
27.541667,33,12200.024173
5.833333,7,12200.160353
27.5,33,12200.776937
5.791667,7,12200.926833
27.958333,33,12201.51015
27.166667,33,12202.110196
2.75,4,12202.210015
26.791667,33,12202.821995
27.291667,33,12203.406441
27.291667,33,12204.005183
26.75,33,12204.656325
27.458333,33,12205.322871
27.458333,33,12205.924272
27.916667,33,12206.57283
9.708333,11,12206.789335
27.333333,33,12207.407184
26.333333,33,12208.005866
27.375,33,12208.650509
5.708333,7,12208.791672
27.375,33,12209.38899
5.791667,7,12209.537731
27.291667,33,12210.122274
5.75,7,12210.258986
5.708333,7,12210.411071
27.958333,33,12211.038892
5.75,7,12211.205624
5.791667,7,12211.359033
27.916667,33,12211.925467
27.291667,33,12212.521921
28.375,33,12213.158746
27.416667,33,12213.755122
26.791667,33,12214.354654
26.541667,33,12214.975191
27.833333,33,12215.571552
27.125,33,12216.173818
26.75,33,12216.788146
27.208333,33,12217.441367
27.625,33,12218.037995
26.708333,33,12218.654499
5.791667,7,12218.804551
2.833333,4,12218.905497
27.333333,33,12219.574475
27.375,33,12220.20434
27.5,33,12220.804154
26.958333,33,12221.420751
26.791667,33,12222.007398
27.791667,33,12222.607305
27.833333,33,12223.190595
27.333333,33,12223.823797
5.75,7,12223.972195
27.916667,33,12224.590768
27.291667,33,12225.186937
27.25,33,12225.786906
27.25,33,12226.386728
27.791667,33,12227.020131
5.75,7,12227.171835
27.625,33,12227.769958
2.833333,4,12227.853186
27.333333,33,12228.485273
2.833333,4,12228.55478
27.458333,33,12229.173078
26.333333,33,12229.786365
27.416667,33,12231.903033
27.875,33,12232.544404
27.375,33,12233.152617
5.791667,7,12233.302628
26.75,33,12233.906522
26.75,33,12234.555869
27.458333,33,12235.168992
26.333333,33,12235.77224
26.625,33,12236.402715
5.666667,7,12236.556109
26.791667,33,12237.168707
27.291667,33,12237.755375
5.75,7,12237.885458
27.916667,33,12238.470277
11.5,14,12238.767202
27.333333,33,12239.388238
5.75,7,12239.551737
26.833333,33,12240.133618
27.25,33,12240.732736
27.166667,33,12241.346529
28.0,33,12241.942665
27.833333,33,12242.521835
2.833333,4,12242.601368
26.791667,33,12243.217923
27.375,33,12243.903718
5.791667,7,12244.067878
5.791667,7,12244.251166
26.625,33,12244.956545
27.333333,33,12245.637081
27.291667,33,12246.284155
27.5,33,12246.87088
27.166667,33,12247.484016
5.833333,7,12247.640832
27.25,33,12248.217249
26.75,33,12248.837767
9.708333,11,12249.050539
5.708333,7,12249.200407
5.291667,7,12249.346687
2.791667,4,12249.441555
5.791667,7,12249.617044
27.125,33,12250.232512
27.25,33,12250.836395
27.333333,33,12251.421765
5.75,7,12251.571249
26.708333,33,12252.286855
27.375,33,12252.941114
2.708333,4,12253.019931
27.333333,33,12253.61657
26.625,33,12254.246977
27.541667,33,12254.852977
26.583333,33,12255.44579
5.75,7,12255.582906
5.375,7,12255.71962
26.833333,33,12256.31624
27.333333,33,12256.916076
26.875,33,12257.539572
26.291667,33,12258.152821
28.416667,33,12258.752596
26.708333,33,12259.349058
26.708333,33,12259.952352
28.416667,33,12260.567413
2.75,4,12260.652296
5.75,7,12260.798916
26.291667,33,12261.40082
26.791667,33,12261.982207
27.875,33,12262.618714
27.375,33,12263.222172
27.291667,33,12263.847605
5.833333,7,12263.98522
27.5,33,12264.64345
27.25,33,12265.268556
27.291667,33,12265.898148
5.833333,7,12266.048324
26.375,33,12266.681437
27.875,33,12267.301489
27.291667,33,12267.949331
26.708333,33,12268.550948
5.791667,7,12268.701259
27.333333,33,12269.314617
9.666667,11,12269.547755
9.333333,11,12269.784466
27.375,33,12271.799377
27.458333,33,12272.480706
5.708333,7,12272.630731
9.125,11,12272.847347
5.75,7,12272.984018
27.291667,33,12273.671366
5.75,7,12273.830586
27.208333,33,12274.430411
27.25,33,12275.047097
26.666667,33,12275.683663
10.75,12,12275.929068
27.25,33,12276.5469
27.833333,33,12277.14679
9.625,11,12277.363385
27.375,33,12277.996655
27.291667,33,12278.618934
27.833333,33,12279.196526
9.75,12,12279.433548
26.75,33,12280.067128
27.875,33,12280.666562
26.666667,33,12281.26287
27.916667,33,12281.862937
26.833333,33,12282.516106
5.458333,7,12282.665947
27.291667,33,12286.317806
26.791667,33,12286.945502
5.833333,7,12287.110324
9.75,11,12287.380412
27.333333,33,12288.031261
5.75,7,12288.165506
5.708333,7,12288.314483
9.666667,11,12288.528728
27.25,33,12289.145166
27.291667,33,12289.761794
27.791667,33,12290.34502
3.541667,5,12290.445124
26.708333,33,12291.096809
5.75,7,12291.23344
5.791667,7,12291.381917
5.75,7,12291.526632
5.791667,7,12291.66469
9.583333,11,12291.878161
27.291667,33,12292.478056
27.375,33,12293.098621
5.333333,7,12293.248128
5.75,7,12293.40447
27.125,33,12294.013028
27.833333,33,12294.614528
26.375,33,12295.277692
27.25,33,12295.909116
27.25,33,12296.480057
5.583333,7,12296.660787
27.458333,33,12297.297067
9.208333,11,12297.530756
5.75,7,12297.69788
27.333333,33,12298.279277
27.875,33,12298.877266
27.833333,33,12299.502704
9.625,11,12299.714354
26.375,33,12300.310405
27.333333,33,12300.999447
5.75,7,12301.130282
9.708333,11,12301.3511
5.791667,7,12301.504184
27.916667,33,12302.11219
5.791667,7,12302.260139
27.375,33,12302.880118
27.875,33,12303.447323
27.416667,33,12304.079758
9.75,11,12304.306104
5.75,7,12304.444956
27.291667,33,12305.043207
27.166667,33,12305.646766
2.791667,4,12305.743186
27.875,33,12306.379344
27.25,33,12306.979609
27.333333,33,12307.564235
27.416667,33,12308.176039
5.791667,7,12308.329466
2.833333,4,12308.412605
27.916667,33,12309.029399
26.708333,33,12309.642345
27.333333,33,12310.309133
27.375,33,12310.930834
27.375,33,12311.54579
27.416667,33,12312.12614
26.625,33,12312.758816
26.625,33,12313.392
27.916667,33,12315.445246
27.333333,33,12316.106492
5.833333,7,12316.24163
27.833333,33,12316.874862
5.75,7,12317.013356
27.458333,33,12317.624729
10.083333,13,12317.894707
27.833333,33,12318.491408
27.333333,33,12319.12454
26.75,33,12319.757435
26.833333,33,12320.36104
27.5,33,12321.002833
5.791667,7,12321.141088
27.208333,33,12321.757557
27.166667,33,12322.374175
26.791667,33,12322.990896
27.375,33,12323.640771
26.708333,33,12324.273873
26.625,33,12324.8738
9.75,11,12325.123753
28.125,33,12325.815481
26.708333,33,12326.417525
27.833333,33,12327.057108
27.416667,33,12327.705639
27.333333,33,12328.414176
27.333333,33,12329.056613
27.958333,33,12329.65657
27.375,33,12330.293061
5.791667,7,12330.434157
27.958333,33,12331.056301
27.166667,33,12331.639591
27.416667,33,12332.276472
27.083333,33,12332.87661
27.958333,33,12333.476085
27.875,33,12334.088856
27.375,33,12334.689192
9.708333,11,12334.925766
2.708333,4,12335.009208
9.708333,11,12335.225784
27.916667,33,12335.822394
27.291667,33,12336.44246
5.791667,7,12336.592317
26.625,33,12337.225476
28.375,33,12337.827076
26.75,33,12338.456911
9.708333,11,12338.675407
27.25,33,12339.305251
5.791667,7,12339.440455
27.333333,33,12340.054756
26.666667,33,12340.655075
5.666667,7,12340.791377
27.791667,33,12341.421776
26.625,33,12342.041557
26.791667,33,12342.625167
26.125,33,12343.2586
26.75,33,12343.854784
27.375,33,12344.491246
27.916667,33,12345.104625
2.75,4,12345.190897
26.625,33,12345.804509
27.375,33,12346.421051
27.333333,33,12347.054439
5.791667,7,12347.206304
26.708333,33,12347.820388
27.833333,33,12348.420704
9.666667,11,12348.652755
5.791667,7,12348.804092
27.416667,33,12349.42397
26.208333,33,12350.023733
27.416667,33,12350.653761
27.333333,33,12351.270008
27.166667,33,12351.893091
5.833333,7,12352.038992
26.666667,33,12352.656775
26.208333,33,12353.270148
9.583333,11,12353.502988
27.208333,33,12355.63893
27.375,33,12356.373195
27.833333,33,12357.002888
27.416667,33,12357.636157
5.75,7,12357.788215
26.708333,33,12358.419434
26.583333,33,12359.035937
26.625,33,12359.639292
27.25,33,12360.25616
26.625,33,12360.855735
5.75,7,12361.005856
5.75,7,12361.156058
25.291667,33,12361.755907
5.75,7,12361.902293
27.833333,33,12362.538955
9.625,11,12362.755495
26.75,33,12363.368759
27.458333,33,12363.970334
27.208333,33,12364.584045
27.958333,33,12365.201841
5.75,7,12365.34855
27.291667,33,12365.950232
26.625,33,12366.571751
5.791667,7,12366.721613
9.708333,11,12366.948853
27.333333,33,12367.555015
27.25,33,12368.151565
5.75,7,12368.301474
2.791667,4,12368.38479
5.708333,7,12368.542677
27.416667,33,12369.171424
28.0,33,12369.7713
26.75,33,12370.352199
27.375,33,12370.96893
27.375,33,12371.587634
27.333333,33,12372.186225
27.125,33,12372.787472
27.958333,33,12373.420815
27.291667,33,12374.04797
27.833333,33,12374.667289
9.416667,11,12374.883976
26.583333,33,12375.483819
2.75,4,12375.583388
5.791667,7,12375.72228
5.833333,7,12375.870503
27.875,33,12376.451974
9.708333,11,12376.672164
27.833333,33,12377.270304
27.0,33,12377.900175
27.916667,33,12378.50007
26.791667,33,12379.099629
9.75,11,12379.316703
2.625,4,12379.412544
9.541667,11,12379.635133
26.958333,33,12380.220075
27.916667,33,12380.836079
9.75,11,12381.047055
5.791667,7,12381.186629
27.791667,33,12381.801879
5.75,7,12381.949585
27.333333,33,12382.551444
27.25,33,12383.152754
27.791667,33,12385.967448
26.708333,33,12386.60099
27.875,33,12387.319145
9.666667,11,12387.570493
27.125,33,12388.187411
5.833333,7,12388.338058
27.416667,33,12388.952204
27.5,33,12389.598697
27.916667,33,12390.185217
28.125,33,12390.801823
27.916667,33,12391.415125
27.916667,33,12392.015029
27.416667,33,12392.634976
27.0,33,12393.247804
5.833333,7,12393.39815
25.666667,33,12393.983413
27.208333,33,12394.594194
27.458333,33,12395.218173
27.291667,33,12395.818458
27.833333,33,12396.418097
27.291667,33,12398.59705
27.791667,33,12399.230785
27.541667,33,12399.830681
27.333333,33,12400.44723
27.458333,33,12401.030497
26.833333,33,12401.663743
27.333333,33,12402.2669
27.291667,33,12402.863582
27.333333,33,12403.500188
26.416667,33,12404.096799
27.416667,33,12404.714969
27.166667,33,12405.284613
27.291667,33,12405.900043
27.208333,33,12406.513163
27.416667,33,12407.112973
27.791667,33,12407.699364
27.375,33,12408.312859
27.291667,33,12408.946102
26.125,33,12409.529386
26.666667,33,12410.149348
5.75,7,12410.329256
26.833333,33,12410.979128
5.75,7,12411.112522
27.333333,33,12411.712473
27.916667,33,12412.331638
5.75,7,12412.482245
5.666667,7,12412.628992
27.333333,33,12413.215887
27.333333,33,12413.830409
26.25,33,12414.479295
27.25,33,12415.079151
26.666667,33,12415.695982
26.708333,33,12416.348549
5.541667,7,12416.498111
26.833333,33,12417.100943
27.333333,33,12417.723424
9.416667,11,12417.928249
26.208333,33,12418.544956
9.666667,11,12418.761397
26.875,33,12419.378083
27.333333,33,12419.961303
27.416667,33,12420.564508
27.25,33,12421.181046
27.333333,33,12421.77769
27.375,33,12422.377762
9.5,11,12422.600363
27.833333,33,12423.204108
28.041667,33,12423.827494
28.375,33,12424.430792
27.291667,33,12425.027306
27.916667,33,12425.643891
26.625,33,12426.26291
26.791667,33,12426.860434
26.625,33,12427.513785
9.625,11,12427.745569
27.875,33,12428.326882
27.333333,33,12428.930143
27.875,33,12429.545567
27.583333,33,12430.126649
26.666667,33,12430.74323
27.375,33,12431.326486
26.625,33,12431.965047
26.291667,33,12432.576373
28.25,33,12433.168421
27.166667,33,12433.791737
9.291667,11,12434.009382
27.791667,33,12434.626099
9.666667,11,12434.841343
2.75,4,12434.929463
9.708333,11,12435.147406
27.333333,33,12435.78031
9.458333,11,12436.009189
27.25,33,12438.201165
9.25,11,12438.442205
9.708333,11,12438.678745
27.291667,33,12439.275523
27.208333,33,12439.875369
26.291667,33,12440.508635
27.333333,33,12441.128618
27.375,33,12441.745193
27.291667,33,12442.378775
9.416667,12,12442.611468
9.625,11,12442.845007
27.583333,33,12443.441603
26.625,33,12444.045278
26.625,33,12444.67485
5.75,7,12444.82476
27.791667,33,12445.41143
26.833333,33,12446.041357
10.583333,12,12446.306635
5.666667,7,12446.459893
5.791667,7,12446.612671
27.375,33,12447.25777
26.5,33,12447.891036
26.708333,33,12448.494321
9.5,12,12448.740753
27.166667,33,12449.342693
9.875,12,12449.590746
27.833333,33,12450.207352
27.375,33,12450.8073
26.208333,33,12451.440603
26.583333,33,12452.060416
5.791667,7,12452.207067
9.583333,11,12452.431193
12.791667,15,12452.727058
10.583333,12,12452.960483
26.708333,33,12453.573556
27.875,33,12454.19012
5.791667,7,12454.323441
26.541667,33,12454.926816
26.625,33,12455.556707
9.625,11,12455.789956
9.625,11,12456.006575
10.791667,13,12456.256654
27.125,33,12456.873134
28.25,33,12457.49238
27.291667,33,12458.094672
27.375,33,12458.722559
9.416667,11,12458.942799
2.75,4,12459.022943
27.25,33,12459.642716
25.625,33,12460.272746
9.75,11,12460.48929
27.291667,33,12461.089326
27.333333,33,12461.692895
26.166667,33,12462.325687
5.708333,7,12462.47576
27.875,33,12463.072225
25.833333,33,12463.672259
5.75,7,12463.809032
27.333333,33,12464.440984
27.333333,33,12465.055399
26.625,33,12465.672021
5.708333,7,12465.805273
27.875,33,12466.471972
27.375,33,12467.105117
5.75,7,12467.255191
27.833333,33,12467.858401
28.375,33,12468.475031
27.791667,33,12469.105344
26.333333,33,12469.725059
27.375,33,12470.32136
28.208333,33,12470.971282
5.791667,7,12471.121274
27.291667,33,12471.721332
5.625,7,12471.891203
27.333333,33,12472.487721
26.958333,33,12473.103141
5.666667,7,12473.239921
26.791667,33,12473.85713
27.791667,33,12474.454156
27.291667,33,12475.10409
9.625,11,12475.337387
26.875,33,12475.9373
27.25,33,12478.186951
5.75,7,12478.386863
26.708333,33,12479.05241
26.708333,33,12479.686754
26.583333,33,12480.318324
27.416667,33,12480.920073
5.791667,7,12481.069972
26.875,33,12481.688521
26.333333,33,12482.353119
27.375,33,12482.953049
26.625,33,12483.570293
28.25,33,12484.21953
5.75,7,12484.353823
9.666667,11,12484.586131
9.666667,11,12484.819445
26.791667,33,12488.118961
2.75,4,12488.202361
5.708333,7,12488.354202
26.583333,33,12489.071731
27.291667,33,12489.702157
2.75,4,12489.787715
27.083333,33,12490.402079
2.791667,4,12490.485464
5.458333,7,12490.639273
28.333333,33,12491.251899
5.625,7,12491.403909
5.75,7,12491.551816
27.291667,33,12492.146086
26.666667,33,12492.768403
28.25,33,12493.443996
5.791667,7,12493.584989
27.791667,33,12494.201586
27.375,33,12494.801445
26.708333,33,12495.418022
27.291667,33,12496.038514
27.333333,33,12496.651187
27.083333,33,12497.251734
27.75,33,12497.85108
27.25,33,12498.450959
27.791667,33,12499.069254
26.625,33,12499.683059
27.333333,33,12500.267438
27.333333,33,12500.850796
5.708333,7,12501.017315
5.791667,7,12501.167239
2.708333,4,12501.265772
27.333333,33,12501.867337
27.541667,33,12502.452441
28.0,33,12503.03674
26.708333,33,12503.643565
27.333333,33,12504.267005
26.583333,33,12504.842369
27.333333,33,12505.500099
10.541667,12,12505.740334
28.166667,33,12506.366573
5.75,7,12506.534152
26.708333,33,12507.14982
27.375,33,12507.782743
5.75,7,12507.936947
10.791667,13,12508.199683
27.083333,33,12508.816668
27.375,33,12509.41629
5.666667,7,12509.566229
26.875,33,12510.166128
27.791667,33,12510.749401
27.25,33,12511.349265
27.166667,33,12511.94921
12.875,16,12512.267405
26.541667,33,12512.868366
5.708333,7,12513.015757
5.666667,7,12513.165764
26.791667,33,12513.748944
3.583333,5,12513.865604
27.791667,33,12514.465626
26.833333,33,12515.050837
26.125,33,12515.648794
26.541667,33,12516.264061
27.375,33,12516.851686
26.708333,33,12517.469807
2.75,4,12517.548453
27.291667,33,12518.156722
26.625,33,12518.766623
27.333333,33,12519.364891
5.708333,7,12520.981453
27.208333,33,12521.713435
27.208333,33,12522.268114
27.916667,33,12522.881138
27.291667,33,12523.514446
27.916667,33,12524.116258
27.375,33,12524.730923
5.708333,7,12524.897502
26.666667,33,12525.516226
27.75,33,12526.099386
5.708333,7,12526.247861
27.333333,33,12526.849941
26.291667,33,12527.451735
26.583333,33,12528.063775
27.875,33,12528.663746
26.708333,33,12529.296991
26.708333,33,12529.89681
27.833333,33,12530.513501
26.166667,33,12531.096724
27.25,33,12531.72995
9.625,11,12531.94655
26.583333,33,12532.563138
27.833333,33,12533.165078
27.041667,33,12533.781796
27.791667,33,12534.429597
27.166667,33,12535.07327
27.166667,33,12535.696213
5.708333,7,12535.82942
27.125,33,12536.462702
27.166667,33,12537.079262
27.25,33,12537.730204
26.375,33,12538.37913
2.791667,4,12538.478657
5.708333,7,12538.629667
27.416667,33,12539.21427
26.791667,33,12539.826755
27.375,33,12540.447639
27.375,33,12541.030261
27.875,33,12541.630318
26.25,33,12542.261916
19.375,24,12542.71381
5.75,7,12542.845125
27.333333,33,12543.428445
26.583333,33,12544.000147
28.333333,33,12544.611572
27.416667,33,12545.201738
26.666667,33,12545.802656
26.291667,33,12546.399096
27.333333,33,12547.002482
26.791667,33,12547.59941
9.916667,12,12547.827916
27.916667,33,12548.427748
26.625,33,12549.112983
9.583333,11,12549.327858
13.083333,16,12549.677645
5.791667,7,12549.844192
27.708333,33,12550.460415
27.333333,33,12551.077492
27.333333,33,12551.660782
26.666667,33,12552.298933
9.75,11,12552.520687
11.625,14,12552.813087
27.291667,33,12553.426986
27.375,33,12554.025709
27.875,33,12554.609445
28.166667,33,12555.2426
27.833333,33,12555.845098
9.666667,11,12556.043428
27.916667,33,12556.660042
27.291667,33,12557.312006
26.875,33,12557.907906
27.291667,33,12558.503996
27.25,33,12559.105623
27.333333,33,12561.242691
5.666667,7,12561.411833
26.5,33,12562.042267
10.666667,13,12562.293498
5.583333,7,12562.442632
27.75,33,12563.025908
26.666667,33,12563.627003
27.208333,33,12564.257896
27.25,33,12564.842319
9.75,11,12565.075549
27.166667,33,12565.675101
27.375,33,12566.292172
26.625,33,12566.92529
27.333333,33,12567.548303
27.083333,33,12568.175231
27.291667,33,12568.791742
27.333333,33,12569.39166
27.166667,33,12570.008215
5.708333,7,12570.158049
5.791667,7,12570.308285
27.333333,33,12570.908205
26.791667,33,12571.508157
28.375,33,12572.107989
27.875,33,12572.707905
26.75,33,12573.324442
26.541667,33,12573.924371
5.75,7,12574.062788
26.708333,33,12574.691009
27.916667,33,12575.307602
27.25,33,12575.924157
5.333333,7,12576.074064
26.916667,33,12576.724019
27.291667,33,12577.373032
27.208333,33,12577.957227
9.666667,12,12578.207179
5.708333,7,12578.342133
27.291667,33,12578.975739
2.75,4,12579.073756
28.0,33,12579.690348
27.166667,33,12580.273617
26.75,33,12580.875498
26.708333,33,12581.490121
26.541667,33,12582.090028
28.25,33,12582.709006
27.291667,33,12583.355071
27.75,33,12583.973118
27.833333,33,12587.156009
5.75,7,12587.291394
9.625,11,12587.514676
5.791667,7,12587.672731
27.25,33,12588.389255
28.041667,33,12589.039122
26.708333,33,12589.657963
27.75,33,12590.255578
5.75,7,12590.388933
2.791667,4,12590.488956
5.708333,7,12590.655622
5.708333,7,12590.805508
26.625,33,12591.407405
5.333333,7,12591.555348
27.333333,33,12592.171949
27.75,33,12592.788631
27.25,33,12593.405827
5.708333,7,12593.555218
26.208333,33,12594.138407
5.708333,7,12594.288486
27.791667,33,12594.904995
27.791667,33,12595.488229
27.833333,33,12596.071525
27.166667,33,12596.704811
27.166667,33,12597.338076
26.583333,33,12597.987986
5.708333,7,12598.136837
27.75,33,12598.769361
26.375,33,12599.371075
27.208333,33,12599.974935
27.25,33,12600.570995
26.666667,33,12601.187468
26.708333,33,12601.820775
27.541667,33,12603.955914
9.541667,11,12604.187121
9.625,11,12604.470403
27.291667,33,12605.103656
9.75,11,12605.322364
5.75,7,12605.472562
27.791667,33,12606.086808
5.75,7,12606.23691
26.5,33,12606.836369
26.583333,33,12607.436608
27.125,33,12608.053899
5.416667,7,12608.203241
27.333333,33,12608.836855
9.875,12,12609.074322
9.708333,11,12609.322351
5.708333,7,12609.470111
5.666667,7,12609.63807
5.666667,7,12609.802915
27.333333,33,12610.469199
5.708333,7,12610.621548
26.0,33,12611.202893
27.708333,33,12611.852749
26.791667,33,12612.469306
27.291667,33,12613.102604
26.666667,33,12613.735996
5.708333,7,12613.888276
5.708333,7,12614.038414
28.166667,33,12614.690328
26.666667,33,12615.302971
26.708333,33,12615.935539
26.708333,33,12616.60477
27.333333,33,12617.185587
2.75,4,12617.285375
27.125,33,12617.868557
26.583333,33,12618.457815
27.416667,33,12619.064271
5.666667,7,12619.211303
27.333333,33,12619.807952
5.666667,7,12619.945464
27.166667,33,12620.559496
26.541667,33,12621.174516
5.708333,7,12621.319082
26.708333,33,12621.915717
27.291667,33,12622.511618
27.875,33,12623.130755
27.25,33,12624.217471
27.25,33,12625.124938
27.208333,33,12625.77139
5.791667,7,12625.942971
5.583333,7,12626.103676
27.208333,33,12626.751581
27.875,33,12627.40869
26.5,33,12628.099041
27.958333,33,12628.733476
27.166667,33,12629.393826
27.416667,33,12630.032081
2.791667,4,12630.121112
27.208333,33,12630.732603
2.75,4,12630.827122
27.291667,33,12631.4983
2.75,4,12631.594013
9.875,12,12631.847023
27.291667,33,12632.472413
27.833333,33,12633.107472
28.0,33,12633.737434
26.625,33,12634.357473
5.666667,7,12634.503211
27.375,33,12635.164317
27.791667,33,12635.932094
27.25,33,12636.627159
26.541667,33,12637.296281
27.375,33,12637.969713
27.875,33,12638.590497
27.166667,33,12639.21528
27.125,33,12639.850723
27.833333,33,12640.475244
9.25,11,12640.69625
27.25,33,12641.312808
27.25,33,12641.950724
27.375,33,12642.580767
27.833333,33,12643.193052
26.25,33,12643.811016
27.291667,33,12646.103549
5.791667,7,12646.261888
26.541667,33,12646.893787
5.583333,7,12647.046444
9.75,11,12647.271997
9.666667,12,12647.520046
27.333333,33,12648.146857
27.333333,33,12648.793772
26.583333,33,12649.44232
27.375,33,12650.282554
27.125,33,12947.738747
5.75,7,12947.956494
27.333333,33,12948.961879
5.708333,7,12949.173854
26.916667,33,12950.049509
5.75,7,12950.207504
27.333333,33,12950.818902
27.208333,33,12951.367906
27.333333,33,12951.953019
27.291667,33,12952.990513
26.625,33,12953.756348
9.666667,11,12954.004108
27.208333,33,12954.754878
10.125,12,12955.076095
27.291667,33,12955.837218
26.541667,33,12956.556071
5.333333,7,12956.737874
27.333333,33,12957.473144
27.875,33,12958.188424
26.666667,33,12958.88684
26.666667,33,12959.605624
27.958333,33,12960.288038
9.5,11,12960.519932
5.791667,7,12960.669883
26.666667,33,12961.337341
5.75,7,12961.504541
26.583333,33,12962.172118
27.125,33,12962.856375
26.708333,33,12963.58602
27.333333,33,12964.27235
10.416667,12,12964.522601
26.708333,33,12965.184594
5.75,7,12965.35322
27.291667,33,12966.021828
27.291667,33,12966.753341
28.0,33,12967.421077
26.583333,33,12968.104892
27.291667,33,12968.819815
26.791667,33,12969.485832
27.291667,33,12970.132306
5.708333,7,12970.304845
27.333333,33,12970.990073
27.541667,33,12971.648465
27.291667,33,12972.239239
5.75,7,12972.388458
2.791667,4,12972.487292
5.708333,7,12972.652166
5.708333,7,12972.805319
27.375,33,12973.385173
26.583333,33,12973.984773
5.708333,7,12974.11837
27.166667,33,12974.701797
27.0,33,12975.304989
26.541667,33,12975.901764
27.208333,33,12976.518273
27.833333,33,12977.105154
9.666667,11,12977.318286
26.666667,33,12977.953454
27.375,33,12978.646519
2.791667,4,12978.753001
27.208333,33,12979.404488
9.875,12,12979.647097
27.333333,33,12980.243369
5.708333,7,12980.39727
9.625,11,12980.633825
9.666667,11,12980.850931
27.833333,33,12981.545016
9.541667,11,12981.750778
27.291667,33,12982.346015
27.208333,33,12982.957089
27.291667,33,12983.567838
2.791667,4,12983.65044
26.833333,33,12984.250535
27.25,33,12984.850431
27.708333,33,12986.735308
9.625,11,12986.951557
27.208333,33,12987.571336
27.375,33,12990.838842
9.583333,11,12991.049558
5.416667,7,12991.211462
2.791667,4,12991.301728
5.708333,7,12991.443783
26.666667,33,12992.066223
27.125,33,12992.684861
27.208333,33,12993.269235
27.291667,33,12993.91587
26.625,33,12994.549155
5.708333,7,12994.701658
27.833333,33,12995.282403
26.666667,33,12995.884641
27.291667,33,12996.531792
26.625,33,12997.119087
27.166667,33,12997.682038
27.875,33,12998.288508
26.666667,33,12998.8702
27.666667,33,12999.500817
26.791667,33,13000.098351
26.583333,33,13000.698287
27.208333,33,13001.314977
5.75,7,13001.468464
9.625,11,13001.681431
27.791667,33,13002.301519
27.25,33,13002.883473
26.791667,33,13003.481363
5.75,7,13003.631509
26.875,33,13004.232163
9.625,11,13004.464489
9.666667,11,13004.697842
9.625,11,13004.914407
27.291667,33,13005.514994
26.291667,33,13006.114419
27.375,33,13006.748428
5.75,7,13006.885983
26.125,33,13007.480743
9.583333,11,13007.720316
26.708333,33,13008.364025
27.125,33,13009.01805
9.666667,11,13009.24933
27.125,33,13009.863787
9.208333,11,13010.080431
26.625,33,13010.697213
27.083333,33,13011.300187
26.75,33,13011.915532
26.666667,33,13012.513406
10.541667,12,13012.758028
27.833333,33,13013.329932
27.875,33,13013.950405
9.625,11,13014.168598
26.583333,33,13014.733087
9.666667,11,13014.949707
27.625,33,13015.54648
27.208333,33,13016.146205
27.75,33,13016.74947
27.125,33,13017.349173
9.916667,12,13017.596045
5.75,7,13017.729352
28.166667,33,13018.345966
27.416667,33,13018.964395
5.75,7,13019.112453
9.625,11,13019.32938
26.541667,33,13019.949404
27.333333,33,13020.564467
26.666667,33,13021.196265
27.833333,33,13021.798692
9.666667,11,13022.012128
26.666667,33,13022.615459
5.708333,7,13022.761936
27.375,33,13023.345349
5.75,7,13023.481999
26.5,33,13024.102105
27.208333,33,13024.681811
27.208333,33,13025.265105
27.791667,33,13025.867506
26.708333,33,13026.481444
27.291667,33,13028.601433
27.291667,33,13029.209584
27.25,33,13029.811189
27.75,33,13030.402282
27.916667,33,13030.977631
26.583333,33,13031.595024
27.916667,33,13032.183112
5.75,7,13032.314337
10.333333,12,13032.56089
27.875,33,13033.160663
27.25,33,13033.743911
27.291667,33,13034.360675
26.666667,33,13034.963166
2.75,4,13035.060087
26.541667,33,13035.660358
27.375,33,13036.280437
27.666667,33,13036.899447
26.666667,33,13037.502535
25.625,33,13038.09531
27.208333,33,13038.758797
5.708333,7,13038.908522
27.166667,33,13039.530242
5.708333,7,13039.676536
9.708333,11,13039.905145
5.75,7,13040.04557
27.791667,33,13040.643658
27.208333,33,13041.246741
2.75,4,13041.331578
27.291667,33,13041.909682
27.25,33,13042.509476
27.375,33,13043.131272
27.208333,33,13043.742668
26.875,33,13044.359215
27.291667,33,13044.94467
5.75,7,13045.093573
27.125,33,13045.725706
5.708333,7,13045.875624
26.708333,33,13046.496152
27.208333,33,13047.093122
26.625,33,13047.711828
5.666667,7,13047.857778
5.833333,7,13047.992159
9.666667,11,13048.225452
27.833333,33,13048.87526
27.291667,33,13049.478955
10.666667,12,13049.717102
27.75,33,13050.329056
27.208333,33,13050.941747
26.666667,33,13051.525005
26.625,33,13052.12493
27.416667,33,13052.741431
5.708333,7,13052.895067
27.291667,33,13053.508214
27.291667,33,13054.097242
27.333333,33,13054.707925
27.416667,33,13055.311285
5.75,7,13055.444729
10.041667,12,13055.695116
27.75,33,13056.296764
27.291667,33,13056.874543
27.875,33,13057.44308
27.083333,33,13058.040712
5.708333,7,13058.190804
26.666667,33,13058.807433
27.833333,33,13059.428047
26.625,33,13060.0407
5.708333,7,13060.173887
27.291667,33,13060.757202
27.791667,33,13061.392355
27.333333,33,13061.990241
27.833333,33,13062.579494
5.708333,7,13062.723609
25.666667,33,13063.340195
26.625,33,13063.942166
26.833333,33,13064.524194
26.541667,33,13065.127011
27.333333,33,13065.693379
5.583333,7,13065.842014
5.75,7,13065.9732
5.708333,7,13066.106418
27.333333,33,13068.006022
27.458333,33,13068.667683
27.375,33,13069.30805
27.875,33,13069.942821
5.75,7,13070.092431
26.583333,33,13070.672501
2.833333,4,13070.772499
5.791667,7,13070.909199
27.375,33,13071.492567
5.708333,7,13071.638955
5.791667,7,13071.789017
27.25,33,13072.39495
27.291667,33,13072.988702
5.666667,7,13073.122168
2.75,4,13073.222099
27.333333,33,13073.855367
5.583333,7,13073.988734
5.833333,7,13074.142201
27.875,33,13074.725522
27.208333,33,13075.30513
27.25,33,13075.938447
27.333333,33,13076.577113
27.75,33,13077.188224
27.25,33,13077.809104
27.75,33,13078.438147
27.416667,33,13079.070917
9.75,12,13079.304611
5.75,7,13079.454591
5.708333,7,13079.593637
5.833333,7,13079.754555
28.208333,33,13080.358382
26.625,33,13080.95312
5.583333,7,13081.089868
27.333333,33,13081.704554
2.791667,4,13081.7913
5.708333,7,13081.937649
26.625,33,13082.542017
26.375,33,13083.170934
9.625,11,13083.392173
26.708333,33,13083.98956
5.75,7,13084.137277
5.458333,7,13084.286263
27.291667,33,13084.887389
5.75,7,13085.040691
26.666667,33,13085.720622
26.625,33,13086.307401
27.833333,33,13088.690892
27.333333,33,13089.336644
26.666667,33,13089.98679
5.75,7,13090.152797
5.708333,7,13090.302241
28.333333,33,13090.871729
27.291667,33,13091.469854
27.833333,33,13092.038288
28.0,33,13092.657179
27.833333,33,13093.269641
28.125,33,13093.886062
27.041667,33,13094.502741
27.875,33,13095.102556
27.375,33,13095.735885
26.833333,33,13096.352362
9.666667,11,13096.569039
5.375,7,13096.705966
26.291667,33,13097.30581
5.75,7,13097.452256
28.291667,33,13098.072292
26.916667,33,13098.685581
27.083333,33,13099.355869
26.75,33,13100.002139
27.208333,33,13100.605711
26.708333,33,13101.188845
26.625,33,13101.778332
27.416667,33,13102.418317
27.25,33,13103.018308
27.333333,33,13103.651492
26.625,33,13104.284692
26.75,33,13104.90131
9.625,11,13105.121576
26.541667,33,13105.701189
2.75,4,13105.784541
27.75,33,13106.390143
5.75,7,13106.521407
9.666667,11,13106.74241
27.875,33,13107.351019
26.708333,33,13107.94916
26.791667,33,13109.868844
5.666667,7,13110.033864
27.333333,33,13110.635166
2.75,4,13110.717269
9.666667,11,13110.921853
27.291667,33,13111.502715
27.791667,33,13112.084348
9.625,11,13112.300226
27.375,33,13112.916819
27.125,33,13113.566702
27.083333,33,13114.152664
27.291667,33,13114.756315
26.125,33,13115.369998
5.666667,7,13115.518713
27.125,33,13116.116443
26.875,33,13116.71633
5.708333,7,13116.870002
5.75,7,13117.017143
27.833333,33,13117.616409
26.583333,33,13118.234857
27.458333,33,13118.819773
27.333333,33,13119.419438
27.125,33,13120.031219
5.708333,7,13120.182628
27.25,33,13120.782443
5.75,7,13120.917834
27.125,33,13121.515778
2.791667,4,13121.61921
10.375,12,13121.849075
26.583333,33,13122.469105
27.375,33,13123.045067
26.583333,33,13123.706605
9.208333,11,13123.91947
9.583333,11,13124.165448
5.708333,7,13124.298663
26.916667,33,13124.89865
27.25,33,13125.501119
5.791667,7,13125.665449
9.708333,11,13125.881865
27.916667,33,13126.49843
27.625,33,13127.131736
27.25,33,13127.752347
2.75,4,13127.848215
26.166667,33,13128.464794
28.291667,33,13129.148636
26.208333,33,13129.748069
27.75,33,13130.368018
27.875,33,13130.997843
27.833333,33,13131.584765
26.5,33,13132.181003
27.333333,33,13132.747653
27.75,33,13133.364188
27.333333,33,13133.966446
18.125,23,13134.413412
27.166667,33,13135.01776
5.625,7,13135.166071
5.75,7,13135.314014
26.916667,33,13135.9138
9.708333,11,13136.13061
5.708333,7,13136.263762
26.75,33,13136.850508
27.083333,33,13137.452234
26.625,33,13138.030322
27.416667,33,13138.647035
27.125,33,13139.263429
27.25,33,13139.846816
26.666667,33,13140.446596
5.791667,7,13140.579945
27.333333,33,13141.198614
2.791667,4,13141.297044
27.041667,33,13141.883251
27.541667,33,13142.479792
27.291667,33,13143.085758
27.333333,33,13143.6812
28.333333,33,13144.300022
27.125,33,13144.863006
26.666667,33,13145.479537
27.291667,33,13146.079758
5.458333,7,13146.231105
27.333333,33,13146.849291
26.666667,33,13148.732409
26.875,33,13149.36223
26.708333,33,13150.032136
27.916667,33,13150.645253
9.583333,11,13150.862115
26.625,33,13151.428504
26.666667,33,13152.065327
9.541667,11,13152.295967
26.625,33,13152.903837
26.791667,33,13153.496967
27.333333,33,13154.078147
5.791667,7,13154.229413
26.666667,33,13154.844763
9.625,11,13155.061389
27.291667,33,13155.661314
26.583333,33,13156.263413
27.75,33,13156.844413
27.125,33,13157.461106
27.291667,33,13158.064673
5.708333,7,13158.248824
27.291667,33,13158.896025
2.541667,4,13158.977801
4.75,6,13159.104017
27.166667,33,13159.747319
27.333333,33,13160.343909
27.208333,33,13160.927238
27.25,33,13161.547514
27.208333,33,13162.127157
5.708333,7,13162.260423
27.416667,33,13162.909797
27.291667,33,13163.510362
27.25,33,13164.102407
10.625,12,13164.342326
27.958333,33,13164.945487
27.333333,33,13165.543271
27.291667,33,13166.143282
26.708333,33,13166.777923
27.291667,33,13167.363124
5.708333,7,13167.506229
27.875,33,13168.063759
27.458333,33,13168.664294
26.75,33,13169.259677
26.541667,33,13169.861678
27.25,33,13170.46353
27.25,33,13171.046684
27.291667,33,13171.660738
5.833333,7,13171.800519
26.791667,33,13172.396249
10.708333,12,13172.627773
27.291667,33,13173.225899
26.791667,33,13173.828751
27.75,33,13174.427574
27.833333,33,13175.008749
26.583333,33,13175.612022
27.333333,33,13176.227443
26.625,33,13176.81171
28.25,33,13177.410625
26.583333,33,13177.995521
27.25,33,13178.591547
26.625,33,13179.210327
26.666667,33,13179.824804
27.416667,33,13180.424794
5.708333,7,13180.561906
5.708333,7,13180.709957
27.833333,33,13181.295844
27.333333,33,13181.891081
9.791667,11,13182.111596
27.875,33,13182.740984
27.833333,33,13183.32422
26.625,33,13186.599401
27.041667,33,13187.207079
26.666667,33,13187.857188
27.791667,33,13188.47369
28.041667,33,13189.092359
27.25,33,13191.061037
27.291667,33,13191.656501
27.25,33,13192.277559
26.666667,33,13192.873031
27.375,33,13193.506437
27.083333,33,13194.139566
27.75,33,13194.755681
26.791667,33,13195.476909
26.708333,33,13196.106029
27.958333,33,13196.733327
26.708333,33,13197.365263
28.166667,33,13198.009341
27.791667,33,13198.692414
27.375,33,13199.299429
27.25,33,13199.973002
5.791667,7,13200.126395
27.333333,33,13200.70571
27.916667,33,13201.305293
5.75,7,13201.453337
2.625,4,13201.542351
9.625,11,13201.755464
27.166667,33,13202.361971
28.375,33,13202.955387
27.333333,33,13203.558492
26.125,33,13204.18859
26.625,33,13204.79188
26.875,33,13205.35472
27.166667,33,13205.958215
27.208333,33,13206.571266
27.125,33,13207.196089
27.416667,33,13207.773495
26.5,33,13208.399505
27.833333,33,13209.020954
27.333333,33,13209.637647
26.625,33,13210.259962
27.833333,33,13210.820447
5.75,7,13210.972786
26.083333,33,13211.540828
27.25,33,13212.211536
27.333333,33,13212.84081
5.708333,7,13212.986618
27.291667,33,13213.573811
27.25,33,13214.170274
27.791667,33,13214.786851
27.458333,33,13215.385736
27.833333,33,13215.970104
26.625,33,13216.572172
9.625,11,13216.792162
2.791667,4,13216.870102
5.833333,7,13217.003409
9.583333,11,13217.236582
5.583333,7,13217.369902
9.625,11,13217.603129
27.833333,33,13218.223326
27.291667,33,13218.828457
15.791667,20,13219.271651
26.666667,33,13220.006056
26.833333,33,13220.65267
5.666667,7,13220.802827
27.125,33,13221.402539
5.666667,7,13221.552181
9.583333,11,13221.786093
5.666667,7,13221.935923
27.166667,33,13222.519017
27.125,33,13223.102636
27.791667,33,13223.685247
9.125,11,13223.918933
27.416667,33,13224.520963
27.375,33,13225.11886
5.75,7,13225.276481
27.083333,33,13225.855838
27.875,33,13226.468879
27.875,33,13227.068672
27.25,33,13227.672077
27.291667,33,13228.344972
27.25,33,13228.968252
26.541667,33,13230.853469
27.0,33,13231.449465
5.708333,7,13231.588515
27.333333,33,13232.16793
26.916667,33,13232.788923
27.333333,33,13233.436301
5.791667,7,13233.600545
27.333333,33,13234.255376
5.708333,7,13234.404076
26.75,33,13235.042129
27.25,33,13235.669286
27.375,33,13236.349781
26.791667,33,13236.933476
9.625,11,13237.150539
27.166667,33,13237.75041
27.25,33,13238.384357
27.291667,33,13238.987216
27.708333,33,13239.583108
27.125,33,13240.216892
27.791667,33,13240.822343
27.0,33,13241.403472
26.5,33,13242.000033
26.666667,33,13242.599751
27.791667,33,13243.185385
27.875,33,13243.766401
27.791667,33,13244.382994
26.541667,33,13244.999575
9.666667,11,13245.216388
5.833333,7,13245.368297
27.791667,33,13245.945607
2.791667,4,13246.017955
5.75,7,13246.169622
27.875,33,13246.76548
26.666667,33,13247.352746
27.208333,33,13247.985975
27.916667,33,13248.569167
27.208333,33,13249.215695
27.583333,33,13249.834117
27.25,33,13250.482283
26.541667,33,13251.052452
27.208333,33,13251.651918
27.375,33,13252.285225
2.75,4,13252.368849
5.666667,7,13252.515204
27.25,33,13253.140785
27.25,33,13253.742671
9.625,11,13253.965086
27.291667,33,13254.583546
27.25,33,13255.1683
5.75,7,13255.316993
5.666667,7,13255.451669
5.708333,7,13255.597086
5.75,7,13255.733827
5.708333,7,13255.88481
27.875,33,13256.50176
27.25,33,13257.116886
4.541667,7,13257.266603
27.791667,33,13257.831114
5.75,7,13257.997878
9.5,11,13258.2146
27.25,33,13258.814453
26.625,33,13259.449938
27.291667,33,13260.064488
27.333333,33,13260.667998
26.666667,33,13261.264078
26.583333,33,13261.852302
9.333333,11,13262.064138
27.791667,33,13262.66387
26.5,33,13263.283845
5.791667,7,13263.414069
26.666667,33,13264.002635
27.833333,33,13264.598978
27.208333,33,13265.197088
27.5,33,13265.767392
27.208333,33,13266.346838
27.916667,33,13266.963485
9.583333,11,13267.230034
26.541667,33,13267.84642
5.708333,7,13268.016798
9.583333,11,13268.231611
2.791667,4,13268.329773
27.166667,33,13270.195008
27.125,33,13270.835213
26.5,33,13271.446171
28.291667,33,13272.016196
26.666667,33,13272.646309
27.333333,33,13273.262672
27.291667,33,13273.882758
27.375,33,13274.497925
27.375,33,13275.112274
27.291667,33,13275.695851
27.833333,33,13276.326967
27.833333,33,13276.913881
26.583333,33,13277.528505
5.708333,7,13277.678592
27.875,33,13278.261958
27.166667,33,13278.878364
27.25,33,13279.502881
5.708333,7,13279.645031
27.75,33,13280.244756
26.708333,33,13280.848651
2.791667,4,13280.931768
27.25,33,13281.528018
9.666667,11,13281.769388
9.666667,11,13281.981655
26.625,33,13282.577935
5.541667,7,13282.727898
27.333333,33,13283.311182
27.25,33,13283.929342
27.833333,33,13287.110225
27.791667,33,13287.677169
26.666667,33,13288.346872
27.833333,33,13288.943764
5.791667,7,13289.097676
27.291667,33,13289.710326
5.75,7,13289.843703
28.291667,33,13290.460152
2.833333,4,13290.543531
26.666667,33,13291.145464
26.583333,33,13291.759973
26.541667,33,13292.363514
5.708333,7,13292.509969
26.666667,33,13293.113587
27.833333,33,13293.709768
27.291667,33,13294.359666
27.291667,33,13294.959201
26.625,33,13295.542942
26.666667,33,13296.124735
27.416667,33,13296.709371
9.541667,11,13296.929828
11.416667,13,13297.207778
27.333333,33,13297.812855
27.291667,33,13298.425888
27.375,33,13299.025924
9.458333,11,13299.279319
27.791667,33,13299.862546
27.833333,33,13300.475798
26.833333,33,13301.077513
9.666667,11,13301.30988
27.333333,33,13301.924156
5.708333,7,13302.074862
5.625,7,13302.22402
27.25,33,13302.795287
26.583333,33,13303.408478
27.166667,33,13304.011736
27.083333,33,13304.611627
5.708333,7,13304.75838
27.5,33,13305.361478
5.75,7,13305.508282
25.666667,33,13306.124968
26.666667,33,13306.744838
26.541667,33,13307.344702
27.333333,33,13307.961514
27.333333,33,13308.578674
5.708333,7,13308.733602
27.25,33,13309.374461
27.291667,33,13309.99288
9.583333,11,13310.22442
26.666667,33,13312.026176
26.708333,33,13312.657917
5.75,7,13312.807251
26.25,33,13313.440505
27.875,33,13314.010444
26.666667,33,13314.643737
27.916667,33,13315.28986
27.333333,33,13315.877401
26.666667,33,13316.506786
28.0,33,13317.110106
27.875,33,13317.726841
5.625,7,13317.878831
27.291667,33,13318.506621
9.666667,11,13318.739834
5.791667,7,13318.909992
27.375,33,13319.539698
26.625,33,13320.139649
27.208333,33,13320.763315
26.958333,33,13321.442804
27.375,33,13322.055982
26.583333,33,13322.644866
2.791667,4,13322.739322
27.958333,33,13323.343152
27.25,33,13323.939085
2.791667,4,13324.027722
27.791667,33,13324.638976
28.333333,33,13325.238983
9.666667,11,13325.472296
27.333333,33,13326.075418
26.625,33,13326.674003
27.208333,33,13327.288692
5.541667,7,13327.438748
27.291667,33,13328.038537
5.791667,7,13328.207162
9.25,12,13328.458645
26.625,33,13329.05507
27.666667,33,13329.671805
27.375,33,13330.27159
27.166667,33,13330.89227
5.708333,7,13331.038313
27.208333,33,13331.638063
5.75,7,13331.788401
5.708333,7,13331.921407
27.375,33,13332.544745
27.625,33,13333.137857
27.208333,33,13333.77108
26.833333,33,13334.354609
27.875,33,13334.96049
26.875,33,13335.571259
27.25,33,13336.174526
27.458333,33,13336.807565
27.833333,33,13337.40775
26.625,33,13338.040289
27.708333,33,13338.637444
5.791667,7,13338.790904
27.208333,33,13339.390616
27.291667,33,13340.026448
26.666667,33,13340.67379
27.333333,33,13341.285811
27.833333,33,13341.903446
27.875,33,13342.518724
27.833333,33,13343.103422
27.833333,33,13343.703378
27.166667,33,13344.335176
27.291667,33,13344.969743
27.458333,33,13345.586374
26.25,33,13346.169552
9.375,11,13346.402935
26.25,33,13347.006587
26.833333,33,13347.619273
2.791667,4,13347.70612
27.291667,33,13348.304448
5.708333,7,13348.469172
9.708333,11,13348.725119
27.791667,33,13349.371471
5.833333,7,13349.535699
28.166667,33,13350.139065
27.166667,33,13351.92136
5.833333,7,13352.068749
26.75,33,13352.670624
27.25,33,13353.293709
5.75,7,13353.442161
27.791667,33,13354.055517
27.416667,33,13354.66902
28.0,33,13355.251661
26.833333,33,13355.868496
27.291667,33,13356.471957
27.333333,33,13357.068116
27.875,33,13357.65461
27.833333,33,13358.245493
26.666667,33,13358.846362
27.875,33,13359.451108
27.333333,33,13360.071121
9.625,11,13360.284304
5.833333,7,13360.419969
5.75,7,13360.588163
5.75,7,13360.717639
2.75,4,13360.817711
27.916667,33,13361.417597
25.541667,33,13362.037085
27.833333,33,13362.654226
26.666667,33,13363.253917
3.541667,5,13363.367216
27.375,33,13363.986963
27.416667,33,13364.600419
27.333333,33,13365.217102
5.75,7,13365.367041
26.541667,33,13365.955504
9.625,11,13366.169111
27.125,33,13366.770319
27.291667,33,13367.370376
26.666667,33,13367.985953
5.75,7,13368.144785
27.25,33,13368.766677
28.333333,33,13369.372142
26.541667,33,13370.003377
27.833333,33,13370.616269
5.791667,7,13370.766352
27.875,33,13371.369735
27.25,33,13371.99953
27.416667,33,13372.617768
9.583333,11,13372.840604
9.25,11,13373.0495
26.583333,33,13373.665993
9.625,11,13373.882555
27.208333,33,13374.502789
27.333333,33,13375.105329
27.125,33,13375.719322
27.291667,33,13376.352413
9.625,11,13376.582228
27.208333,33,13377.185852
26.708333,33,13377.798781
26.541667,33,13378.415271
26.708333,33,13378.998564
27.291667,33,13379.63499
5.75,7,13379.798471
26.875,33,13380.381771
27.291667,33,13380.969094
27.25,33,13381.58209
26.458333,33,13382.182527
27.916667,33,13385.834352
27.291667,33,13386.449661
27.208333,33,13387.114247
27.333333,33,13387.730847
26.291667,33,13388.349458
27.833333,33,13388.986315
27.541667,33,13389.630734
9.708333,11,13389.850709
5.75,7,13390.000296
26.541667,33,13390.619073
26.791667,33,13391.200181
27.291667,33,13391.822278
5.75,7,13391.968751
5.833333,7,13392.112342
5.791667,7,13392.266741
9.666667,11,13392.483627
27.25,33,13394.233436
5.75,7,13394.402336
27.333333,33,13395.016983
27.5,33,13395.666463
26.75,33,13396.279813
27.333333,33,13396.916522
26.541667,33,13397.529488
26.75,33,13398.128183
27.916667,33,13398.729421
27.75,33,13399.345864
5.75,7,13399.495783
27.416667,33,13400.09584
5.75,7,13400.262538
5.791667,7,13400.395895
27.041667,33,13401.049488
5.791667,7,13401.179326
27.375,33,13401.795681
26.666667,33,13402.382848
26.708333,33,13402.983099
27.291667,33,13403.628641
27.25,33,13404.262049
27.375,33,13404.907901
27.333333,33,13405.52841
26.166667,33,13406.148354
2.833333,4,13406.232194
27.291667,33,13406.828336
27.291667,33,13407.448426
27.375,33,13408.061405
26.583333,33,13408.663318
9.666667,11,13408.891695
5.708333,7,13409.028249
27.25,33,13409.634676
5.791667,7,13409.797335
2.75,4,13409.8962
9.625,11,13410.111166
27.416667,33,13410.711103
5.625,7,13410.864822
26.625,33,13411.477688
27.333333,33,13412.077668
5.791667,7,13412.225811
27.916667,33,13412.844206
27.791667,33,13413.427394
26.708333,33,13414.049671
2.791667,4,13414.13051
27.208333,33,13414.760813
5.75,7,13414.913525
9.666667,11,13415.12904
2.75,4,13415.210518
9.583333,11,13415.430141
27.25,33,13416.044248
27.833333,33,13416.630419
27.166667,33,13417.248761
27.333333,33,13417.830127
5.708333,7,13417.976719
5.75,7,13418.139217
27.833333,33,13418.745926
27.208333,33,13419.361403
27.25,33,13419.980089
27.125,33,13420.580452
27.291667,33,13421.176862
27.333333,33,13421.759898
27.208333,33,13422.365074
26.583333,33,13422.976139
27.291667,33,13423.57608
27.291667,33,13424.175989
5.791667,7,13424.312572
26.583333,33,13424.92592
27.291667,33,13425.548064
9.708333,11,13425.763631
5.708333,7,13425.90425
5.75,7,13426.045671
5.791667,7,13426.175626
27.291667,33,13426.780628
2.791667,4,13426.875573
5.791667,7,13427.012389
27.291667,33,13427.608867
17.041667,21,13428.045443
5.833333,7,13428.191615
27.25,33,13428.828721
26.708333,33,13429.462194
27.333333,33,13430.10865
5.75,7,13430.25842
27.333333,33,13430.858583
27.291667,33,13431.541707
9.666667,11,13431.758318
27.25,33,13432.374931
27.333333,33,13434.178076
9.583333,11,13434.406907
5.791667,7,13434.544977
13.791667,17,13434.87456
5.708333,7,13435.024464
5.75,7,13435.168489
27.875,33,13435.824554
27.791667,33,13436.427697
27.375,33,13437.007597
27.333333,33,13437.625375
27.958333,33,13438.240706
9.625,11,13438.444223
27.333333,33,13439.090724
27.916667,33,13439.694345
26.625,33,13440.386808
9.625,11,13440.607241
26.708333,33,13441.27738
26.666667,33,13441.893676
27.125,33,13442.52722
27.916667,33,13443.140229
9.583333,11,13443.356719
5.75,7,13443.506952
26.875,33,13444.106678
27.416667,33,13444.743141
27.291667,33,13445.37733
27.833333,33,13445.973171
27.25,33,13446.590269
2.833333,4,13446.672997
27.625,33,13447.2931
26.708333,33,13447.908123
27.875,33,13448.525016
26.583333,33,13449.162254
9.541667,11,13449.376508
26.666667,33,13450.022598
9.666667,11,13450.23952
5.75,7,13450.389231
9.458333,11,13450.627835
5.791667,7,13450.775887
27.833333,33,13451.375766
9.625,11,13451.593846
27.333333,33,13452.288865
26.666667,33,13452.909265
5.791667,7,13453.078716
27.875,33,13453.705446
5.791667,7,13453.843906
9.666667,11,13454.060741
5.75,7,13454.22991
27.375,33,13454.838554
5.791667,7,13454.995743
28.333333,33,13455.605305
5.458333,7,13455.742056
27.25,33,13456.358889
5.791667,7,13456.508105
27.708333,33,13457.140135
27.666667,33,13457.771621
27.208333,33,13458.388107
26.541667,33,13459.021338
27.333333,33,13459.654592
27.333333,33,13460.338047
27.291667,33,13460.954055
26.5,33,13461.571089
27.291667,33,13462.191828
11.791667,14,13462.474586
27.291667,33,13463.08761
5.708333,7,13463.241007
26.708333,33,13463.856341
27.916667,33,13464.457749
27.916667,33,13465.057503
5.708333,7,13465.207446
27.166667,33,13465.792471
5.833333,7,13465.953805
27.208333,33,13466.557311
27.333333,33,13467.153747
26.291667,33,13467.753577
27.25,33,13468.370199
27.291667,33,13468.973585
26.708333,33,13469.586735
28.25,33,13470.186685
26.5,33,13470.803205
27.208333,33,13471.4032
27.291667,33,13472.019633
27.333333,33,13472.639275
5.791667,7,13473.958785
27.25,33,13474.572882
27.291667,33,13475.172899
27.416667,33,13475.772938
9.625,11,13476.019216
27.958333,33,13476.646984
27.416667,33,13477.256947
26.666667,33,13477.868951
9.625,11,13478.089334
9.75,11,13478.308668
27.208333,33,13478.924712
5.75,7,13479.068737
26.583333,33,13479.70215
26.333333,33,13480.305272
27.875,33,13480.905475
9.625,11,13481.134099
27.208333,33,13481.706033
27.333333,33,13482.301726
27.875,33,13482.885001
27.291667,33,13483.503542
27.291667,33,13487.084392
27.375,33,13487.71054
9.708333,11,13487.987835
27.875,33,13488.637221
27.125,33,13489.239062
5.666667,7,13489.383991
27.875,33,13489.98952
5.791667,7,13490.15114
27.333333,33,13490.753944
27.208333,33,13491.320917
27.333333,33,13491.944504
26.625,33,13492.547792
5.791667,7,13492.683606
28.208333,33,13493.253798
28.0,33,13493.853567
26.666667,33,13494.468763
27.125,33,13495.039292
27.666667,33,13495.619941
27.083333,33,13496.221519
27.833333,33,13496.798488
27.333333,33,13497.399812
27.291667,33,13497.98293
27.375,33,13498.616253
28.208333,33,13499.1995
27.875,33,13499.849414
27.166667,33,13500.451321
2.791667,4,13500.5469
26.625,33,13501.14032
5.791667,7,13501.269453
5.75,7,13501.418132
26.708333,33,13502.019252
26.625,33,13502.601137
27.875,33,13503.184473
26.5,33,13503.785714
2.625,4,13503.865625
26.666667,33,13504.500306
27.875,33,13505.085776
5.75,7,13505.219199
27.416667,33,13505.831955
27.291667,33,13506.402398
27.333333,33,13507.047964
5.708333,7,13507.198244
5.708333,7,13507.335276
28.041667,33,13507.931639
26.791667,33,13508.54828
9.666667,11,13508.764974
27.291667,33,13509.397061
26.666667,33,13510.003677
27.375,33,13510.581455
5.791667,7,13510.731352
27.625,33,13511.319994
26.333333,33,13511.914994
26.625,33,13512.514442
27.833333,33,13513.118852
27.25,33,13513.767964
5.791667,7,13513.914232
26.666667,33,13514.513591
5.791667,7,13514.651033
9.625,11,13516.166397
5.791667,7,13516.330803
27.375,33,13516.932575
27.291667,33,13517.529276
27.291667,33,13518.146984
27.375,33,13518.782251
10.333333,12,13519.013458
5.791667,7,13519.179785
5.75,7,13519.317397
9.75,11,13519.530129
27.375,33,13520.163295
27.291667,33,13520.796627
27.291667,33,13521.400305
2.791667,4,13521.483602
27.291667,33,13522.100006
26.666667,33,13522.699998
9.416667,11,13522.934024
5.708333,7,13523.063201
27.291667,33,13523.64992
27.375,33,13524.249725
27.208333,33,13524.882908
27.375,33,13525.479371
27.291667,33,13526.079393
27.875,33,13526.662534
27.375,33,13527.262331
27.875,33,13527.862277
26.583333,33,13528.482409
5.75,7,13528.617877
26.75,33,13529.249035
27.25,33,13529.87874
9.5,11,13530.10025
26.833333,33,13530.678689
26.625,33,13531.302282
22.583333,27,13531.811862
27.583333,33,13532.394945
27.291667,33,13532.986196
27.75,33,13533.565042
11.5,13,13533.828207
27.208333,33,13534.444951
26.666667,33,13535.044697
2.791667,4,13535.128086
27.333333,33,13535.761224
27.375,33,13536.361243
5.708333,7,13536.511108
27.208333,33,13537.111238
2.75,4,13537.200268
27.125,33,13537.810943
26.833333,33,13538.414566
9.583333,11,13538.62761
27.333333,33,13539.210883
5.75,7,13539.362985
5.583333,7,13539.516121
27.875,33,13540.094986
27.291667,33,13540.665113
27.875,33,13541.277161
5.75,7,13541.429264
5.625,7,13541.577238
27.166667,33,13542.182843
25.708333,33,13542.76063
27.291667,33,13543.362195
9.625,11,13543.580657
27.291667,33,13544.202333
28.166667,33,13544.810123
9.541667,11,13545.026767
27.833333,33,13545.626659
27.333333,33,13546.247029
5.666667,7,13546.397057
2.75,4,13546.476588
26.583333,33,13547.09473
26.708333,33,13547.743222
27.833333,33,13548.361875
27.25,33,13548.995837
27.375,33,13549.593646
27.375,33,13550.228121
26.625,33,13550.859671
27.958333,33,13551.444714
5.791667,7,13551.579447
28.5,33,13552.209242
27.875,33,13552.828912
9.666667,11,13553.058542
27.333333,33,13553.642306
27.333333,33,13555.493954
26.708333,33,13556.108611
27.416667,33,13556.70865
26.833333,33,13557.328572
26.125,33,13557.928858
27.458333,33,13558.52491
26.833333,33,13559.158361
9.625,11,13559.391421
27.166667,33,13559.991389
27.333333,33,13560.607574
5.666667,7,13560.741398
27.25,33,13561.363055
11.25,13,13561.611446
2.833333,4,13561.69482
27.875,33,13562.294825
27.625,33,13562.907689
26.208333,33,13563.524864
27.291667,33,13564.157695
9.541667,11,13564.374185
27.208333,33,13564.961121
26.583333,33,13565.573594
9.75,11,13565.794406
26.625,33,13566.407398
27.333333,33,13566.993802
27.166667,33,13567.590373
26.166667,33,13568.244523
2.833333,4,13568.33925
27.083333,33,13568.911736
27.875,33,13569.510667
27.416667,33,13570.10671
26.625,33,13570.70679
27.833333,33,13571.306651
9.625,11,13571.526991
26.208333,33,13572.141621
27.333333,33,13572.74199
28.0,33,13573.343306
27.291667,33,13573.958705
27.916667,33,13574.572839
26.541667,33,13575.172793
27.166667,33,13575.759724
5.75,7,13575.906153
27.25,33,13576.505917
5.791667,7,13576.656031
27.791667,33,13577.257797
27.25,33,13577.859503
2.791667,4,13577.942836
26.833333,33,13578.542732
26.541667,33,13579.172298
27.916667,33,13579.738869
5.5,7,13579.905561
27.291667,33,13580.539086
27.291667,33,13581.15525
5.791667,7,13581.288687
5.708333,7,13581.442092
26.541667,33,13584.060616
5.75,7,13584.22169
27.25,33,13584.841365
27.083333,33,13585.489974
27.875,33,13586.088063
5.625,7,13586.238059
26.625,33,13586.80829
25.583333,33,13587.404699
27.125,33,13587.97129
2.75,4,13588.071328
27.291667,33,13588.770987
5.708333,7,13588.921063
26.666667,33,13589.52088
26.125,33,13590.124436
5.458333,7,13590.271153
26.875,33,13590.862977
27.375,33,13591.45409
27.791667,33,13592.066576
9.583333,11,13592.270667
9.666667,11,13592.487098
26.25,33,13593.090537
27.291667,33,13593.700417
27.833333,33,13594.320384
27.416667,33,13594.939079
5.75,7,13595.086908
5.625,7,13595.253497
10.333333,12,13595.490526
27.833333,33,13597.386557
27.291667,33,13597.986562
27.25,33,13598.623451
27.833333,33,13599.219756
27.916667,33,13599.821765
26.583333,33,13600.404968
27.375,33,13601.008232
5.791667,7,13601.15642
27.166667,33,13601.737978
26.625,33,13602.31924
5.791667,7,13602.471342
27.333333,33,13603.085305
27.208333,33,13603.685881
27.875,33,13604.285625
27.875,33,13604.88553
27.333333,33,13605.506203
5.666667,7,13605.644433
26.625,33,13606.252033
9.666667,11,13606.485319
27.333333,33,13607.0886
27.291667,33,13607.668499
2.791667,4,13607.751795
9.666667,11,13607.985218
9.25,12,13608.220575
5.75,7,13608.368377
27.916667,33,13608.970402
27.166667,33,13609.568416
27.375,33,13610.168274
27.625,33,13610.784791
27.333333,33,13611.388461
5.75,7,13611.542019
2.75,4,13611.621558
27.833333,33,13612.221239
27.25,33,13612.81795
27.125,33,13613.421247
27.291667,33,13613.987904
27.25,33,13614.604546
5.75,7,13614.750923
2.791667,4,13614.83519
9.541667,11,13615.042926
26.625,33,13615.64077
27.875,33,13616.239995
9.625,11,13616.465592
26.708333,33,13617.052632
27.416667,33,13617.670379
27.333333,33,13618.287246
5.625,7,13618.437778
5.625,7,13618.570755
27.833333,33,13619.18319
27.291667,33,13619.787053
27.375,33,13620.366856
9.333333,11,13620.583583
27.75,33,13621.185866
26.625,33,13621.783282
26.791667,33,13622.383467
26.708333,33,13623.019723
27.25,33,13623.616427
27.25,33,13624.216326
27.791667,33,13624.799724
9.625,11,13625.016302
27.625,33,13625.619883
27.333333,33,13626.216121
5.75,7,13626.365464
9.583333,11,13626.584941
26.666667,33,13627.149458
9.666667,11,13627.369361
28.291667,33,13627.949343
27.291667,33,13628.55264
2.75,4,13628.640328
5.791667,7,13628.769184
27.25,33,13629.399273
27.875,33,13629.987349
27.25,33,13630.598875
28.0,33,13631.200121
27.458333,33,13631.815368
5.625,7,13631.96544
26.166667,33,13632.565315
27.875,33,13633.187114
27.291667,33,13633.815061
27.25,33,13634.435303
27.791667,33,13636.431521
27.916667,33,13637.040886
5.5,7,13637.181236
27.25,33,13637.783301
27.333333,33,13638.397725
27.833333,33,13638.997774
9.625,11,13639.238553
5.791667,7,13639.397577
26.666667,33,13640.001526
5.458333,7,13640.133192
27.916667,33,13640.749803
26.625,33,13641.387874
5.833333,7,13641.530807
27.375,33,13642.133175
27.833333,33,13642.746735
27.208333,33,13643.347061
27.291667,33,13643.948653
27.208333,33,13644.550358
5.791667,7,13644.697127
27.875,33,13645.296832
28.333333,33,13645.913391
5.833333,7,13646.048627
27.833333,33,13646.663304
5.833333,7,13646.813388
2.75,4,13646.896896
9.708333,11,13647.113347
27.333333,33,13647.702097
27.333333,33,13648.3133
27.333333,33,13648.913059
27.25,33,13649.513054
27.333333,33,13650.115025
27.875,33,13650.746271
27.333333,33,13651.362823
27.25,33,13651.966472
5.791667,7,13652.099857
10.458333,12,13652.348936
26.541667,33,13652.929238
2.791667,4,13653.029744
26.75,33,13653.612523
26.583333,33,13654.229075
9.666667,11,13654.464016
27.833333,33,13655.04917
27.291667,33,13655.633214
2.791667,4,13655.715743
9.625,11,13655.932412
27.833333,33,13656.543319
2.75,4,13656.631706
27.916667,33,13657.228575
5.708333,7,13657.365563
26.666667,33,13657.978606
5.666667,7,13658.130874
26.666667,33,13658.732067
27.791667,33,13659.313665
27.458333,33,13659.91501
27.291667,33,13660.482066
26.791667,33,13661.061518
27.208333,33,13661.716749
27.416667,33,13662.311193
27.833333,33,13662.911212
26.666667,33,13663.530206
5.625,7,13663.694087
26.916667,33,13664.280044
26.583333,33,13664.848069
9.625,11,13665.064261
27.125,33,13665.660913
27.958333,33,13666.260781
27.333333,33,13666.844062
27.791667,33,13667.448442
5.791667,7,13667.605844
27.916667,33,13668.211394
27.333333,33,13668.829296
2.75,4,13668.929004
26.625,33,13669.528528
5.708333,7,13669.679015
27.166667,33,13670.260451
27.25,33,13670.876978
26.541667,33,13671.496555
26.541667,33,13672.113643
27.875,33,13672.702093
27.833333,33,13673.280341
27.833333,33,13673.8654
5.75,7,13675.395758
27.166667,33,13676.02139
26.708333,33,13676.62616
5.75,7,13676.778371
27.291667,33,13677.379438
27.875,33,13677.944805
5.708333,7,13678.124333
27.166667,33,13678.713778
27.375,33,13679.2983
27.416667,33,13679.875615
26.791667,33,13680.492128
27.375,33,13683.375242
27.666667,33,13683.991672
27.333333,33,13684.644335
5.708333,7,13684.810651
26.625,33,13685.411607
2.833333,4,13685.491681
26.833333,33,13686.093548
27.541667,33,13686.674753
27.875,33,13687.308256
27.875,33,13687.958905
5.708333,7,13688.094751
2.833333,4,13688.178263
26.666667,33,13688.757871
26.625,33,13689.40777
26.833333,33,13690.044784
27.916667,33,13690.643574
28.125,33,13691.2439
26.458333,33,13691.857429
27.833333,33,13692.457359
9.666667,11,13692.689355
9.583333,11,13692.906827
26.583333,33,13693.512177
2.75,4,13693.607865
27.291667,33,13694.223766
27.166667,33,13694.825247
5.75,7,13694.991187
26.916667,33,13695.6133
27.208333,33,13696.240105
26.625,33,13696.840031
27.375,33,13697.427119
28.0,33,13698.040003
27.166667,33,13698.610843
27.25,33,13699.223396
27.291667,33,13699.823535
27.791667,33,13700.476638
27.958333,33,13701.089545
27.291667,33,13701.706178
27.916667,33,13702.309544
26.75,33,13702.939246
26.625,33,13703.522687
27.833333,33,13704.105901
5.833333,7,13704.257233
26.833333,33,13704.889038
9.291667,12,13705.139012
5.625,7,13705.28905
9.5,11,13705.50561
5.75,7,13705.638852
27.375,33,13706.241962
27.458333,33,13706.838943
27.875,33,13707.441513
27.291667,33,13708.088535
26.791667,33,13708.690877
26.625,33,13709.322323
5.833333,7,13709.458774
5.791667,7,13709.58878
5.791667,7,13709.739988
5.791667,7,13709.873169
27.291667,33,13710.490324
26.583333,33,13711.091496
27.208333,33,13711.704882
5.75,7,13711.857249
27.25,33,13712.454806
27.375,33,13713.060246
28.333333,33,13713.62122
5.75,7,13713.754608
27.333333,33,13714.391197
5.75,7,13714.524681
5.708333,7,13714.671204
27.833333,33,13715.291284
5.75,7,13715.437917
5.708333,7,13715.574397
5.75,7,13715.719382
